{"ParametersFormatVersion": 3, "GateSweep": {"saveFileName": "GateSweep", "isFastSweep": false, "isAlternatingSweep": false, "pulsedMeasurementOnTime": 0, "pulsedMeasurementOffTime": 0, "stepsInVGSPerDirection": 50, "pointsPerVGS": 1, "complianceCurrent": 0.0001, "drainVoltageSetPoint": -0.5, "gateVoltageMinimum": -10, "gateVoltageMaximum": 10}, "BurnOut": {"saveFileName": "BurnOut", "pointsPerRamp": 50, "pointsPerHold": 50, "complianceCurrent": 0.002, "thresholdProportion": 0.8, "minimumAppliedDrainVoltage": 1.2, "gateVoltageSetPoint": 15.0, "drainVoltageMaxPoint": 10, "drainVoltagePlateaus": 10}, "AutoBurnOut": {"targetOnOffRatio": 300, "limitBurnOutsAllowed": 8, "limitOnOffRatioDegradation": 0.7}, "StaticBias": {"saveFileName": "StaticBias", "totalBiasTime": 21600, "measurementTime": 10, "complianceCurrent": 0.0001, "delayBeforeApplyingVoltage": 0, "delayBeforeMeasurementsBegin": 0, "gateVoltageSetPoint": 15, "drainVoltageSetPoint": -0.5, "gateVoltageWhenDone": 0, "drainVoltageWhenDone": 0}, "AutoGateSweep": {"numberOfSweeps": 5, "applyStaticBiasBetweenSweeps": false}, "AutoStaticBias": {"numberOfStaticBiases": 31, "applyGateSweepBetweenBiases": true, "firstDelayBeforeMeasurementsBegin": 0, "numberOfBiasesBetweenIncrements": 1, "incrementStaticGateVoltage": -1, "incrementStaticDrainVoltage": 0, "incrementGateVoltageWhenDone": 0, "incrementDrainVoltageWhenDone": 0, "incrementDelayBeforeReapplyingVoltage": 0, "shuffleDelaysBeforeReapplyingVoltage": false}, "DeviceHistory": {"showFiguresGenerated": true, "saveFiguresGenerated": true, "postFiguresGenerated": false, "plotGateSweeps": true, "plotBurnOuts": false, "plotStaticBias": true, "excludeDataBeforeJSONIndex": 0, "excludeDataAfterJSONIndex": 1e100, "excludeDataBeforeJSONExperimentNumber": 26, "excludeDataAfterJSONExperimentNumber": 28, "gateSweepDirection": "both", "showOnlySuccessfulBurns": false, "timescale": "", "plotInRealTime": true, "includeBiasVoltageSubplot": true},  "Results": {}, "SensorData": {}, "MeasurementSystem": "B2912A", "waferID": "Nick_18051551_TC", "chipID": "W", "deviceID": "59-60", "deviceRange": [], "dataFolder": "data/", "plotsFolder": "CurrentPlots/", "postFigures": true, "NPLC": 1, "runType": "GateSweep", "deviceDirectory": "data/Nick_18051551_TC/W/59-60/", "startIndexes": {"index": 0, "experimentNumber": 1}, "endIndexes": {"index": 1, "experimentNumber": 1}}
