 1512164335.817419, -8e-07, -5.918e-10, 15.0, 5.704e-09
1512164335.894932, 0.0204095, 5.647e-10, 15.0, 2.877e-09
1512164335.980482, 0.0408172, 3.8273e-10, 15.0, 2.083e-09
1512164336.058045, 0.0612239, 4.0647e-10, 15.0, 1.731e-09
1512164336.133137, 0.0816329, 1.096e-10, 15.0, 1.514e-09
1512164336.218428, 0.1020403, 5.4919e-10, 15.0, 1.325e-09
1512164336.293021, 0.1224493, 7.7553e-10, 15.0, 1.236e-09
1512164336.411575, 0.1428602, 1.20434e-09, 15.0, 1.079e-09
1512164336.489464, 0.1632677, 6.5579e-10, 15.0, 1.018e-09
1512164336.564606, 0.1836635, 2.29041e-09, 15.0, 9.57e-10
1512164336.639699, 0.2040774, 3.47594e-09, 15.0, 9.24e-10
1512164336.716488, 0.224498, 4.635e-09, 15.0, 8.91e-10
1512164336.801653, 0.244889, 4.44117e-09, 15.0, 8.84e-10
1512164336.916168, 0.265291, 5.28074e-09, 15.0, 8.14e-10
1512164337.029077, 0.285655, 1.00031e-08, 15.0, 7.67e-10
1512164337.0848918, 0.306051, 1.11556e-08, 15.0, 7.41e-10
1512164337.137751, 0.326514, 1.25172e-08, 15.0, 7.5e-10
1512164337.190583, 0.346927, 1.69313e-08, 15.0, 7.42e-10
1512164337.2432451, 0.367311, 2.25023e-08, 15.0, 7.09e-10
1512164337.296424, 0.387744, 2.5888e-08, 15.0, 7.07e-10
1512164337.364605, 0.408175, 2.53811e-08, 15.0, 6.86e-10
1512164337.4181209, 0.428533, 2.33143e-08, 15.0, 6.75e-10
1512164337.470766, 0.448973, 3.14207e-08, 15.0, 7.17e-10
1512164337.523547, 0.469381, 3.97949e-08, 15.0, 6.55e-10
1512164337.576212, 0.489801, 3.84047e-08, 15.0, 6.79e-10
1512164337.6289868, 0.510213, 4.30872e-08, 15.0, 6.44e-10
1512164337.6814878, 0.53062, 4.26124e-08, 15.0, 6.52e-10
1512164337.734134, 0.551033, 4.35096e-08, 15.0, 5.67e-10
1512164337.786965, 0.571408, 5.55404e-08, 15.0, 6.05e-10
1512164337.839607, 0.591879, 5.84886e-08, 15.0, 5.64e-10
1512164337.919461, 0.612282, 6.78042e-08, 15.0, 5.59e-10
1512164337.9724889, 0.632632, 6.44186e-08, 15.0, 5.85e-10
1512164338.0253189, 0.653052, 3.92877e-08, 15.0, 5.42e-10
1512164338.0782669, 0.673447, 6.2209e-08, 15.0, 5.68e-10
1512164338.1312242, 0.693885, 7.18678e-08, 15.0, 6.42e-10
1512164338.183935, 0.714231, 8.34007e-08, 15.0, 5.34e-10
1512164338.236947, 0.734911, 6.24843e-08, 15.0, 5.8e-10
1512164338.2984588, 0.75509, 1.02139e-07, 15.0, 5.52e-10
1512164338.370477, 0.775503, 9.6442e-08, 15.0, 5.49e-10
1512164338.4229782, 0.795905, 9.513e-08, 15.0, 5.5e-10
1512164338.4756951, 0.816313, 1.03603e-07, 15.0, 5.16e-10
1512164338.5283232, 0.836731, 1.05859e-07, 15.0, 5.09e-10
1512164338.580873, 0.857143, 1.2495e-07, 15.0, 5.11e-10
1512164338.633775, 0.877537, 1.25692e-07, 15.0, 5.21e-10
1512164338.6862268, 0.897979, 1.25891e-07, 15.0, 4.85e-10
1512164338.7388952, 0.918364, 1.32488e-07, 15.0, 5.16e-10
1512164338.791275, 0.938769, 1.39351e-07, 15.0, 4.97e-10
1512164338.843908, 0.959185, 1.5301e-07, 15.0, 4.81e-10
1512164338.9237561, 0.979588, 1.5942e-07, 15.0, 4.99e-10
1512164338.976181, 0.999985, 1.41167e-07, 15.0, 4.81e-10
1512164339.02478, 1.000004, 1.71598e-07, 15.0, 4.71e-10
1512164339.073602, 1.000019, 1.63206e-07, 15.0, 4.74e-10
1512164339.1226518, 1.000003, 1.47631e-07, 15.0, 5.12e-10
1512164339.1714072, 1.000022, 2.06871e-07, 15.0, 4.71e-10
1512164339.220046, 0.999992, 2.13849e-07, 15.0, 4.95e-10
1512164339.268692, 1.00001, 1.92692e-07, 15.0, 4.78e-10
1512164339.317651, 1.000015, 2.1592e-07, 15.0, 5.03e-10
1512164339.377554, 0.999999, 2.16594e-07, 15.0, 4.93e-10
1512164339.42736, 0.999989, 1.7975e-07, 15.0, 4.74e-10
1512164339.4761422, 1.00001, 1.74217e-07, 15.0, 4.57e-10
1512164339.52494, 1.000001, 2.12156e-07, 15.0, 4.52e-10
1512164339.57392, 1.000024, 2.09644e-07, 15.0, 4.55e-10
1512164339.622517, 1.000006, 1.76579e-07, 15.0, 4.66e-10
1512164339.6714199, 1.000005, 1.90708e-07, 15.0, 4.36e-10
1512164339.7200441, 1.000009, 2.36711e-07, 15.0, 4.37e-10
1512164339.7686589, 1.000011, 1.96146e-07, 15.0, 4.57e-10
1512164339.817492, 0.999998, 2.10006e-07, 15.0, 4.38e-10
1512164339.8680232, 0.999998, 1.82275e-07, 15.0, 4.32e-10
1512164339.916885, 1.000049, 2.51742e-07, 15.0, 4.31e-10
1512164339.966553, 0.999995, 2.31681e-07, 15.0, 4.27e-10
1512164340.015976, 1.000019, 2.42035e-07, 15.0, 4.52e-10
1512164340.0650969, 1.000003, 2.38484e-07, 15.0, 4.44e-10
1512164340.113444, 1.000005, 2.62816e-07, 15.0, 4.22e-10
1512164340.1622589, 0.999986, 2.70309e-07, 15.0, 4.58e-10
1512164340.210897, 0.999998, 2.64943e-07, 15.0, 4.42e-10
1512164340.259889, 0.99998, 2.99902e-07, 15.0, 4.35e-10
1512164340.308963, 0.999992, 2.53054e-07, 15.0, 4.22e-10
1512164340.3714392, 0.999985, 2.83222e-07, 15.0, 4.25e-10
1512164340.420226, 1.000006, 2.54641e-07, 15.0, 3.87e-10
1512164340.468978, 1.000002, 2.62894e-07, 15.0, 2.9e-10
1512164340.5179222, 0.999985, 2.30281e-07, 15.0, 3.02e-10
1512164340.5671191, 1.000008, 2.46737e-07, 15.0, 3.64e-10
1512164340.615851, 1.000026, 2.36065e-07, 15.0, 4.08e-10
1512164340.664862, 1.000013, 2.32838e-07, 15.0, 4.13e-10
1512164340.713731, 1.000019, 2.63253e-07, 15.0, 4.17e-10
1512164340.762483, 1.000027, 2.33923e-07, 15.0, 6.24e-10
1512164340.8109472, 1.000013, 2.49873e-07, 15.0, 4.45e-10
1512164340.859639, 1.000006, 2.3433e-07, 15.0, 4.29e-10
1512164340.935072, 1.000008, 2.56504e-07, 15.0, 3.89e-10
1512164340.983876, 0.999984, 2.26045e-07, 15.0, 4.04e-10
1512164341.032762, 1.000009, 2.12944e-07, 15.0, 4.12e-10
1512164341.081655, 0.99997, 1.94545e-07, 15.0, 4.33e-10
 1512164421.413951, -8e-07, -5.8121e-10, 15.0, 5.667e-09
1512164421.495105, 0.0204078, 5.9085e-10, 15.0, 2.798e-09
1512164421.563487, 0.0408132, 2.62004e-09, 15.0, 2.125e-09
1512164421.64219, 0.0612322, 2.69612e-09, 15.0, 1.709e-09
1512164421.7209852, 0.0816338, 5.03646e-09, 15.0, 1.497e-09
1512164421.799191, 0.1020441, 4.37593e-09, 15.0, 1.336e-09
1512164421.877503, 0.122444, 6.40414e-09, 15.0, 1.195e-09
1512164421.9703171, 0.1429034, 1.10206e-08, 15.0, 1.1e-09
1512164422.0316758, 0.1632582, 6.68538e-09, 15.0, 1.065e-09
1512164422.135482, 0.1836491, 7.3704e-09, 15.0, 9.63e-10
1512164422.22192, 0.2040733, 1.0695e-08, 15.0, 9.04e-10
1512164422.269747, 0.224486, 1.02353e-08, 15.0, 9.05e-10
1512164422.315934, 0.244893, 1.40581e-08, 15.0, 8.65e-10
1512164422.3619578, 0.2653, 2.00872e-08, 15.0, 8.19e-10
1512164422.408032, 0.285705, 2.09551e-08, 15.0, 8.21e-10
1512164422.476851, 0.30612, 2.35671e-08, 15.0, 8.06e-10
1512164422.523021, 0.326495, 1.6446e-08, 15.0, 7.88e-10
1512164422.572312, 0.346929, 2.2751e-08, 15.0, 7.65e-10
1512164422.6184251, 0.367345, 1.63308e-08, 15.0, 7.61e-10
1512164422.664599, 0.387757, 2.37326e-08, 15.0, 7.5e-10
1512164422.7112598, 0.408147, 2.65553e-08, 15.0, 7.39e-10
1512164422.757458, 0.428581, 2.58681e-08, 15.0, 7.14e-10
1512164422.8038049, 0.44901, 2.41219e-08, 15.0, 6.75e-10
1512164422.849823, 0.469375, 3.21999e-08, 15.0, 7e-10
1512164422.895978, 0.489822, 3.78926e-08, 15.0, 6.83e-10
1512164422.9609559, 0.510159, 4.04029e-08, 15.0, 6.95e-10
1512164423.007064, 0.530649, 4.69139e-08, 15.0, 6.65e-10
1512164423.053335, 0.551039, 5.27814e-08, 15.0, 6.64e-10
1512164423.099284, 0.571431, 5.87464e-08, 15.0, 6.34e-10
1512164423.1455638, 0.591855, 6.61098e-08, 15.0, 6.5e-10
1512164423.191603, 0.612229, 7.17222e-08, 15.0, 6.27e-10
1512164423.237899, 0.632517, 7.93328e-08, 15.0, 5.77e-10
1512164423.2837372, 0.653143, 8.65009e-08, 15.0, 5.92e-10
1512164423.3389492, 0.673475, 9.9985e-08, 15.0, 6.15e-10
1512164423.3848891, 0.693875, 1.00785e-07, 15.0, 5.65e-10
1512164423.430725, 0.714284, 1.10041e-07, 15.0, 5.75e-10
1512164423.499228, 0.7347, 1.03791e-07, 15.0, 5.81e-10
1512164423.545225, 0.755101, 1.33146e-07, 15.0, 5.8e-10
1512164423.593684, 0.775558, 1.78077e-07, 15.0, 5.83e-10
1512164423.6393979, 0.795933, 1.35503e-07, 15.0, 5.68e-10
1512164423.6855621, 0.816331, 1.67563e-07, 15.0, 5.44e-10
1512164423.73147, 0.836752, 2.03525e-07, 15.0, 5.36e-10
1512164423.777366, 0.857167, 2.35452e-07, 15.0, 5.37e-10
1512164423.823183, 0.877547, 2.23061e-07, 15.0, 5.52e-10
1512164423.8691242, 0.897974, 3.13391e-07, 15.0, 5.34e-10
1512164423.914968, 0.918375, 2.95188e-07, 15.0, 5.25e-10
1512164423.983339, 0.938747, 2.41067e-07, 15.0, 5.38e-10
1512164424.029564, 0.959173, 2.6587e-07, 15.0, 5.29e-10
1512164424.075368, 0.979594, 2.70425e-07, 15.0, 5.19e-10
1512164424.1211278, 0.999991, 4.00808e-07, 15.0, 4.94e-10
1512164424.1631548, 0.999965, 3.51972e-07, 15.0, 4.86e-10
1512164424.2050471, 0.999981, 2.72896e-07, 15.0, 5.02e-10
1512164424.2471402, 0.999995, 3.51469e-07, 15.0, 4.81e-10
1512164424.289068, 1.000054, 3.21278e-07, 15.0, 5.63e-10
1512164424.330945, 1.000005, 2.67022e-07, 15.0, 5.05e-10
1512164424.3732731, 0.999982, 3.02714e-07, 15.0, 4.83e-10
1512164424.415315, 0.999983, 2.71272e-07, 15.0, 5.56e-10
1512164424.4574451, 1.000006, 4.56668e-07, 15.0, 5.65e-10
1512164424.522521, 1.000036, 3.78934e-07, 15.0, 5.06e-10
1512164424.564734, 0.999963, 3.07663e-07, 15.0, 5.01e-10
1512164424.6069171, 0.999707, 5.63429e-07, 15.0, 5.22e-10
1512164424.648685, 0.999874, 4.26109e-07, 15.0, 4.34e-10
1512164424.690645, 0.999963, 4.09989e-07, 15.0, 4.91e-10
1512164424.732738, 1.00003, 3.80648e-07, 14.99999, 4.54e-10
1512164424.775061, 0.999988, 5.04741e-07, 15.0, 4.61e-10
1512164424.8171, 0.999942, 5.03689e-07, 15.0, 4.63e-10
1512164424.859122, 0.999977, 4.41596e-07, 15.0, 4.62e-10
1512164424.901081, 1.000017, 3.86269e-07, 15.0, 4.67e-10
1512164424.943128, 0.999901, 4.50176e-07, 15.0, 4.69e-10
1512164425.006001, 1.000057, 5.82546e-07, 15.0, 4.41e-10
1512164425.048347, 0.999961, 7.19739e-07, 15.0, 5.12e-10
1512164425.090528, 1.000004, 4.27981e-07, 15.0, 4.57e-10
1512164425.135427, 0.999956, 3.9263e-07, 15.0, 4.62e-10
1512164425.177589, 0.999993, 3.51525e-07, 15.0, 4.16e-10
1512164425.219799, 1.000037, 4.15551e-07, 15.0, 4.89e-10
1512164425.261971, 1.00017, 4.6101e-07, 14.99999, 4.58e-10
1512164425.303999, 0.999946, 4.74534e-07, 15.0, 4.12e-10
1512164425.346005, 1.0, 4.27731e-07, 15.0, 4.79e-10
1512164425.3882759, 0.999872, 3.86629e-07, 14.99999, 4.13e-10
1512164425.430431, 0.999926, 3.7866e-07, 15.0, 4.67e-10
1512164425.4726882, 0.999908, 5.02623e-07, 15.0, 4.59e-10
1512164425.5375202, 1.000027, 4.36412e-07, 15.0, 3.94e-10
1512164425.5797582, 0.99995, 4.70955e-07, 15.0, 4.17e-10
1512164425.6218722, 1.00006, 4.4768e-07, 15.0, 3.84e-10
1512164425.6637728, 0.999943, 3.60564e-07, 15.0, 4.24e-10
 1512164439.992526, -1.1e-06, -5.7707e-10, 15.0, 5.591e-09
1512164440.063403, 0.0204092, 9.0092e-10, 15.0, 2.92e-09
1512164440.1320362, 0.0408378, 4.61068e-09, 15.0, 2.191e-09
1512164440.210756, 0.0612136, 3.4382e-09, 15.0, 1.738e-09
1512164440.2794912, 0.081631, 6.7528e-09, 15.0, 1.531e-09
1512164440.383349, 0.1020337, 9.2271e-09, 15.0, 1.267e-09
1512164440.4453351, 0.1224439, 5.77634e-09, 15.0, 1.204e-09
1512164440.537149, 0.1428598, 6.5052e-09, 15.0, 1.064e-09
1512164440.583473, 0.1633107, 1.16461e-08, 15.0, 1.022e-09
1512164440.632116, 0.1836675, 1.15481e-08, 15.0, 9.76e-10
1512164440.678616, 0.2040806, 1.73633e-08, 15.0, 9.82e-10
1512164440.726936, 0.224426, 1.82969e-08, 15.0, 9.35e-10
1512164440.77364, 0.244863, 1.5643e-08, 15.0, 9.06e-10
1512164440.819871, 0.265312, 1.40011e-08, 15.0, 8.84e-10
1512164440.8666618, 0.285684, 2.29187e-08, 15.0, 8.21e-10
1512164440.9133382, 0.306089, 2.09577e-08, 15.0, 8.15e-10
1512164440.959826, 0.326461, 2.2052e-08, 15.0, 8.11e-10
1512164441.022967, 0.346886, 2.9359e-08, 15.0, 7.67e-10
1512164441.069408, 0.367303, 3.07033e-08, 15.0, 7.47e-10
1512164441.116122, 0.387806, 3.30251e-08, 15.0, 7.41e-10
1512164441.162687, 0.408225, 3.26021e-08, 15.0, 7.16e-10
1512164441.2093592, 0.428559, 4.31573e-08, 15.0, 7.01e-10
1512164441.255938, 0.44898, 3.11361e-08, 15.0, 6.53e-10
1512164441.3021572, 0.469365, 3.0634e-08, 15.0, 6.9e-10
1512164441.348543, 0.489822, 3.53198e-08, 15.0, 6.4e-10
1512164441.39517, 0.510225, 4.46062e-08, 15.0, 7.01e-10
1512164441.441754, 0.530597, 3.07854e-08, 15.0, 6.75e-10
1512164441.488093, 0.550998, 4.3116e-08, 15.0, 6.47e-10
1512164441.557565, 0.571384, 5.44766e-08, 15.0, 6.68e-10
1512164441.604002, 0.591866, 5.77253e-08, 15.0, 7.18e-10
1512164441.6526809, 0.612242, 5.44367e-08, 15.0, 6.24e-10
1512164441.698926, 0.632638, 6.6286e-08, 15.0, 7.02e-10
1512164441.792793, 0.653072, 7.3656e-08, 15.0, 5.8e-10
1512164441.838822, 0.673459, 8.9089e-08, 15.0, 5.68e-10
1512164441.884788, 0.693885, 9.0197e-08, 15.0, 5.84e-10
1512164441.931034, 0.714307, 1.1534e-07, 15.0, 5.49e-10
1512164441.977204, 0.734704, 1.03747e-07, 15.0, 5.57e-10
1512164442.041365, 0.755113, 9.5921e-08, 15.0, 5.45e-10
1512164442.08742, 0.77549, 1.46218e-07, 15.0, 5.57e-10
1512164442.133613, 0.795961, 1.46944e-07, 15.0, 5.27e-10
1512164442.179905, 0.816365, 1.59825e-07, 15.0, 5.4e-10
1512164442.226154, 0.836743, 1.79155e-07, 15.0, 5.23e-10
1512164442.272616, 0.857081, 1.32382e-07, 15.0, 5.36e-10
1512164442.318602, 0.877571, 1.637e-07, 15.0, 5.28e-10
1512164442.364974, 0.897956, 1.88254e-07, 15.0, 5.32e-10
1512164442.4111722, 0.91839, 2.0065e-07, 15.0, 5.17e-10
1512164442.4574459, 0.938763, 2.01386e-07, 15.0, 4.76e-10
1512164442.50352, 0.959198, 1.86695e-07, 15.0, 4.97e-10
1512164442.57273, 0.979582, 3.73485e-07, 15.0, 4.68e-10
1512164442.6189, 0.999971, 2.80178e-07, 15.0, 5.09e-10
1512164442.6634429, 1.000026, 3.31141e-07, 15.0, 4.9e-10
1512164442.7057412, 1.000035, 2.8836e-07, 15.0, 4.9e-10
1512164442.748446, 1.000029, 3.429e-07, 15.0, 5.19e-10
1512164442.791061, 1.000001, 3.22577e-07, 15.0, 4.83e-10
1512164442.833525, 1.000011, 3.05407e-07, 15.0, 4.68e-10
1512164442.876085, 0.999988, 3.42232e-07, 15.0, 4.34e-10
1512164442.918903, 0.99993, 3.24021e-07, 15.0, 5.09e-10
1512164442.961288, 0.999989, 4.13172e-07, 15.0, 4.56e-10
1512164443.003702, 1.000012, 2.86945e-07, 15.0, 5.02e-10
1512164443.056351, 0.999999, 4.04499e-07, 15.0, 4.08e-10
1512164443.098837, 1.000048, 5.49522e-07, 15.0, 4.67e-10
1512164443.141512, 1.000036, 3.5897e-07, 15.0, 5.04e-10
1512164443.186429, 0.999926, 3.9278e-07, 15.0, 4.62e-10
1512164443.228865, 0.999968, 5.18525e-07, 15.0, 4.72e-10
1512164443.2718349, 0.99997, 3.75632e-07, 15.0, 4.66e-10
1512164443.314005, 0.999977, 3.78958e-07, 15.0, 4.14e-10
1512164443.356371, 1.000041, 4.02322e-07, 15.0, 3.96e-10
1512164443.398922, 1.000002, 4.50008e-07, 15.0, 4.39e-10
1512164443.441306, 0.99998, 3.30012e-07, 15.0, 4.41e-10
1512164443.4838421, 0.999869, 4.29898e-07, 15.0, 4.89e-10
1512164443.526091, 1.000017, 3.47203e-07, 15.0, 4.21e-10
1512164443.5909069, 0.999987, 3.85202e-07, 15.0, 4.82e-10
1512164443.633404, 1.000011, 4.20064e-07, 15.0, 4.58e-10
1512164443.675628, 0.999975, 3.8481e-07, 15.0, 4.47e-10
1512164443.7177558, 0.999982, 3.45739e-07, 15.0, 4.46e-10
1512164443.759913, 0.999953, 3.81083e-07, 15.0, 4.57e-10
1512164443.8023198, 0.999966, 3.87652e-07, 15.0, 4.28e-10
1512164443.8446589, 0.99996, 3.89663e-07, 15.0, 3.7e-10
1512164443.887309, 0.999997, 3.71467e-07, 15.0, 3.67e-10
1512164443.929795, 0.999987, 3.2286e-07, 15.0, 3.98e-10
1512164443.972028, 0.999997, 3.40064e-07, 15.0, 4.2e-10
1512164444.014288, 0.999958, 4.29559e-07, 15.0, 4.64e-10
1512164444.075657, 1.000029, 4.22469e-07, 15.0, 4.01e-10
1512164444.1179578, 0.99994, 5.7632e-07, 15.0, 5.2e-10
1512164444.160196, 1.000027, 4.41842e-07, 15.0, 4.55e-10
1512164444.205151, 0.999992, 3.90402e-07, 15.0, 4.13e-10
1512164444.2475038, 1.000001, 4.25229e-07, 15.0, 3.6e-10
1512164444.2904289, 1.000038, 5.3752e-07, 15.0, 3.54e-10
1512164444.332779, 0.999963, 4.47001e-07, 15.0, 4.01e-10
1512164444.3750882, 1.000041, 4.42084e-07, 15.0, 3.48e-10
1512164444.41752, 1.000058, 6.47492e-07, 15.0, 4.66e-10
1512164444.4595158, 0.999975, 4.30898e-07, 15.0, 4.04e-10
1512164444.501838, 0.999938, 4.5362e-07, 15.0, 4.19e-10
1512164444.544107, 0.999921, 5.2532e-07, 15.0, 4e-10
1512164444.609731, 1.000037, 3.93862e-07, 15.0, 4.14e-10
1512164444.652352, 1.000075, 4.1719e-07, 15.0, 3.81e-10
1512164444.695198, 0.999982, 4.18969e-07, 15.0, 3.84e-10
1512164444.737464, 0.999946, 4.72234e-07, 15.0, 4.07e-10
1512164444.779959, 1.000045, 4.25387e-07, 15.0, 3.4e-10
1512164444.8223429, 1.000039, 4.08162e-07, 15.0, 3.74e-10
1512164444.86482, 1.00001, 3.72853e-07, 15.0, 3.73e-10
1512164444.9110022, 1.02047, 3.20767e-07, 15.0, 3.35e-10
 1512164453.874177, -1e-06, -5.6869e-10, 15.0, 5.56e-09
1512164453.9444852, 0.0204048, 1.70834e-09, 15.0, 2.879e-09
1512164454.012804, 0.0408107, 5.18874e-09, 15.0, 2.157e-09
1512164454.085545, 0.0612242, 4.5844e-09, 15.0, 1.708e-09
1512164454.147012, 0.0816272, 6.61164e-09, 15.0, 1.5e-09
1512164454.21948, 0.1020649, 1.21753e-08, 15.0, 1.301e-09
1512164454.265486, 0.122451, 1.16389e-08, 15.0, 1.25e-09
1512164454.311896, 0.1428436, 1.86297e-08, 15.0, 1.181e-09
1512164454.357814, 0.1632547, 1.87287e-08, 15.0, 1.096e-09
1512164454.4265091, 0.1836588, 2.00192e-08, 15.0, 1.021e-09
1512164454.4726741, 0.2040788, 2.22906e-08, 15.0, 9.85e-10
1512164454.522706, 0.224501, 1.89023e-08, 15.0, 9.89e-10
1512164454.568807, 0.244906, 2.60332e-08, 15.0, 9.26e-10
1512164454.614881, 0.2653, 3.57303e-08, 15.0, 8.23e-10
1512164454.6607208, 0.285743, 4.15752e-08, 15.0, 7.99e-10
1512164454.706662, 0.306134, 2.29055e-08, 15.0, 8.02e-10
1512164454.7526348, 0.32653, 2.73693e-08, 15.0, 7.94e-10
1512164454.79859, 0.346981, 3.88503e-08, 15.0, 7.47e-10
1512164454.8445911, 0.367368, 2.52882e-08, 15.0, 7.72e-10
1512164454.910687, 0.387775, 2.34468e-08, 15.0, 7.51e-10
1512164454.956754, 0.408098, 3.18829e-08, 15.0, 7.41e-10
1512164455.0038521, 0.4286, 2.79418e-08, 15.0, 6.81e-10
1512164455.049912, 0.449033, 3.97257e-08, 15.0, 7.2e-10
1512164455.0960739, 0.469363, 4.10636e-08, 15.0, 6.99e-10
1512164455.141957, 0.489787, 5.6126e-08, 15.0, 5.79e-10
1512164455.188114, 0.510269, 4.78778e-08, 15.0, 6.18e-10
1512164455.234089, 0.530488, 5.18942e-08, 15.0, 5.66e-10
1512164455.280864, 0.550993, 7.23163e-08, 15.0, 6.44e-10
1512164455.327184, 0.571438, 6.17599e-08, 15.0, 6.34e-10
1512164455.4134378, 0.591849, 9.0102e-08, 15.0, 5.97e-10
1512164455.477525, 0.612248, 7.41229e-08, 15.0, 5.6e-10
1512164455.534613, 0.632647, 9.7176e-08, 15.0, 5.59e-10
1512164455.619346, 0.653056, 1.26293e-07, 15.0, 5.46e-10
1512164455.665011, 0.673472, 1.63037e-07, 15.0, 5.72e-10
1512164455.7107399, 0.693856, 1.35734e-07, 15.0, 5.43e-10
1512164455.75662, 0.714275, 1.63341e-07, 15.0, 5.32e-10
1512164455.802635, 0.734719, 1.73214e-07, 15.0, 5.27e-10
1512164455.848293, 0.755109, 1.45178e-07, 15.0, 5.18e-10
1512164455.915933, 0.775499, 1.88306e-07, 15.0, 5.37e-10
1512164455.9618418, 0.79592, 1.54837e-07, 15.0, 5.07e-10
1512164456.00746, 0.816275, 1.539e-07, 15.0, 4.89e-10
1512164456.053046, 0.836754, 2.01688e-07, 15.0, 4.65e-10
1512164456.09895, 0.857153, 2.52283e-07, 15.0, 4.67e-10
1512164456.1452641, 0.877544, 2.4302e-07, 15.0, 4.86e-10
1512164456.190963, 0.897951, 3.73135e-07, 15.0, 4.55e-10
1512164456.236892, 0.918353, 3.40028e-07, 15.0, 4.62e-10
1512164456.282623, 0.93883, 3.58998e-07, 15.0, 4.52e-10
1512164456.328793, 0.959202, 3.25457e-07, 15.0, 4.57e-10
1512164456.374437, 0.979561, 4.41646e-07, 15.0, 4.68e-10
1512164456.442986, 0.999963, 3.78761e-07, 15.0, 4.61e-10
1512164456.485316, 1.000081, 5.0595e-07, 15.0, 3.82e-10
1512164456.5273259, 0.999989, 6.34915e-07, 15.0, 4.32e-10
1512164456.5879092, 0.999989, 5.2996e-07, 15.0, 4.81e-10
1512164456.6324742, 1.000179, 5.32581e-07, 15.0, 4.21e-10
1512164456.6747332, 0.999846, 5.48542e-07, 14.99999, 5.42e-10
1512164456.71678, 0.999822, 5.27346e-07, 15.0, 4.33e-10
1512164456.758593, 1.000104, 6.51732e-07, 15.0, 4.06e-10
1512164456.800548, 1.00001, 6.41443e-07, 15.0, 4.51e-10
1512164456.842897, 1.000026, 4.93451e-07, 15.0, 4.43e-10
1512164456.884727, 0.999769, 7.20515e-07, 15.0, 3.55e-10
1512164456.949792, 1.000192, 8.01831e-07, 15.0, 2.4e-10
1512164456.991727, 0.99993, 5.15547e-07, 15.0, 4.15e-10
1512164457.0336692, 1.000034, 7.10787e-07, 15.0, 4.19e-10
1512164457.075499, 0.999986, 6.38477e-07, 15.0, 3.57e-10
1512164457.117512, 0.999926, 7.59759e-07, 15.0, 3.8e-10
1512164457.1598258, 0.999959, 6.63556e-07, 14.99999, 4.48e-10
1512164457.2016242, 1.000119, 7.39548e-07, 15.0, 3.72e-10
1512164457.244589, 0.999985, 6.77149e-07, 15.0, 3.77e-10
1512164457.292425, 1.000118, 6.82673e-07, 15.0, 3.84e-10
1512164457.342922, 0.999886, 7.7818e-07, 14.99999, 4.3e-10
1512164457.384553, 0.999869, 5.79783e-07, 15.0, 4.32e-10
1512164457.4330869, 0.999811, 5.38506e-07, 15.0, 4.48e-10
 1512164500.503505, -7e-07, -5.7424e-10, 15.0, 5.615e-09
1512164500.5845919, 0.0204079, 4.6217e-10, 15.0, 2.765e-09
1512164500.652729, 0.0408186, 5.712e-10, 15.0, 2.073e-09
1512164500.7208881, 0.0612252, 1.45667e-09, 15.0, 1.751e-09
1512164500.799413, 0.0816358, 1.94402e-09, 15.0, 1.496e-09
1512164500.867342, 0.1020571, 1.71497e-09, 15.0, 1.342e-09
1512164500.945908, 0.1224472, 7.8577e-10, 15.0, 1.228e-09
1512164501.047199, 0.142868, 6.71865e-09, 15.0, 1.088e-09
1512164501.1154718, 0.1632671, 3.09239e-09, 15.0, 1.033e-09
1512164501.1965299, 0.1836779, 6.56074e-09, 15.0, 9.45e-10
1512164501.269012, 0.2040647, 1.62315e-08, 15.0, 9.17e-10
1512164501.316813, 0.224476, 1.70328e-08, 15.0, 9.2e-10
1512164501.362932, 0.244871, 1.56128e-08, 15.0, 8.77e-10
1512164501.4091818, 0.265315, 1.31362e-08, 15.0, 7.99e-10
1512164501.455104, 0.285685, 1.8057e-08, 15.0, 8.09e-10
1512164501.501107, 0.306136, 1.73618e-08, 15.0, 8.12e-10
1512164501.569716, 0.326516, 1.78007e-08, 15.0, 7.58e-10
1512164501.61571, 0.346916, 1.80329e-08, 15.0, 7.33e-10
1512164501.664334, 0.367327, 2.46528e-08, 15.0, 8.03e-10
1512164501.710134, 0.387761, 2.08253e-08, 15.0, 7.36e-10
1512164501.756181, 0.408106, 3.00371e-08, 15.0, 7.27e-10
1512164501.802088, 0.428496, 3.26628e-08, 15.0, 6.86e-10
1512164501.84791, 0.449049, 3.75174e-08, 15.0, 6.72e-10
1512164501.893939, 0.469401, 3.84687e-08, 15.0, 6.54e-10
1512164501.939785, 0.489836, 4.61896e-08, 15.0, 6.69e-10
1512164501.986051, 0.510128, 5.72218e-08, 15.0, 6.49e-10
1512164502.053931, 0.530614, 7.83165e-08, 15.0, 6.58e-10
1512164502.09984, 0.550963, 7.69929e-08, 15.0, 6.28e-10
1512164502.145663, 0.571464, 8.48616e-08, 15.0, 5.79e-10
1512164502.200671, 0.591837, 8.8076e-08, 15.0, 6.12e-10
1512164502.286446, 0.612257, 1.10719e-07, 15.0, 6.21e-10
1512164502.332116, 0.632664, 1.47643e-07, 15.0, 5.85e-10
1512164502.377954, 0.653043, 1.1952e-07, 15.0, 5.68e-10
1512164502.423777, 0.673439, 1.41905e-07, 15.0, 5.55e-10
1512164502.469554, 0.693914, 1.91028e-07, 15.0, 5.35e-10
1512164502.515198, 0.714267, 1.67116e-07, 15.0, 5.79e-10
1512164502.5837498, 0.734715, 2.24063e-07, 15.0, 5.67e-10
1512164502.629534, 0.755111, 1.39874e-07, 15.0, 5.35e-10
1512164502.678417, 0.775425, 2.70003e-07, 14.99999, 5.48e-10
1512164502.723976, 0.795893, 3.14436e-07, 15.0, 5.18e-10
1512164502.7697542, 0.816351, 3.40848e-07, 15.0, 5e-10
1512164502.815959, 0.83676, 2.39971e-07, 15.0, 5.01e-10
1512164502.861769, 0.85715, 4.08705e-07, 15.0, 5.54e-10
1512164502.907582, 0.877583, 3.32143e-07, 15.0, 4.69e-10
1512164502.953254, 0.897941, 3.01177e-07, 15.0, 4.57e-10
1512164502.999433, 0.918274, 4.07841e-07, 15.0, 5.09e-10
1512164503.06718, 0.938803, 4.92393e-07, 15.0, 5.34e-10
1512164503.1131608, 0.959383, 4.5547e-07, 15.0, 4.42e-10
1512164503.159111, 0.979428, 5.92508e-07, 15.0, 5.08e-10
1512164503.204881, 1.000027, 4.37445e-07, 15.0, 5.61e-10
1512164503.2468429, 1.000029, 6.36839e-07, 15.0, 3.86e-10
1512164503.2889442, 1.000039, 6.49346e-07, 15.0, 4.88e-10
1512164503.330818, 1.000233, 6.75576e-07, 15.0, 3.52e-10
1512164503.372719, 1.000165, 7.59512e-07, 15.0, 4.25e-10
1512164503.4153411, 0.999987, 4.41366e-07, 15.0, 4.91e-10
1512164503.4571772, 0.999972, 5.26991e-07, 15.0, 4.79e-10
1512164503.4991739, 0.999984, 6.0987e-07, 15.0, 3.95e-10
1512164503.541193, 0.999956, 4.81714e-07, 15.0, 4.29e-10
1512164503.6060438, 0.999911, 5.03708e-07, 15.0, 4.62e-10
1512164503.648511, 0.999842, 5.58019e-07, 14.99999, 5.12e-10
1512164503.6908019, 0.999894, 7.98235e-07, 15.0, 4.95e-10
1512164503.732705, 1.000003, 6.39189e-07, 15.0, 4.67e-10
1512164503.774583, 0.999989, 7.21524e-07, 15.0, 4.71e-10
1512164503.8165278, 1.00001, 5.13697e-07, 15.0, 4.84e-10
1512164503.858282, 0.999864, 8.47531e-07, 15.0, 4.75e-10
1512164503.908637, 1.000033, 5.90378e-07, 15.0, 5.52e-10
1512164503.958731, 0.999999, 5.8685e-07, 15.0, 4.13e-10
1512164504.001208, 1.000114, 7.52816e-07, 15.0, 3.85e-10
1512164504.043332, 0.999867, 6.67193e-07, 15.0, 3.86e-10
1512164504.108387, 1.000029, 6.93226e-07, 15.0, 5.21e-10
1512164504.1503701, 0.99988, 6.19691e-07, 15.0, 4.54e-10
1512164504.192548, 0.999966, 7.50427e-07, 15.0, 3.83e-10
1512164504.235015, 0.999973, 9.24737e-07, 15.0, 4.27e-10
1512164504.277148, 0.999887, 8.96787e-07, 15.0, 5.25e-10
1512164504.327701, 1.000006, 8.4328e-07, 15.0, 4.47e-10
1512164504.372441, 1.000034, 7.22314e-07, 15.0, 3.59e-10
1512164504.422773, 0.999906, 7.09575e-07, 15.0, 4.54e-10
1512164504.4647338, 0.999868, 8.04975e-07, 15.0, 3.89e-10
1512164504.506748, 0.999968, 5.0446e-07, 15.0, 5.25e-10
 1512164555.604942, -7e-07, -5.7634e-10, 15.0, 5.582e-09
1512164555.675692, 0.0202018, -2.9356e-10, 15.0, 2.933e-09
1512164555.7544599, 0.0404044, 3.2774e-10, 15.0, 2.103e-09
1512164555.8227048, 0.0606092, 1.0362e-10, 15.0, 1.76e-09
1512164555.901275, 0.0808154, 3.7198e-10, 15.0, 1.529e-09
1512164555.9798532, 0.1010091, 4.2654e-10, 15.0, 1.336e-09
1512164556.058443, 0.121204, 1.40188e-09, 15.0, 1.193e-09
1512164556.1586199, 0.1414139, 2.01668e-09, 15.0, 1.084e-09
1512164556.226739, 0.1616214, 2.91519e-09, 15.0, 1.019e-09
1512164556.295157, 0.1818253, 1.67873e-09, 15.0, 9.54e-10
1512164556.363295, 0.2020146, 2.86106e-09, 15.0, 9.28e-10
1512164556.4436648, 0.222224, 2.11514e-09, 15.0, 8.71e-10
1512164556.521913, 0.24243, 2.66677e-09, 15.0, 8.4e-10
1512164556.6001012, 0.262633, 2.48817e-09, 15.0, 8.28e-10
1512164556.690506, 0.282812, 6.11358e-09, 15.0, 7.65e-10
1512164556.75858, 0.303031, 5.0441e-09, 15.0, 7.66e-10
1512164556.830834, 0.323238, 1.05186e-08, 15.0, 7.43e-10
1512164556.876713, 0.343429, 1.22149e-08, 15.0, 7.38e-10
1512164556.9229288, 0.363661, 1.48686e-08, 15.0, 7.12e-10
1512164556.968792, 0.383808, 2.48764e-08, 15.0, 6.99e-10
1512164557.0147939, 0.404075, 1.56697e-08, 15.0, 6.94e-10
1512164557.061017, 0.424243, 1.57295e-08, 15.0, 6.49e-10
1512164557.106899, 0.44447, 1.41597e-08, 15.0, 6.43e-10
1512164557.1759748, 0.464619, 3.37145e-08, 15.0, 6.39e-10
1512164557.221911, 0.484926, 1.89003e-08, 15.0, 6.32e-10
1512164557.270674, 0.505061, 2.48578e-08, 15.0, 6.57e-10
1512164557.316737, 0.525265, 2.53026e-08, 15.0, 6.27e-10
1512164557.362823, 0.545467, 2.82572e-08, 15.0, 6.33e-10
1512164557.40877, 0.565642, 3.62055e-08, 15.0, 6e-10
1512164557.454665, 0.585844, 2.91049e-08, 15.0, 5.76e-10
1512164557.500499, 0.606049, 3.22406e-08, 15.0, 5.92e-10
1512164557.5463738, 0.626282, 4.03719e-08, 15.0, 6.09e-10
1512164557.5923321, 0.646479, 3.54089e-08, 15.0, 5.77e-10
1512164557.6606998, 0.666547, 5.38025e-08, 15.0, 5.68e-10
1512164557.7068841, 0.68689, 5.96334e-08, 15.0, 5.93e-10
1512164557.7528908, 0.706989, 7.4008e-08, 15.0, 5e-10
1512164557.798829, 0.727132, 7.40351e-08, 15.0, 5.23e-10
1512164557.844741, 0.747497, 7.73004e-08, 15.0, 4.95e-10
1512164557.89073, 0.767638, 8.32198e-08, 15.0, 5.69e-10
1512164557.945295, 0.787865, 1.18937e-07, 15.0, 5.31e-10
1512164557.9906518, 0.808092, 1.12775e-07, 15.0, 5.27e-10
1512164558.03633, 0.828279, 1.2925e-07, 15.0, 5.17e-10
1512164558.082117, 0.848472, 1.28026e-07, 15.0, 5.14e-10
1512164558.1278012, 0.868667, 1.51701e-07, 15.0, 5.27e-10
1512164558.196897, 0.888877, 1.38739e-07, 15.0, 5.38e-10
1512164558.242378, 0.909088, 1.77858e-07, 15.0, 4.83e-10
1512164558.290571, 0.929297, 1.10412e-07, 15.0, 4.95e-10
1512164558.336262, 0.949481, 1.32216e-07, 15.0, 5.02e-10
1512164558.382435, 0.969715, 1.51212e-07, 15.0, 4.93e-10
1512164558.428229, 0.989907, 1.63649e-07, 15.0, 4.7e-10
1512164558.474017, 1.010109, 2.41924e-07, 15.0, 5.03e-10
1512164558.519634, 1.030307, 2.7386e-07, 15.0, 4.89e-10
1512164558.5653179, 1.050537, 2.30004e-07, 15.0, 4.8e-10
1512164558.611019, 1.070698, 2.43692e-07, 15.0, 4.99e-10
1512164558.656536, 1.090899, 2.25001e-07, 15.0, 4.88e-10
1512164558.7509031, 1.111106, 2.53854e-07, 15.0, 4.83e-10
1512164558.796632, 1.131304, 2.93995e-07, 15.0, 4.92e-10
1512164558.842361, 1.151515, 3.45912e-07, 15.0, 4.68e-10
1512164558.888341, 1.171699, 3.86796e-07, 15.0, 4.42e-10
1512164558.934128, 1.19192, 3.38073e-07, 15.0, 4.26e-10
1512164558.980175, 1.212093, 3.01068e-07, 15.0, 4.5e-10
1512164559.025853, 1.232289, 3.14572e-07, 15.0, 4.7e-10
1512164559.0717561, 1.252526, 3.238e-07, 15.0, 4.61e-10
1512164559.117625, 1.272757, 3.43149e-07, 15.0, 4.65e-10
1512164559.204011, 1.292867, 3.88832e-07, 15.0, 4.44e-10
1512164559.249857, 1.31311, 3.98095e-07, 15.0, 4.37e-10
1512164559.295906, 1.33338, 4.97692e-07, 15.0, 4.93e-10
1512164559.3415868, 1.353499, 5.04492e-07, 15.0, 4.46e-10
1512164559.3875232, 1.373742, 4.80726e-07, 15.0, 4.4e-10
1512164559.433202, 1.393883, 4.75366e-07, 15.0, 3.75e-10
1512164559.4789069, 1.413975, 5.08403e-07, 15.0, 4.56e-10
1512164559.5245068, 1.434271, 5.77748e-07, 15.0, 3.52e-10
1512164559.570071, 1.454431, 7.41584e-07, 15.0, 4.91e-10
1512164559.616103, 1.474799, 7.45745e-07, 15.0, 5.06e-10
1512164559.661825, 1.495087, 6.5119e-07, 15.0, 4.14e-10
1512164559.760903, 1.51515, 8.4324e-07, 15.0, 4.17e-10
1512164559.8111339, 1.535326, 8.83942e-07, 15.0, 3.87e-10
1512164559.86528, 1.555564, 9.2181e-07, 15.0, 3.94e-10
1512164559.9112582, 1.575771, 8.4148e-07, 15.0, 4.15e-10
1512164559.9571898, 1.595959, 7.2567e-07, 15.0, 3.89e-10
1512164560.00322, 1.616176, 1.42277e-06, 15.0, 4.1e-10
1512164560.0491, 1.636359, 1.33953e-06, 15.0, 4.11e-10
1512164560.095165, 1.656589, 1.28799e-06, 15.0, 4.02e-10
1512164560.1410382, 1.676749, 1.4187e-06, 15.0, 3.96e-10
1512164560.244732, 1.697002, 1.42999e-06, 15.0, 3.85e-10
1512164560.310099, 1.717156, 1.21461e-06, 15.0, 3.76e-10
1512164560.3561301, 1.737392, 1.17377e-06, 15.0, 3.87e-10
1512164560.402404, 1.757552, 1.19675e-06, 15.0, 3.75e-10
1512164560.448749, 1.77781, 1.44701e-06, 15.0, 3.75e-10
1512164560.494941, 1.798011, 1.94103e-06, 15.0, 3.75e-10
1512164560.540971, 1.818185, 1.71104e-06, 15.0, 3.73e-10
1512164560.587178, 1.838404, 2.19132e-06, 15.0, 3.95e-10
1512164560.633235, 1.858568, 2.10182e-06, 15.0, 3.61e-10
1512164560.694377, 1.87878, 2.06872e-06, 15.0, 3.82e-10
1512164560.740261, 1.898948, 1.93492e-06, 15.0, 3.76e-10
1512164560.786311, 1.919208, 2.33308e-06, 15.0, 3.89e-10
1512164560.832167, 1.939353, 2.44651e-06, 15.0, 3.65e-10
1512164560.878012, 1.959589, 2.66418e-06, 15.0, 3.6e-10
1512164560.923821, 1.979766, 2.57069e-06, 15.0, 3.16e-10
1512164560.9696739, 1.999942, 3.13036e-06, 15.0, 3.57e-10
1512164561.012191, 1.999958, 2.94607e-06, 15.0, 3.71e-10
1512164561.054563, 2.0, 3.20254e-06, 15.0, 3.93e-10
1512164561.0968409, 1.999997, 2.82731e-06, 15.0, 3.51e-10
1512164561.139341, 2.000028, 2.98455e-06, 15.0, 3.47e-10
1512164561.197474, 2.000026, 2.3251e-06, 15.0, 3.72e-10
1512164561.239976, 2.000002, 2.7834e-06, 15.0, 3.49e-10
1512164561.2822862, 1.999976, 2.67151e-06, 15.0, 3.59e-10
1512164561.3273652, 1.999956, 2.78271e-06, 15.0, 3.76e-10
1512164561.36958, 2.000031, 2.91268e-06, 15.0, 3.56e-10
1512164561.411957, 2.000002, 2.48903e-06, 15.0, 3.42e-10
1512164561.454442, 1.999989, 2.1893e-06, 15.0, 3.27e-10
1512164561.49665, 1.999979, 2.74719e-06, 15.0, 3.64e-10
1512164561.53894, 2.000016, 2.60511e-06, 15.0, 3.48e-10
1512164561.5812511, 2.000026, 2.54118e-06, 15.0, 3.38e-10
1512164561.623779, 2.000001, 2.2624e-06, 15.0, 3.48e-10
1512164561.666198, 1.999946, 1.98535e-06, 15.0, 3.36e-10
 1512164573.61871, -6e-07, -5.6753e-10, 15.0, 5.515e-09
1512164573.689355, 0.0202012, -2.4422e-10, 15.0, 2.886e-09
1512164573.768329, 0.0404034, 1.0154e-10, 15.0, 2.033e-09
1512164573.846928, 0.0606072, 2.5515e-10, 15.0, 1.627e-09
1512164573.91496, 0.0808063, 3.4993e-10, 15.0, 1.461e-09
1512164573.993312, 0.1010076, 9.3e-10, 15.0, 1.266e-09
1512164574.06112, 0.1212148, 2.77353e-09, 15.0, 1.17e-09
1512164574.146344, 0.1414217, 4.62128e-09, 15.0, 1.077e-09
1512164574.224801, 0.1616185, 5.10118e-09, 15.0, 9.83e-10
1512164574.305841, 0.1818139, 5.05471e-09, 15.0, 9.1e-10
1512164574.373906, 0.2020201, 6.75755e-09, 15.0, 8.64e-10
1512164574.454182, 0.222233, 7.77243e-09, 15.0, 8.5e-10
1512164574.557397, 0.242405, 7.1182e-09, 15.0, 7.86e-10
1512164574.603554, 0.262625, 1.05887e-08, 15.0, 7.47e-10
1512164574.6723552, 0.282833, 1.79134e-08, 15.0, 7.22e-10
1512164574.718504, 0.303028, 1.33865e-08, 15.0, 7.23e-10
1512164574.767485, 0.323219, 1.66173e-08, 15.0, 6.87e-10
1512164574.813463, 0.343421, 1.90803e-08, 15.0, 6.73e-10
1512164574.859547, 0.363662, 2.04434e-08, 15.0, 6.52e-10
1512164574.905477, 0.383848, 2.0946e-08, 15.0, 6.47e-10
1512164574.9515462, 0.404064, 2.50688e-08, 15.0, 6.72e-10
1512164574.997271, 0.424285, 3.12646e-08, 15.0, 5.98e-10
1512164575.043125, 0.444398, 3.48777e-08, 15.0, 6.43e-10
1512164575.089172, 0.464636, 3.96844e-08, 15.0, 5.85e-10
1512164575.156859, 0.484837, 5.52289e-08, 15.0, 5.71e-10
1512164575.20265, 0.505099, 5.3645e-08, 15.0, 5.79e-10
1512164575.24864, 0.525332, 6.09763e-08, 15.0, 5.8e-10
1512164575.294613, 0.545429, 6.35075e-08, 15.0, 6.25e-10
1512164575.340526, 0.565634, 5.99493e-08, 15.0, 5.04e-10
1512164575.386671, 0.585867, 7.56151e-08, 15.0, 5.36e-10
1512164575.454027, 0.606085, 9.5663e-08, 15.0, 5.4e-10
1512164575.5388439, 0.62626, 7.9996e-08, 15.0, 5.36e-10
1512164575.585632, 0.646461, 1.3427e-07, 15.0, 5.37e-10
1512164575.631479, 0.666684, 1.07547e-07, 15.0, 5.19e-10
1512164575.705562, 0.686868, 1.32481e-07, 15.0, 5.11e-10
1512164575.751341, 0.707035, 1.28756e-07, 15.0, 5.17e-10
1512164575.799189, 0.727278, 1.61837e-07, 15.0, 4.91e-10
1512164575.8451772, 0.74747, 1.75254e-07, 15.0, 4.89e-10
1512164575.8913002, 0.767673, 1.51906e-07, 15.0, 4.88e-10
1512164575.937152, 0.787898, 1.73341e-07, 15.0, 4.8e-10
1512164575.983263, 0.808098, 1.70838e-07, 15.0, 5.09e-10
1512164576.028897, 0.82827, 1.7616e-07, 15.0, 4.5e-10
1512164576.074868, 0.848515, 1.64697e-07, 15.0, 4.97e-10
1512164576.120673, 0.868746, 1.6207e-07, 15.0, 4.89e-10
1512164576.191415, 0.888936, 1.70513e-07, 15.0, 4.72e-10
1512164576.237451, 0.909049, 1.70527e-07, 15.0, 4.37e-10
1512164576.283592, 0.929256, 2.62611e-07, 15.0, 4.86e-10
1512164576.329361, 0.949451, 3.03734e-07, 15.0, 4.87e-10
1512164576.375264, 0.969686, 3.19843e-07, 15.0, 4.61e-10
1512164576.4208891, 0.989943, 3.8716e-07, 15.0, 4.02e-10
1512164576.466466, 1.010246, 4.01444e-07, 15.0, 4.64e-10
1512164576.51201, 1.030294, 3.71065e-07, 15.0, 4.78e-10
1512164576.557704, 1.050494, 4.37959e-07, 15.0, 4.68e-10
1512164576.6039722, 1.070564, 6.53235e-07, 15.0, 5.32e-10
1512164576.6730099, 1.090988, 7.64099e-07, 15.0, 4.65e-10
1512164576.7186959, 1.111074, 5.73432e-07, 15.0, 5e-10
1512164576.764357, 1.13128, 4.65242e-07, 15.0, 3.84e-10
1512164576.81027, 1.151518, 4.27126e-07, 15.0, 5.05e-10
1512164576.8563619, 1.1719, 5.8562e-07, 15.0, 2.5e-10
1512164576.931499, 1.19193, 8.1309e-07, 15.0, 4.1e-10
1512164576.977463, 1.212135, 1.14959e-06, 15.0, 4.16e-10
1512164577.023181, 1.232306, 1.33492e-06, 15.0, 4.12e-10
1512164577.068993, 1.252523, 1.21493e-06, 15.0, 3.94e-10
1512164577.136162, 1.272733, 1.09781e-06, 15.0, 4.61e-10
1512164577.205024, 1.292897, 1.43502e-06, 15.0, 3.84e-10
1512164577.251123, 1.313117, 1.33006e-06, 15.0, 4.12e-10
1512164577.300025, 1.333314, 1.55811e-06, 15.0, 3.91e-10
1512164577.346091, 1.353544, 1.81653e-06, 15.0, 3.69e-10
1512164577.3920078, 1.373697, 1.77284e-06, 15.0, 3.67e-10
1512164577.438039, 1.39393, 1.33832e-06, 15.0, 4.08e-10
1512164577.48366, 1.414131, 1.62498e-06, 15.0, 4.09e-10
1512164577.529349, 1.434361, 1.41376e-06, 15.0, 4.03e-10
1512164577.575124, 1.45457, 1.60673e-06, 15.0, 3.94e-10
1512164577.621189, 1.474766, 1.73631e-06, 15.0, 3.59e-10
1512164577.6890502, 1.494938, 1.68374e-06, 15.0, 3.75e-10
1512164577.7349818, 1.515142, 2.33139e-06, 15.0, 3.62e-10
1512164577.7808099, 1.535368, 2.11137e-06, 15.0, 3.8e-10
1512164577.826668, 1.555549, 1.98223e-06, 15.0, 3.62e-10
1512164577.8726861, 1.575752, 2.01713e-06, 15.0, 3.71e-10
1512164577.918275, 1.595949, 2.08467e-06, 15.0, 3.86e-10
1512164577.963978, 1.616238, 2.1517e-06, 15.0, 3.62e-10
1512164578.010059, 1.636399, 2.39751e-06, 15.0, 3.68e-10
1512164578.055893, 1.656551, 2.22508e-06, 15.0, 3.55e-10
1512164578.101727, 1.676779, 2.12937e-06, 15.0, 3.54e-10
1512164578.147719, 1.696986, 1.73606e-06, 15.0, 2.99e-10
1512164578.2163131, 1.717222, 2.01245e-06, 15.0, 3.45e-10
1512164578.262294, 1.737349, 2.07682e-06, 15.0, 3.37e-10
1512164578.31113, 1.757539, 2.27426e-06, 15.0, 3.27e-10
1512164578.356916, 1.777825, 1.89526e-06, 15.0, 3.44e-10
1512164578.4027252, 1.797987, 2.29266e-06, 15.0, 3.48e-10
1512164578.448431, 1.818175, 2.47825e-06, 15.0, 3.47e-10
1512164578.4942982, 1.838387, 2.35491e-06, 15.0, 3.45e-10
1512164578.5399392, 1.85862, 2.68767e-06, 15.0, 2.65e-10
1512164578.585412, 1.878839, 2.65262e-06, 15.0, 3.56e-10
1512164578.631584, 1.899009, 2.99326e-06, 15.0, 3.24e-10
1512164578.700523, 1.919195, 2.65847e-06, 15.0, 3.49e-10
1512164578.746667, 1.939428, 2.84714e-06, 15.0, 3.28e-10
1512164578.792438, 1.95957, 2.97001e-06, 15.0, 3.31e-10
1512164578.8383749, 1.979783, 2.83999e-06, 15.0, 3.27e-10
1512164578.8838751, 2.00001, 3.42065e-06, 15.0, 3.32e-10
1512164578.9257238, 1.999996, 3.46495e-06, 15.0, 3.03e-10
1512164578.967604, 1.999989, 3.52412e-06, 15.0, 3.37e-10
1512164579.009544, 1.999985, 3.17248e-06, 15.0, 3.5e-10
1512164579.05161, 2.000018, 3.20963e-06, 15.0, 3.49e-10
1512164579.093424, 2.00001, 3.3399e-06, 15.0, 3.45e-10
1512164579.1357, 2.000032, 3.1925e-06, 15.0, 3.46e-10
1512164579.177451, 1.999977, 3.00494e-06, 15.0, 3.4e-10
1512164579.268575, 1.999993, 3.20222e-06, 15.0, 3.27e-10
1512164579.310595, 2.000001, 3.32874e-06, 15.0, 3.32e-10
1512164579.352572, 2.000033, 3.50014e-06, 15.0, 3.07e-10
1512164579.394509, 1.999966, 3.40276e-06, 15.0, 3.07e-10
1512164579.436584, 2.00001, 2.85804e-06, 15.0, 3.14e-10
1512164579.478657, 2.000013, 2.66899e-06, 15.0, 2.92e-10
1512164579.520535, 2.00003, 3.45578e-06, 15.0, 3.09e-10
1512164579.562293, 2.000013, 3.03194e-06, 15.0, 3.09e-10
1512164579.60413, 1.999974, 3.06091e-06, 15.0, 3.32e-10
1512164579.64626, 2.00001, 2.54122e-06, 15.0, 3.44e-10
1512164579.7246752, 2.000006, 2.89732e-06, 15.0, 3.28e-10
1512164579.767002, 2.000015, 2.73866e-06, 15.0, 3.45e-10
1512164579.8089259, 1.999974, 2.91231e-06, 15.0, 3.08e-10
1512164579.8511639, 2.000015, 2.76118e-06, 15.0, 2.89e-10
1512164579.894588, 1.999992, 2.90943e-06, 15.0, 3.09e-10
1512164579.936674, 1.999996, 2.78009e-06, 15.0, 2.97e-10
1512164579.978775, 2.000006, 2.93681e-06, 15.0, 2.99e-10
1512164580.020756, 1.999976, 2.55379e-06, 15.0, 3.07e-10
1512164580.062944, 1.999987, 3.13057e-06, 15.0, 3.14e-10
1512164580.1050391, 2.000012, 3.07829e-06, 15.0, 3.09e-10
1512164580.1471229, 1.999973, 2.90155e-06, 15.0, 2.87e-10
1512164580.212783, 2.000026, 3.14243e-06, 15.0, 3.19e-10
1512164580.2551901, 2.000007, 3.4114e-06, 15.0, 3.14e-10
1512164580.2991931, 2.000004, 3.33895e-06, 15.0, 3.09e-10
1512164580.3415732, 2.000003, 3.20957e-06, 15.0, 2.92e-10
1512164580.38361, 2.000037, 3.58748e-06, 15.0, 2.77e-10
1512164580.425798, 1.999975, 3.44164e-06, 15.0, 2.85e-10
1512164580.467802, 1.999999, 3.15526e-06, 15.0, 2.99e-10
1512164580.5099509, 1.999984, 3.25793e-06, 15.0, 3.01e-10
1512164580.552106, 1.999992, 3.3009e-06, 15.0, 3.07e-10
1512164580.593973, 1.999984, 3.32773e-06, 15.0, 3.33e-10
1512164580.6359072, 1.999996, 3.50092e-06, 15.0, 3.07e-10
1512164580.6779048, 1.999984, 3.82883e-06, 15.0, 2.72e-10
1512164580.743155, 1.999983, 3.64463e-06, 15.0, 2.76e-10
1512164580.785543, 2.000014, 2.67161e-06, 15.0, 3.06e-10
1512164580.8278358, 1.999974, 2.8936e-06, 15.0, 2.98e-10
1512164580.8699808, 2.000035, 2.962e-06, 15.0, 2.96e-10
1512164580.9122381, 2.000034, 3.06586e-06, 15.0, 2.93e-10
1512164580.954435, 2.000004, 3.5732e-06, 15.0, 2.87e-10
1512164580.9966028, 2.000048, 2.60054e-06, 15.0, 2.71e-10
 1512164616.210402, -1e-06, -5.6841e-10, 15.0, 5.542e-09
1512164616.291494, 0.0201623, 2.5858e-10, 15.0, 2.714e-09
1512164616.3601978, 0.0403227, 5.4539e-10, 15.0, 2.053e-09
1512164616.4284642, 0.0604862, 9.7206e-10, 15.0, 1.697e-09
1512164616.497014, 0.0806447, 1.48093e-09, 15.0, 1.48e-09
1512164616.565194, 0.1007998, 2.99243e-09, 15.0, 1.342e-09
1512164616.63336, 0.1209657, 3.05393e-09, 15.0, 1.217e-09
1512164616.711731, 0.1411258, 6.34462e-09, 15.0, 1.124e-09
1512164616.844311, 0.1612926, 4.83521e-09, 15.0, 9.83e-10
1512164616.916787, 0.1814668, 7.303e-09, 15.0, 9.41e-10
1512164616.96257, 0.2016042, 1.03781e-08, 15.0, 9.26e-10
1512164617.0105338, 0.221769, 1.10455e-08, 15.0, 8.78e-10
1512164617.056292, 0.241918, 1.10269e-08, 15.0, 8.32e-10
1512164617.102251, 0.262113, 1.60564e-08, 15.0, 8.44e-10
1512164617.1481202, 0.28225, 2.10139e-08, 15.0, 8.53e-10
1512164617.194059, 0.302454, 1.69604e-08, 15.0, 8.15e-10
1512164617.271136, 0.322592, 2.26296e-08, 15.0, 7.73e-10
1512164617.317086, 0.342708, 2.23425e-08, 15.0, 7.55e-10
1512164617.362879, 0.362948, 2.71614e-08, 15.0, 7.19e-10
1512164617.408767, 0.383077, 3.33647e-08, 15.0, 7.43e-10
1512164617.454725, 0.403187, 4.27953e-08, 15.0, 6.47e-10
1512164617.5006678, 0.423321, 4.04599e-08, 15.0, 6.74e-10
1512164617.54658, 0.443453, 5.10457e-08, 15.0, 6.22e-10
1512164617.5923939, 0.463794, 5.84442e-08, 15.0, 7.24e-10
1512164617.638357, 0.483793, 3.84466e-08, 15.0, 6.84e-10
1512164617.684294, 0.503971, 6.64488e-08, 15.0, 6.23e-10
1512164617.776902, 0.524252, 6.93734e-08, 15.0, 5.85e-10
1512164617.844346, 0.544359, 7.3952e-08, 15.0, 6.3e-10
1512164617.908222, 0.564664, 7.51479e-08, 15.0, 5.82e-10
1512164618.0014489, 0.584717, 1.18104e-07, 15.0, 5.92e-10
1512164618.047067, 0.604825, 1.38221e-07, 15.0, 5.65e-10
1512164618.092612, 0.625009, 1.12562e-07, 15.0, 5.54e-10
1512164618.138171, 0.645138, 1.05276e-07, 15.0, 5.45e-10
1512164618.184202, 0.665322, 1.37534e-07, 15.0, 5.64e-10
1512164618.248975, 0.685426, 2.40683e-07, 15.0, 4.98e-10
1512164618.2946439, 0.705639, 1.78095e-07, 15.0, 5.36e-10
1512164618.3405921, 0.725799, 1.72757e-07, 15.0, 5.23e-10
1512164618.386189, 0.745856, 1.67167e-07, 15.0, 5.1e-10
1512164618.4318862, 0.766275, 2.62915e-07, 15.0, 4.75e-10
1512164618.477578, 0.786329, 3.29794e-07, 15.0, 5.19e-10
1512164618.5233998, 0.806534, 4.30831e-07, 15.0, 4.29e-10
1512164618.5691571, 0.826614, 3.81955e-07, 15.0, 5.68e-10
1512164618.6151092, 0.846875, 3.78948e-07, 15.0, 5.14e-10
1512164618.660628, 0.866928, 4.16744e-07, 15.0, 4.19e-10
1512164618.7064252, 0.886953, 6.50764e-07, 15.0, 5.17e-10
1512164618.7746072, 0.907262, 7.07723e-07, 15.0, 4.46e-10
1512164618.8205702, 0.927435, 5.6457e-07, 15.0, 5.7e-10
1512164618.8687942, 0.947636, 7.04039e-07, 15.0, 5.45e-10
1512164618.91443, 0.967773, 5.50028e-07, 15.0, 5.67e-10
1512164618.960344, 0.987803, 5.70985e-07, 15.0, 4.65e-10
1512164619.020075, 1.008384, 8.40523e-07, 15.0, 3.48e-10
1512164619.0742028, 1.028275, 8.72692e-07, 15.0, 5.53e-10
1512164619.125739, 1.048398, 1.04774e-06, 15.0, 4.89e-10
1512164619.171405, 1.068546, 1.17471e-06, 15.0, 4.8e-10
1512164619.2172549, 1.088712, 9.7698e-07, 15.0, 4.7e-10
1512164619.2857358, 1.108858, 1.40827e-06, 15.0, 4.71e-10
1512164619.332072, 1.129032, 1.69736e-06, 15.0, 4.6e-10
1512164619.379977, 1.149197, 1.68088e-06, 15.0, 4.12e-10
1512164619.426084, 1.169378, 1.29374e-06, 15.0, 4.52e-10
1512164619.471572, 1.189507, 1.6379e-06, 15.0, 4.53e-10
1512164619.517216, 1.209695, 1.87291e-06, 15.0, 4.64e-10
1512164619.5629592, 1.229856, 1.79807e-06, 15.0, 4.1e-10
1512164619.608623, 1.250026, 1.95473e-06, 15.0, 4.33e-10
1512164619.654259, 1.270136, 1.96749e-06, 15.0, 4.24e-10
1512164619.6998131, 1.290358, 2.07909e-06, 15.0, 4.27e-10
1512164619.746628, 1.310461, 2.27408e-06, 15.0, 4.17e-10
1512164619.8402402, 1.330623, 1.8317e-06, 15.0, 4.05e-10
1512164619.8858309, 1.350749, 1.9993e-06, 15.0, 4.41e-10
1512164619.931495, 1.370974, 2.20768e-06, 15.0, 4.24e-10
1512164619.977227, 1.391179, 2.16975e-06, 15.0, 3.76e-10
1512164620.022808, 1.411275, 2.72153e-06, 15.0, 4.23e-10
1512164620.068424, 1.431454, 2.46119e-06, 15.0, 3.98e-10
1512164620.114146, 1.451666, 2.87486e-06, 15.0, 3.87e-10
1512164620.1598651, 1.471737, 2.55781e-06, 15.0, 4.26e-10
1512164620.2055411, 1.491911, 2.02665e-06, 15.0, 4.45e-10
1512164620.2927501, 1.512069, 2.9489e-06, 15.0, 4.07e-10
1512164620.338518, 1.532275, 2.82252e-06, 15.0, 3.65e-10
1512164620.3840709, 1.552451, 3.12406e-06, 15.0, 3.91e-10
1512164620.4295099, 1.572586, 3.2574e-06, 15.0, 3.5e-10
1512164620.475156, 1.592738, 3.62153e-06, 15.0, 4.13e-10
1512164620.520784, 1.612913, 3.89188e-06, 15.0, 3.79e-10
1512164620.566646, 1.633037, 3.70103e-06, 15.0, 3.89e-10
1512164620.612542, 1.653282, 3.01917e-06, 15.0, 3.63e-10
1512164620.658327, 1.673402, 3.74655e-06, 15.0, 3.86e-10
1512164620.7039292, 1.693567, 3.73862e-06, 15.0, 3.71e-10
1512164620.7497852, 1.71372, 3.68205e-06, 15.0, 3.65e-10
1512164620.823468, 1.733874, 3.63072e-06, 15.0, 3.79e-10
1512164620.8693771, 1.754052, 3.49582e-06, 15.0, 3.68e-10
1512164620.9167511, 1.774236, 3.5262e-06, 15.0, 3.53e-10
1512164620.962662, 1.79433, 3.21492e-06, 15.0, 2.92e-10
1512164621.008449, 1.814477, 3.41936e-06, 15.0, 3.65e-10
1512164621.054442, 1.834673, 3.23668e-06, 15.0, 3.77e-10
1512164621.099932, 1.854834, 4.02248e-06, 15.0, 3.21e-10
1512164621.145675, 1.874968, 3.85429e-06, 15.0, 3.74e-10
1512164621.191403, 1.895164, 3.7587e-06, 15.0, 3.33e-10
1512164621.23733, 1.91535, 4.11991e-06, 15.0, 3.59e-10
1512164621.308116, 1.93551, 4.41435e-06, 15.0, 3.61e-10
1512164621.354482, 1.955637, 4.84744e-06, 15.0, 3.37e-10
1512164621.4001222, 1.975803, 4.4146e-06, 15.0, 3.76e-10
1512164621.446005, 1.995961, 4.87018e-06, 15.0, 3.55e-10
1512164621.491701, 2.016164, 5.03669e-06, 15.0, 3.29e-10
1512164621.5372539, 2.036279, 5.04878e-06, 15.0, 3.54e-10
1512164621.583004, 2.056473, 4.99451e-06, 15.0, 3.62e-10
1512164621.628593, 2.076612, 5.16694e-06, 15.0, 3.34e-10
1512164621.674369, 2.096775, 4.8949e-06, 15.0, 3.52e-10
1512164621.7201989, 2.11694, 4.94645e-06, 15.0, 3.28e-10
1512164621.7662091, 2.13708, 5.12779e-06, 15.0, 3.57e-10
1512164621.8609002, 2.15722, 5.30101e-06, 15.0, 3.29e-10
1512164621.90656, 2.17746, 4.50978e-06, 15.0, 3.16e-10
1512164621.952481, 2.19761, 4.75813e-06, 15.0, 2.93e-10
1512164621.998111, 2.21782, 4.87648e-06, 15.0, 3.24e-10
1512164622.0439959, 2.23788, 5.32406e-06, 15.0, 3.26e-10
1512164622.089749, 2.25808, 4.90789e-06, 15.0, 3.33e-10
1512164622.135545, 2.27828, 5.26315e-06, 15.0, 3.55e-10
1512164622.181299, 2.29842, 5.19276e-06, 15.0, 2.79e-10
1512164622.227118, 2.31858, 4.72015e-06, 15.0, 3.19e-10
1512164622.311219, 2.33869, 5.83843e-06, 15.0, 2.91e-10
1512164622.357109, 2.35885, 6.16767e-06, 15.0, 3.36e-10
1512164622.4026299, 2.37903, 6.31261e-06, 15.0, 3.33e-10
1512164622.447994, 2.39924, 6.68114e-06, 15.0, 2.88e-10
1512164622.493506, 2.41933, 6.1268e-06, 15.0, 3.24e-10
1512164622.538898, 2.43951, 5.89194e-06, 15.0, 3.34e-10
1512164622.5847402, 2.45972, 6.13264e-06, 15.0, 3.37e-10
1512164622.630147, 2.47975, 6.38296e-06, 15.0, 3.03e-10
1512164622.675919, 2.5, 6.70113e-06, 15.0, 3.16e-10
1512164622.717786, 2.49997, 6.59898e-06, 15.0, 3.3e-10
1512164622.759536, 2.5, 6.8319e-06, 15.0, 3.29e-10
1512164622.8268511, 2.50002, 6.61981e-06, 15.0, 3.18e-10
1512164622.8693771, 2.49995, 5.86603e-06, 15.0, 3.27e-10
1512164622.91137, 2.50001, 6.06758e-06, 15.0, 2.69e-10
1512164622.953501, 2.5, 6.36237e-06, 15.0, 3.14e-10
1512164622.995519, 2.49995, 6.65465e-06, 15.0, 3.09e-10
1512164623.037528, 2.50006, 6.72432e-06, 15.0, 3.15e-10
1512164623.079987, 2.50001, 6.52458e-06, 15.0, 2.91e-10
1512164623.121689, 2.49999, 6.9438e-06, 15.0, 3.27e-10
1512164623.163496, 2.49999, 6.97282e-06, 15.0, 2.72e-10
1512164623.205374, 2.50002, 6.47233e-06, 15.0, 3.2e-10
1512164623.247183, 2.50007, 6.37422e-06, 15.0, 3.16e-10
1512164623.3081112, 2.50002, 6.9871e-06, 15.0, 2.95e-10
1512164623.350084, 2.50005, 6.8652e-06, 15.0, 2.85e-10
1512164623.392343, 2.50006, 6.50482e-06, 15.0, 2.43e-10
1512164623.4365509, 2.49996, 6.81649e-06, 15.0, 3.05e-10
1512164623.47858, 2.50005, 6.76178e-06, 15.0, 2.79e-10
1512164623.520479, 2.50007, 6.96967e-06, 15.0, 2.99e-10
1512164623.562266, 2.5, 7.28435e-06, 15.0, 3.24e-10
1512164623.604249, 2.49999, 6.84992e-06, 15.0, 2.77e-10
1512164623.6460018, 2.50002, 6.65534e-06, 15.0, 3.04e-10
1512164623.687954, 2.49992, 6.64418e-06, 15.0, 2.86e-10
1512164623.7297258, 2.50004, 6.57662e-06, 15.0, 2.94e-10
1512164623.7717109, 2.49997, 6.85168e-06, 15.0, 3.29e-10
1512164623.836319, 2.50003, 6.7809e-06, 15.0, 3.24e-10
1512164623.878847, 2.50001, 6.51378e-06, 15.0, 3.17e-10
1512164623.9208739, 2.49999, 7.48306e-06, 15.0, 2.86e-10
1512164623.9629362, 2.50002, 7.01275e-06, 15.0, 3.1e-10
1512164624.0051, 2.5, 7.11466e-06, 15.0, 2.59e-10
1512164624.0471199, 2.49995, 7.04224e-06, 15.0, 2.85e-10
1512164624.089271, 2.50002, 6.96015e-06, 15.0, 2.92e-10
1512164624.1312032, 2.5, 7.24779e-06, 15.0, 2.97e-10
1512164624.173236, 2.50005, 7.21598e-06, 15.0, 2.84e-10
1512164624.2152472, 2.50003, 7.97845e-06, 15.0, 2.74e-10
1512164624.2569249, 2.5, 7.42417e-06, 15.0, 2.61e-10
1512164624.319396, 2.49999, 7.20305e-06, 15.0, 2.98e-10
1512164624.36095, 2.50007, 7.82281e-06, 15.0, 2.46e-10
1512164624.402941, 2.50002, 7.51513e-06, 15.0, 2.76e-10
1512164624.447326, 2.50002, 6.80751e-06, 15.0, 3.08e-10
1512164624.4894211, 2.50002, 7.52669e-06, 15.0, 2.92e-10
1512164624.5312908, 2.49997, 7.48033e-06, 15.0, 3.36e-10
1512164624.573306, 2.50001, 7.4826e-06, 15.0, 2.72e-10
1512164624.615339, 2.49998, 7.9583e-06, 15.0, 2.76e-10
1512164624.65739, 2.50004, 7.56252e-06, 15.0, 2.88e-10
1512164624.69942, 2.5, 8.06026e-06, 15.0, 2.87e-10
1512164624.741368, 2.5, 7.74047e-06, 15.0, 2.62e-10
1512164624.783221, 2.5, 7.70212e-06, 15.0, 3.09e-10
1512164624.847819, 2.49999, 8.17992e-06, 15.0, 2.75e-10
1512164624.890033, 2.49999, 8.25398e-06, 15.0, 2.69e-10
1512164624.9321759, 2.50001, 8.03441e-06, 15.0, 2.59e-10
1512164624.974349, 2.50001, 7.79464e-06, 15.0, 2.77e-10
1512164625.016439, 2.49999, 7.86411e-06, 15.0, 2.72e-10
1512164625.058362, 2.5, 7.94368e-06, 15.0, 2.52e-10
1512164625.100716, 2.49998, 8.13894e-06, 15.0, 2.89e-10
1512164625.1424582, 2.49999, 7.8372e-06, 15.0, 2.98e-10
1512164625.184525, 2.49998, 8.09198e-06, 15.0, 2.83e-10
1512164625.22646, 2.49997, 8.0013e-06, 15.0, 2.65e-10
1512164625.268488, 2.49996, 8.09621e-06, 15.0, 2.9e-10
1512164625.331281, 2.50002, 7.97948e-06, 15.0, 2.69e-10
1512164625.373562, 2.49997, 7.73042e-06, 15.0, 2.86e-10
1512164625.415871, 2.50004, 8.01043e-06, 15.0, 2.52e-10
1512164625.46036, 2.49994, 8.01591e-06, 15.0, 2.84e-10
1512164625.502281, 2.49999, 8.07229e-06, 15.0, 2.87e-10
1512164625.5441122, 2.50004, 7.81427e-06, 15.0, 2.65e-10
1512164625.586076, 2.50003, 7.65549e-06, 15.0, 2.55e-10
1512164625.6281002, 2.50001, 8.07878e-06, 15.0, 2.92e-10
1512164625.670172, 2.50005, 8.02094e-06, 15.0, 2.69e-10
1512164625.712252, 2.49999, 7.77852e-06, 15.0, 2.92e-10
1512164625.754145, 2.5, 8.01872e-06, 15.0, 2.66e-10
1512164625.796098, 2.50001, 8.28727e-06, 15.0, 2.81e-10
1512164625.860805, 2.49999, 8.23779e-06, 15.0, 2.63e-10
1512164625.90307, 2.50002, 8.04155e-06, 15.0, 2.62e-10
1512164625.945044, 2.50001, 7.92832e-06, 15.0, 2.66e-10
1512164625.9872372, 2.49999, 8.53064e-06, 15.0, 2.49e-10
1512164626.029162, 2.50002, 8.34646e-06, 15.0, 2.6e-10
1512164626.071056, 2.49999, 8.42176e-06, 15.0, 2.65e-10
1512164626.113164, 2.49998, 8.83486e-06, 15.0, 2.61e-10
1512164626.154936, 2.5, 8.02591e-06, 15.0, 2.94e-10
1512164626.197026, 2.49998, 7.86914e-06, 15.0, 2.6e-10
1512164626.2387788, 2.49999, 7.68225e-06, 15.0, 2.57e-10
1512164626.2808661, 2.50001, 7.69663e-06, 15.0, 2.86e-10
1512164626.34484, 2.5, 7.27815e-06, 15.0, 2.62e-10
1512164626.387091, 2.5, 8.05932e-06, 15.0, 2.57e-10
1512164626.429248, 2.50001, 7.69011e-06, 15.0, 2.8e-10
1512164626.4738612, 2.49996, 7.79312e-06, 15.0, 2.71e-10
1512164626.515936, 2.50003, 7.96055e-06, 15.0, 2.42e-10
1512164626.557875, 2.50003, 7.88031e-06, 15.0, 2.52e-10
1512164626.5999281, 2.50003, 7.72037e-06, 15.0, 2.7e-10
1512164626.642092, 2.49997, 8.02808e-06, 15.0, 2.49e-10
1512164626.684235, 2.50002, 7.96675e-06, 15.0, 2.85e-10
1512164626.7262259, 2.49999, 7.74941e-06, 15.0, 2.87e-10
1512164626.768115, 2.49997, 8.04022e-06, 15.0, 2.31e-10
1512164626.810061, 2.5, 8.15253e-06, 15.0, 2.62e-10
1512164626.875078, 2.49998, 8.66918e-06, 15.0, 2.78e-10
1512164626.917335, 2.5, 8.00807e-06, 15.0, 2.6e-10
1512164626.959254, 2.50003, 7.81887e-06, 15.0, 2.56e-10
1512164627.001526, 2.49998, 7.87818e-06, 15.0, 2.83e-10
1512164627.0434391, 2.50003, 7.42819e-06, 15.0, 2.57e-10
1512164627.085187, 2.49997, 8.053e-06, 15.0, 2.86e-10
1512164627.127382, 2.50003, 8.51868e-06, 15.0, 2.56e-10
1512164627.1693819, 2.5, 8.12962e-06, 15.0, 2.84e-10
1512164627.211232, 2.50004, 7.75599e-06, 15.0, 2.48e-10
1512164627.253058, 2.49999, 7.59683e-06, 15.0, 2.5e-10
1512164627.294955, 2.50001, 8.3802e-06, 15.0, 2.59e-10
1512164627.35831, 2.49996, 8.03887e-06, 15.0, 2.71e-10
1512164627.400224, 2.50002, 7.4106e-06, 15.0, 2.94e-10
1512164627.442583, 2.49993, 7.5578e-06, 15.0, 2.56e-10
1512164627.4869409, 2.49999, 7.04518e-06, 15.0, 2.43e-10
1512164627.5289128, 2.50005, 7.70215e-06, 15.0, 2.48e-10
1512164627.5707352, 2.5, 8.21462e-06, 15.0, 2.49e-10
1512164627.612606, 2.50001, 7.67235e-06, 15.0, 2.54e-10
1512164627.654627, 2.49998, 7.49418e-06, 15.0, 2.66e-10
1512164627.696578, 2.49999, 7.40319e-06, 15.0, 2.72e-10
1512164627.738792, 2.5, 7.69587e-06, 15.0, 2.79e-10
1512164627.781037, 2.49995, 7.64463e-06, 15.0, 2.35e-10
1512164627.822952, 2.49998, 8.09603e-06, 15.0, 2.59e-10
1512164627.887734, 2.49995, 7.76415e-06, 15.0, 2.66e-10
1512164627.9298298, 2.50005, 7.49126e-06, 15.0, 2.45e-10
1512164627.971686, 2.49999, 7.76908e-06, 15.0, 2.45e-10
1512164628.0140731, 2.49998, 7.72784e-06, 15.0, 2.58e-10
1512164628.056064, 2.49997, 7.39002e-06, 15.0, 2.65e-10
1512164628.0981948, 2.50001, 7.57727e-06, 15.0, 2.47e-10
1512164628.140144, 2.49996, 7.92137e-06, 15.0, 2.31e-10
1512164628.182059, 2.5, 8.20734e-06, 15.0, 2.6e-10
1512164628.224063, 2.49999, 8.29438e-06, 15.0, 2.57e-10
1512164628.269918, 2.52017, 8.1671e-06, 15.0, 2.39e-10
1512164628.315588, 2.5403, 7.86453e-06, 15.0, 2.63e-10
1512164628.371385, 2.56051, 8.24752e-06, 15.0, 2.28e-10
1512164628.417137, 2.58068, 8.46471e-06, 15.0, 2.36e-10
1512164628.463254, 2.60084, 7.98807e-06, 15.0, 2.26e-10
1512164628.509042, 2.62097, 8.9654e-06, 15.0, 2.49e-10
1512164628.559565, 2.64116, 9.7571e-06, 15.0, 2.34e-10
1512164628.60516, 2.6613, 9.5875e-06, 15.0, 2.01e-10
1512164628.6508439, 2.68141, 9.6571e-06, 15.0, 2.49e-10
1512164628.69655, 2.70166, 9.9082e-06, 15.0, 2.36e-10
1512164628.7419698, 2.72176, 1.05588e-05, 15.0, 2.32e-10
1512164628.7878132, 2.74191, 1.06436e-05, 15.0, 2.11e-10
1512164628.8335218, 2.7621, 1.08195e-05, 15.0, 2.23e-10
1512164628.902209, 2.78225, 1.13677e-05, 15.0, 2.29e-10
1512164628.948208, 2.80242, 1.13056e-05, 15.0, 2.38e-10
1512164628.996452, 2.82259, 1.14258e-05, 15.0, 2.4e-10
1512164629.042621, 2.84275, 1.17016e-05, 15.0, 2.36e-10
1512164629.088049, 2.86289, 1.23222e-05, 15.0, 2.5e-10
1512164629.133877, 2.88294, 1.2504e-05, 15.0, 2.53e-10
1512164629.17971, 2.90322, 1.25698e-05, 15.0, 2.05e-10
1512164629.225234, 2.92344, 1.26143e-05, 15.0, 2.22e-10
1512164629.2705998, 2.94356, 1.34992e-05, 15.0, 2.63e-10
1512164629.316243, 2.96367, 1.31697e-05, 15.0, 2.5e-10
1512164629.361931, 2.98382, 1.33463e-05, 15.0, 2.58e-10
1512164629.456362, 3.00401, 1.43054e-05, 15.0, 2.31e-10
1512164629.502017, 3.0242, 1.46087e-05, 15.0, 2.47e-10
1512164629.547661, 3.04434, 1.51624e-05, 15.0, 2.36e-10
1512164629.59336, 3.06457, 1.46754e-05, 15.0, 2.14e-10
1512164629.6393979, 3.08469, 1.50453e-05, 15.0, 2.31e-10
1512164629.685167, 3.10485, 1.54586e-05, 15.0, 2.47e-10
1512164629.731036, 3.12499, 1.56698e-05, 15.0, 2.39e-10
1512164629.776989, 3.14514, 1.6212e-05, 15.0, 2.26e-10
1512164629.8225348, 3.16535, 1.53386e-05, 15.0, 2.41e-10
1512164629.908588, 3.18544, 1.60807e-05, 15.0, 1.95e-10
1512164629.9541109, 3.20566, 1.5969e-05, 15.0, 2.35e-10
1512164629.999955, 3.22583, 1.61331e-05, 15.0, 2.42e-10
1512164630.045791, 3.24597, 1.68346e-05, 15.0, 2.18e-10
1512164630.091836, 3.26612, 1.61657e-05, 15.0, 2.15e-10
1512164630.137505, 3.28627, 1.61917e-05, 15.0, 2.43e-10
1512164630.183382, 3.30647, 1.62542e-05, 15.0, 2.17e-10
1512164630.229244, 3.32668, 1.61023e-05, 15.0, 2.43e-10
1512164630.274952, 3.34676, 1.63638e-05, 15.0, 2.35e-10
1512164630.320688, 3.36693, 1.65717e-05, 15.0, 2.33e-10
1512164630.366296, 3.38711, 1.68345e-05, 15.0, 1.95e-10
1512164630.439258, 3.40724, 1.67125e-05, 15.0, 2.38e-10
1512164630.485279, 3.42742, 1.67759e-05, 15.0, 2.18e-10
1512164630.531234, 3.44756, 1.72903e-05, 15.0, 2.12e-10
1512164630.577009, 3.46775, 1.72845e-05, 15.0, 2.04e-10
1512164630.622611, 3.48788, 1.7303e-05, 15.0, 2.44e-10
1512164630.668446, 3.50808, 1.82009e-05, 15.0, 2.17e-10
1512164630.714102, 3.5282, 1.81702e-05, 15.0, 2.22e-10
1512164630.760009, 3.54836, 1.80487e-05, 15.0, 2.38e-10
1512164630.805784, 3.56855, 1.7767e-05, 15.0, 2.29e-10
1512164630.851359, 3.58869, 1.78813e-05, 15.0, 2.18e-10
1512164630.923247, 3.60888, 1.84033e-05, 15.0, 2.12e-10
1512164630.969056, 3.62901, 1.89046e-05, 15.0, 2.15e-10
1512164631.015011, 3.64919, 1.81972e-05, 15.0, 2.24e-10
1512164631.060701, 3.66936, 1.89651e-05, 15.0, 2.07e-10
1512164631.106922, 3.68951, 1.88843e-05, 15.0, 2.19e-10
1512164631.1526122, 3.70968, 1.83385e-05, 15.0, 2.06e-10
1512164631.198505, 3.72986, 1.87962e-05, 15.0, 2.19e-10
1512164631.244193, 3.74999, 1.88047e-05, 15.0, 2.28e-10
1512164631.29009, 3.77019, 1.91076e-05, 15.0, 2.1e-10
1512164631.3357818, 3.79032, 1.93646e-05, 15.0, 2.1e-10
1512164631.4038222, 3.81049, 1.96296e-05, 15.0, 1.97e-10
1512164631.449738, 3.83063, 1.997e-05, 15.0, 2.11e-10
1512164631.495723, 3.85079, 1.9598e-05, 15.0, 2.13e-10
1512164631.541246, 3.87098, 2.02687e-05, 15.0, 1.92e-10
1512164631.587029, 3.89111, 1.98395e-05, 15.0, 2.15e-10
1512164631.632822, 3.91125, 2.10841e-05, 15.0, 2.16e-10
1512164631.6786509, 3.93147, 2.06591e-05, 15.0, 2.02e-10
1512164631.724243, 3.9516, 2.07542e-05, 15.0, 2e-10
1512164631.770078, 3.97175, 2.09307e-05, 15.0, 2.4e-10
1512164631.815855, 3.992, 2.16148e-05, 15.0, 2.33e-10
1512164631.8615592, 4.0121, 2.17613e-05, 15.0, 1.91e-10
1512164631.9303942, 4.03229, 2.17122e-05, 15.0, 2.12e-10
1512164631.976237, 4.05239, 2.20065e-05, 15.0, 2.1e-10
1512164632.024835, 4.07263, 2.12575e-05, 15.0, 2.38e-10
1512164632.07081, 4.09276, 2.20988e-05, 15.0, 1.94e-10
1512164632.116801, 4.1129, 2.22218e-05, 15.0, 1.9e-10
1512164632.162495, 4.13311, 2.26253e-05, 15.0, 1.89e-10
1512164632.20843, 4.15321, 2.26746e-05, 15.0, 2.17e-10
1512164632.254184, 4.17338, 2.27533e-05, 15.0, 2.24e-10
1512164632.300101, 4.19354, 2.2967e-05, 15.0, 2.33e-10
1512164632.345831, 4.21368, 2.32258e-05, 15.0, 2.09e-10
1512164632.414361, 4.23386, 2.28636e-05, 15.0, 2.33e-10
1512164632.4602501, 4.25404, 2.36712e-05, 15.0, 2.06e-10
1512164632.505932, 4.27418, 2.37541e-05, 15.0, 2.34e-10
1512164632.551629, 4.29436, 2.30568e-05, 15.0, 1.87e-10
1512164632.597291, 4.31452, 2.42281e-05, 15.0, 2.01e-10
1512164632.6430972, 4.33473, 2.42196e-05, 15.0, 1.92e-10
1512164632.688986, 4.35481, 2.46145e-05, 15.0, 2.13e-10
1512164632.734584, 4.37503, 2.4673e-05, 15.0, 2.17e-10
1512164632.780278, 4.3952, 2.50929e-05, 15.0, 2.03e-10
1512164632.82613, 4.41531, 2.56061e-05, 15.0, 2.08e-10
1512164632.871794, 4.43553, 2.52362e-05, 15.0, 2.07e-10
1512164632.9405031, 4.45567, 2.61058e-05, 15.0, 1.96e-10
1512164632.9864361, 4.47582, 2.56593e-05, 15.0, 1.96e-10
1512164633.03472, 4.49598, 2.52713e-05, 15.0, 2.2e-10
1512164633.080468, 4.51615, 2.57346e-05, 15.0, 2.09e-10
1512164633.126673, 4.5363, 2.65524e-05, 15.0, 2.1e-10
1512164633.172448, 4.55649, 2.67594e-05, 15.0, 1.98e-10
1512164633.2184598, 4.57657, 2.71452e-05, 15.0, 2.33e-10
1512164633.264155, 4.59679, 2.69116e-05, 15.0, 1.86e-10
1512164633.3100219, 4.61691, 2.71335e-05, 15.0, 1.99e-10
1512164633.355665, 4.63708, 2.78831e-05, 15.0, 1.96e-10
1512164633.424299, 4.6573, 2.7854e-05, 15.0, 1.94e-10
1512164633.470203, 4.67739, 2.77497e-05, 15.0, 2.08e-10
1512164633.5161269, 4.69755, 2.78589e-05, 15.0, 1.84e-10
1512164633.561783, 4.71772, 2.81463e-05, 15.0, 1.84e-10
1512164633.607313, 4.73797, 2.89558e-05, 15.0, 2.08e-10
1512164633.653033, 4.75806, 2.8966e-05, 15.0, 2.14e-10
1512164633.698896, 4.77819, 2.90649e-05, 15.0, 1.85e-10
1512164633.744703, 4.79838, 3.00417e-05, 15.0, 1.86e-10
1512164633.790533, 4.81852, 2.94622e-05, 15.0, 1.82e-10
1512164633.836491, 4.83865, 2.97029e-05, 15.0, 1.96e-10
1512164633.882169, 4.85887, 3.01481e-05, 15.0, 1.81e-10
1512164633.9508858, 4.87902, 3.04127e-05, 15.0, 2.27e-10
1512164633.996959, 4.89928, 3.03764e-05, 15.0, 1.84e-10
1512164634.04549, 4.91944, 3.00626e-05, 15.0, 1.88e-10
1512164634.091299, 4.9395, 3.08613e-05, 15.0, 1.48e-10
1512164634.137362, 4.95967, 3.01563e-05, 15.0, 2.26e-10
1512164634.182998, 4.97989, 3.07756e-05, 15.0, 1.9e-10
1512164634.228794, 4.99993, 3.16302e-05, 15.0, 2.16e-10
1512164634.2707899, 4.99998, 3.14931e-05, 15.0, 1.94e-10
1512164634.312875, 5.0, 3.14719e-05, 15.0, 1.72e-10
1512164634.3548238, 4.99996, 3.18488e-05, 15.0, 2.07e-10
1512164634.3966541, 5.00003, 3.19475e-05, 15.0, 1.56e-10
1512164634.490725, 4.99998, 3.12379e-05, 15.0, 1.81e-10
1512164634.532827, 5.00002, 3.24668e-05, 15.0, 2.06e-10
1512164634.574896, 4.99998, 3.2354e-05, 15.0, 2.11e-10
1512164634.6167831, 5.00005, 3.31535e-05, 15.0, 1.82e-10
1512164634.659004, 4.99998, 3.27544e-05, 15.0, 2.05e-10
1512164634.701725, 4.99998, 3.24693e-05, 15.0, 2.21e-10
1512164634.7437959, 4.99992, 3.28403e-05, 15.0, 2.21e-10
1512164634.785766, 4.99997, 3.16054e-05, 15.0, 2.11e-10
1512164634.8278432, 5.0, 3.16678e-05, 15.0, 1.91e-10
1512164634.869994, 5.00005, 3.19269e-05, 15.0, 2.04e-10
1512164634.9121192, 5.00003, 3.16914e-05, 15.0, 1.97e-10
1512164634.978281, 5.0, 3.09751e-05, 15.0, 1.74e-10
1512164635.020246, 4.99999, 3.20232e-05, 15.0, 2.18e-10
1512164635.062367, 5.00004, 3.14013e-05, 15.0, 1.85e-10
1512164635.1042979, 4.99999, 3.09468e-05, 15.0, 2.01e-10
1512164635.146503, 4.99996, 3.11257e-05, 15.0, 1.82e-10
1512164635.188493, 4.99997, 3.15248e-05, 15.0, 1.8e-10
1512164635.230468, 4.99998, 3.15125e-05, 15.0, 1.82e-10
1512164635.272337, 5.00008, 3.14426e-05, 15.0, 2.1e-10
1512164635.314253, 4.99997, 3.13837e-05, 15.0, 1.93e-10
1512164635.356413, 4.99999, 3.21273e-05, 15.0, 2.24e-10
1512164635.3985941, 4.99993, 3.16727e-05, 15.0, 1.76e-10
1512164635.460587, 4.99998, 3.18831e-05, 15.0, 1.94e-10
1512164635.502632, 5.00005, 3.20077e-05, 15.0, 2.15e-10
1512164635.544889, 4.99999, 3.13074e-05, 15.0, 1.87e-10
1512164635.58956, 5.00003, 3.1071e-05, 15.0, 1.77e-10
1512164635.6316118, 5.0, 3.10225e-05, 15.0, 2.07e-10
1512164635.6735518, 5.00001, 3.17342e-05, 15.0, 2.16e-10
1512164635.715599, 4.99995, 3.14846e-05, 15.0, 2.11e-10
1512164635.7579231, 4.99996, 3.14188e-05, 15.0, 2.15e-10
1512164635.799886, 4.99996, 3.0598e-05, 15.0, 1.86e-10
1512164635.84208, 5.0, 3.07067e-05, 15.0, 1.94e-10
1512164635.884081, 5.0, 3.15165e-05, 15.0, 1.91e-10
1512164635.9262578, 5.00001, 3.13646e-05, 15.0, 2.13e-10
1512164635.991005, 4.99997, 3.1852e-05, 15.0, 2.2e-10
1512164636.033081, 5.0, 3.11764e-05, 15.0, 1.49e-10
1512164636.075218, 4.99997, 3.09133e-05, 15.0, 2.1e-10
1512164636.1171598, 5.0, 3.07872e-05, 15.0, 1.68e-10
1512164636.15955, 4.99999, 3.13743e-05, 15.0, 1.83e-10
1512164636.201559, 4.99995, 3.11688e-05, 15.0, 1.97e-10
1512164636.2437, 5.00001, 3.0395e-05, 15.0, 1.51e-10
1512164636.285582, 4.99999, 3.06796e-05, 15.0, 1.67e-10
1512164636.327575, 4.99997, 3.00992e-05, 15.0, 1.85e-10
1512164636.36967, 5.00003, 3.12026e-05, 15.0, 2.21e-10
1512164636.411784, 4.99994, 3.06588e-05, 15.0, 1.83e-10
1512164636.475052, 5.00004, 3.07909e-05, 15.0, 1.63e-10
1512164636.5171149, 5.00007, 3.11549e-05, 15.0, 1.86e-10
1512164636.559283, 4.99995, 3.09278e-05, 15.0, 2.55e-10
1512164636.6037061, 5.00007, 3.12019e-05, 15.0, 1.61e-10
1512164636.645673, 4.99999, 3.14796e-05, 15.0, 1.83e-10
1512164636.687639, 4.99997, 3.20694e-05, 15.0, 1.76e-10
1512164636.729772, 5.00006, 3.10145e-05, 15.0, 1.77e-10
1512164636.7718558, 5.00003, 3.10404e-05, 15.0, 1.9e-10
1512164636.813698, 4.99999, 3.09347e-05, 15.0, 2.07e-10
1512164636.856004, 4.99996, 3.1227e-05, 15.0, 1.75e-10
1512164636.8979788, 5.00002, 3.13557e-05, 15.0, 1.9e-10
1512164636.940245, 4.99999, 3.10351e-05, 15.0, 1.55e-10
1512164637.004834, 4.99997, 3.1093e-05, 15.0, 1.72e-10
1512164637.0468988, 4.99999, 3.08234e-05, 15.0, 2.1e-10
1512164637.089036, 5.0, 3.03108e-05, 15.0, 1.85e-10
1512164637.130889, 5.00001, 3.04881e-05, 15.0, 1.82e-10
1512164637.173078, 4.99997, 3.09988e-05, 15.0, 2.01e-10
1512164637.2149918, 4.99999, 3.054e-05, 15.0, 1.85e-10
1512164637.257129, 5.00005, 3.06804e-05, 15.0, 1.76e-10
1512164637.2991009, 5.0, 3.12892e-05, 15.0, 1.72e-10
1512164637.341304, 4.99997, 3.08616e-05, 15.0, 1.97e-10
1512164637.383488, 5.0, 3.09924e-05, 15.0, 2.05e-10
1512164637.425434, 4.99998, 3.10597e-05, 15.0, 2.15e-10
1512164637.488757, 5.00002, 2.99685e-05, 15.0, 1.93e-10
1512164637.530841, 4.99995, 3.04857e-05, 15.0, 1.88e-10
1512164637.57284, 5.0, 3.04095e-05, 15.0, 2e-10
1512164637.617389, 5.00001, 3.0152e-05, 15.0, 2.03e-10
1512164637.659415, 4.99997, 3.09937e-05, 15.0, 1.83e-10
1512164637.701271, 5.00004, 3.0692e-05, 15.0, 1.89e-10
1512164637.743401, 4.99999, 3.00505e-05, 15.0, 2.08e-10
1512164637.78552, 5.0, 3.07484e-05, 15.0, 1.92e-10
1512164637.827412, 5.00003, 3.12491e-05, 15.0, 1.93e-10
1512164637.8695931, 5.00002, 3.08247e-05, 15.0, 1.93e-10
1512164637.911534, 4.99995, 3.06623e-05, 15.0, 2.14e-10
1512164637.953679, 4.99997, 3.06058e-05, 15.0, 1.81e-10
1512164638.0182972, 5.00001, 3.08332e-05, 15.0, 1.81e-10
1512164638.060575, 5.00006, 3.03876e-05, 15.0, 1.78e-10
1512164638.1024299, 4.99999, 3.05612e-05, 15.0, 1.76e-10
1512164638.1445901, 5.0, 3.08037e-05, 15.0, 1.91e-10
1512164638.1868732, 5.0, 3.03354e-05, 15.0, 1.93e-10
1512164638.228792, 4.99996, 3.0489e-05, 15.0, 1.96e-10
1512164638.270766, 4.99997, 3.06645e-05, 15.0, 1.99e-10
1512164638.3128378, 5.00003, 3.07656e-05, 15.0, 1.65e-10
1512164638.354806, 5.00002, 3.11146e-05, 15.0, 1.94e-10
1512164638.397202, 5.00001, 3.07759e-05, 15.0, 1.61e-10
1512164638.43921, 4.99994, 3.07225e-05, 15.0, 1.88e-10
1512164638.5023968, 5.00009, 2.91776e-05, 15.0, 1.86e-10
1512164638.5444858, 4.99996, 3.05704e-05, 15.0, 1.82e-10
1512164638.586659, 5.00001, 3.06235e-05, 15.0, 2.17e-10
1512164638.631098, 4.99997, 3.10949e-05, 15.0, 1.86e-10
1512164638.673228, 4.99998, 3.01611e-05, 15.0, 1.9e-10
1512164638.715084, 4.99998, 3.02062e-05, 15.0, 1.84e-10
1512164638.7570078, 4.99999, 3.06009e-05, 15.0, 1.55e-10
1512164638.7991621, 4.99993, 2.92292e-05, 15.0, 2.16e-10
1512164638.8411388, 4.99995, 2.94071e-05, 15.0, 2.29e-10
1512164638.88329, 5.00001, 3.01384e-05, 15.0, 1.66e-10
1512164638.9255838, 4.99999, 3.00379e-05, 15.0, 1.94e-10
1512164638.967495, 5.0, 2.99832e-05, 15.0, 1.88e-10
1512164639.031918, 4.99993, 2.95231e-05, 15.0, 1.68e-10
1512164639.074058, 4.99999, 2.96504e-05, 15.0, 2.06e-10
1512164639.116147, 4.99999, 3.03125e-05, 15.0, 2.32e-10
1512164639.158008, 5.00002, 3.02014e-05, 15.0, 1.83e-10
1512164639.200292, 5.00002, 3.01141e-05, 15.0, 1.89e-10
1512164639.242125, 5.00002, 3.02313e-05, 15.0, 1.97e-10
1512164639.284086, 5.00003, 3.02059e-05, 15.0, 1.76e-10
1512164639.326009, 4.99999, 3.0594e-05, 15.0, 1.94e-10
1512164639.368007, 5.0, 3.02345e-05, 15.0, 1.78e-10
1512164639.409973, 5.00005, 2.97507e-05, 15.0, 1.92e-10
1512164639.452406, 5.00002, 3.00804e-05, 15.0, 1.86e-10
1512164639.516026, 5.00003, 3.00882e-05, 15.0, 1.92e-10
1512164639.558163, 5.00005, 2.9247e-05, 15.0, 1.98e-10
1512164639.6002629, 5.00002, 3.00804e-05, 15.0, 1.62e-10
1512164639.644599, 5.00003, 3.03764e-05, 15.0, 1.68e-10
1512164639.686639, 5.00005, 2.9786e-05, 15.0, 1.67e-10
1512164639.72847, 4.99996, 3.03501e-05, 15.0, 1.79e-10
1512164639.770377, 5.00001, 3.03858e-05, 15.0, 1.62e-10
1512164639.812494, 5.00002, 3.00662e-05, 15.0, 2.17e-10
1512164639.858216, 5.02018, 3.01077e-05, 15.0, 1.81e-10
1512164639.9039779, 5.04032, 3.08876e-05, 15.0, 2.09e-10
1512164639.950367, 5.06048, 3.12035e-05, 15.0, 1.54e-10
1512164640.018969, 5.08065, 3.06222e-05, 15.0, 1.49e-10
1512164640.064802, 5.10075, 3.11101e-05, 15.0, 1.98e-10
1512164640.110689, 5.12099, 3.20369e-05, 15.0, 1.83e-10
1512164640.156269, 5.14113, 3.18391e-05, 15.0, 1.53e-10
1512164640.201906, 5.16134, 3.22897e-05, 15.0, 1.55e-10
1512164640.247693, 5.18143, 3.23142e-05, 15.0, 1.61e-10
1512164640.29355, 5.20157, 3.24885e-05, 15.0, 1.92e-10
1512164640.339083, 5.22176, 3.29595e-05, 15.0, 1.59e-10
1512164640.384993, 5.24196, 3.25599e-05, 15.0, 1.79e-10
1512164640.430794, 5.26208, 3.33162e-05, 15.0, 1.58e-10
1512164640.4767401, 5.2822, 3.29278e-05, 15.0, 2.2e-10
1512164640.5452428, 5.30248, 3.35988e-05, 15.0, 1.75e-10
1512164640.591275, 5.32256, 3.45102e-05, 15.0, 1.83e-10
1512164640.639939, 5.34275, 3.45398e-05, 15.0, 1.68e-10
1512164640.685914, 5.36287, 3.43485e-05, 15.0, 1.42e-10
1512164640.7316601, 5.3831, 3.43015e-05, 15.0, 1.51e-10
1512164640.777303, 5.40326, 3.48552e-05, 15.0, 1.5e-10
1512164640.823266, 5.42336, 3.56826e-05, 15.0, 1.36e-10
1512164640.86897, 5.44358, 3.53716e-05, 15.0, 2.29e-10
1512164640.914894, 5.4637, 3.58386e-05, 15.0, 1.42e-10
1512164640.96083, 5.48392, 3.60385e-05, 15.0, 1.96e-10
1512164641.029599, 5.50398, 3.66503e-05, 15.0, 1.64e-10
1512164641.075316, 5.5242, 3.69998e-05, 15.0, 1.61e-10
1512164641.1211479, 5.54435, 3.64061e-05, 15.0, 1.79e-10
1512164641.166807, 5.56453, 3.70205e-05, 15.0, 1.45e-10
1512164641.212797, 5.58471, 3.75502e-05, 15.0, 1.74e-10
1512164641.258448, 5.60485, 3.84421e-05, 15.0, 1.86e-10
1512164641.304372, 5.62495, 3.8807e-05, 15.0, 1.46e-10
1512164641.3503518, 5.64518, 3.87522e-05, 15.0, 1.52e-10
1512164641.39617, 5.66531, 3.8967e-05, 15.0, 1.72e-10
1512164641.441907, 5.68547, 3.89216e-05, 15.0, 1.86e-10
1512164641.487714, 5.7056, 3.84806e-05, 15.0, 1.56e-10
1512164641.5562081, 5.72587, 3.88622e-05, 15.0, 1.44e-10
1512164641.602205, 5.74592, 3.81649e-05, 15.0, 1.69e-10
1512164641.650652, 5.76607, 3.88294e-05, 15.0, 1.81e-10
1512164641.696429, 5.7863, 3.90187e-05, 15.0, 2.02e-10
1512164641.7422469, 5.80645, 3.97894e-05, 15.0, 1.9e-10
1512164641.788064, 5.82665, 3.97643e-05, 15.0, 1.47e-10
1512164641.833996, 5.84673, 4.03313e-05, 15.0, 1.69e-10
1512164641.879668, 5.86693, 3.9456e-05, 15.0, 1.58e-10
1512164641.925775, 5.88715, 4.06799e-05, 15.0, 1.62e-10
1512164641.971877, 5.90728, 4.07097e-05, 15.0, 1.91e-10
1512164642.040551, 5.92742, 4.10926e-05, 15.0, 1.31e-10
1512164642.086512, 5.94751, 4.15274e-05, 15.0, 1.61e-10
1512164642.1324558, 5.96773, 4.13469e-05, 15.0, 1.92e-10
1512164642.178096, 5.9879, 4.02977e-05, 15.0, 1.27e-10
1512164642.2238421, 6.00803, 4.22501e-05, 15.0, 1.79e-10
1512164642.269599, 6.02822, 4.28492e-05, 15.0, 1.54e-10
1512164642.315388, 6.04839, 4.32697e-05, 15.0, 1.71e-10
1512164642.36128, 6.06851, 4.42848e-05, 15.0, 1.71e-10
1512164642.40698, 6.08865, 4.47488e-05, 15.0, 1.48e-10
1512164642.452778, 6.10883, 4.44489e-05, 15.0, 1.85e-10
1512164642.4984572, 6.12909, 4.38881e-05, 15.0, 1.67e-10
1512164642.567038, 6.14921, 4.45389e-05, 15.0, 1.41e-10
1512164642.6132522, 6.16936, 4.36969e-05, 15.0, 1.66e-10
1512164642.661612, 6.18957, 4.4489e-05, 15.0, 1.41e-10
1512164642.707316, 6.20964, 4.48936e-05, 15.0, 1.54e-10
1512164642.753304, 6.22984, 4.47839e-05, 15.0, 1.35e-10
1512164642.798984, 6.25002, 4.46071e-05, 15.0, 1.71e-10
1512164642.844844, 6.27016, 4.50334e-05, 15.0, 1.48e-10
1512164642.890472, 6.29033, 4.62402e-05, 15.0, 2.09e-10
1512164642.936398, 6.31046, 4.69204e-05, 15.0, 1.5e-10
1512164642.9824371, 6.33066, 4.63807e-05, 15.0, 1.56e-10
1512164643.051157, 6.35077, 4.72083e-05, 15.0, 1.5e-10
1512164643.096978, 6.37098, 4.74066e-05, 15.0, 2.02e-10
1512164643.142907, 6.39116, 4.67618e-05, 15.0, 1.52e-10
1512164643.188679, 6.41123, 4.70973e-05, 15.0, 1.63e-10
1512164643.234455, 6.43145, 4.80549e-05, 15.0, 1.47e-10
1512164643.280166, 6.45157, 4.7991e-05, 15.0, 1.91e-10
1512164643.3262029, 6.47179, 4.68104e-05, 15.0, 1.82e-10
1512164643.372205, 6.4919, 4.78105e-05, 15.0, 1.67e-10
1512164643.417949, 6.51208, 4.79418e-05, 15.0, 1.54e-10
1512164643.463959, 6.53232, 4.7774e-05, 15.0, 1.68e-10
1512164643.5096781, 6.55239, 4.70001e-05, 15.0, 1.29e-10
1512164643.578323, 6.57256, 4.75334e-05, 15.0, 1.78e-10
1512164643.62447, 6.59271, 4.8438e-05, 15.0, 1.97e-10
1512164643.673101, 6.61287, 4.87346e-05, 15.0, 1.84e-10
1512164643.71883, 6.63309, 4.88785e-05, 15.0, 1.71e-10
1512164643.764649, 6.65318, 4.89536e-05, 15.0, 1.44e-10
1512164643.810393, 6.67343, 4.96975e-05, 15.0, 1.2e-10
1512164643.856204, 6.69351, 5.01865e-05, 15.0, 1.55e-10
1512164643.902025, 6.71371, 5.07823e-05, 15.0, 1.57e-10
1512164643.947906, 6.73387, 4.94919e-05, 15.0, 1.42e-10
1512164643.994194, 6.75406, 4.92772e-05, 15.0, 1.74e-10
1512164644.0619469, 6.77421, 5.09064e-05, 15.0, 1.66e-10
1512164644.1079412, 6.79436, 5.00374e-05, 15.0, 1.51e-10
1512164644.153864, 6.81456, 5.0164e-05, 15.0, 1.53e-10
1512164644.1998742, 6.83465, 5.03136e-05, 15.0, 1.55e-10
1512164644.24581, 6.85485, 5.0741e-05, 15.0, 1.44e-10
1512164644.291643, 6.87504, 4.98467e-05, 15.0, 1.56e-10
1512164644.3375318, 6.89513, 5.07759e-05, 15.0, 1.38e-10
1512164644.383414, 6.91535, 5.06848e-05, 15.0, 1.43e-10
1512164644.429207, 6.93549, 5.03192e-05, 15.0, 1.76e-10
1512164644.475219, 6.95572, 5.07217e-05, 15.0, 1.7e-10
1512164644.520972, 6.97575, 5.17029e-05, 15.0, 1.94e-10
1512164644.589823, 6.99593, 5.0989e-05, 15.0, 1.44e-10
1512164644.635895, 7.01611, 5.13739e-05, 15.0, 1.68e-10
1512164644.6845891, 7.03628, 5.09707e-05, 15.0, 1.62e-10
1512164644.730498, 7.05639, 5.17566e-05, 15.0, 1.45e-10
1512164644.776466, 7.07667, 5.17709e-05, 15.0, 1.68e-10
1512164644.822387, 7.09679, 5.26541e-05, 15.0, 1.61e-10
1512164644.868226, 7.1169, 5.13804e-05, 15.0, 1.32e-10
1512164644.913965, 7.13709, 5.24374e-05, 15.0, 1.76e-10
1512164644.959987, 7.15722, 5.17388e-05, 15.0, 1.54e-10
1512164645.005672, 7.17753, 5.24347e-05, 15.0, 1.89e-10
1512164645.073735, 7.1976, 5.231e-05, 15.0, 1.68e-10
1512164645.119712, 7.2177, 5.10778e-05, 15.0, 1.53e-10
1512164645.165256, 7.23791, 5.1319e-05, 15.0, 1.85e-10
1512164645.211088, 7.25803, 5.19139e-05, 15.0, 1.5e-10
1512164645.256835, 7.27819, 5.30837e-05, 15.0, 1.58e-10
1512164645.3026528, 7.29837, 5.29581e-05, 15.0, 1.37e-10
1512164645.348534, 7.3185, 5.27428e-05, 15.0, 1.57e-10
1512164645.39429, 7.33872, 5.31141e-05, 15.0, 1.51e-10
1512164645.440203, 7.3589, 5.39103e-05, 15.0, 1.11e-10
1512164645.486361, 7.37898, 5.3567e-05, 15.0, 1.4e-10
1512164645.53215, 7.39922, 5.47923e-05, 15.0, 1.7e-10
1512164645.60096, 7.41933, 5.51276e-05, 15.0, 1.45e-10
1512164645.647083, 7.43955, 5.46927e-05, 15.0, 1.41e-10
1512164645.695772, 7.45968, 4.71272e-05, 15.0, 1.25e-10
1512164645.741507, 7.4799, 4.72357e-05, 15.0, 1.49e-10
1512164645.787285, 7.50002, 4.79785e-05, 15.0, 2.03e-10
1512164645.8292632, 7.49995, 4.79428e-05, 15.0, 1.32e-10
1512164645.871202, 7.50006, 4.7995e-05, 15.0, 1.27e-10
1512164645.913306, 7.50001, 4.81861e-05, 15.0, 1.46e-10
1512164645.9552572, 7.49998, 4.72947e-05, 15.0, 1.48e-10
1512164645.9978502, 7.50001, 4.86733e-05, 15.0, 1.59e-10
1512164646.039943, 7.49999, 4.80862e-05, 15.0, 1.87e-10
1512164646.104893, 7.49997, 4.8682e-05, 15.0, 1.06e-10
1512164646.14693, 7.50001, 4.73185e-05, 15.0, 1.94e-10
1512164646.189207, 7.49995, 4.75591e-05, 15.0, 1.91e-10
1512164646.231241, 7.49999, 4.76532e-05, 15.0, 1.98e-10
1512164646.273302, 7.50003, 4.70888e-05, 15.0, 1.36e-10
1512164646.315516, 7.49995, 4.73512e-05, 15.0, 1.78e-10
1512164646.357685, 7.50004, 4.86164e-05, 15.0, 1.01e-10
1512164646.399904, 7.50002, 4.82856e-05, 15.0, 1.56e-10
1512164646.44193, 7.50003, 4.75554e-05, 15.0, 1.21e-10
1512164646.483924, 7.49985, 4.80207e-05, 15.0, 1.48e-10
1512164646.5258381, 7.49997, 4.7603e-05, 15.0, 1.89e-10
1512164646.588438, 7.50005, 4.76937e-05, 15.0, 1.52e-10
1512164646.630432, 7.49997, 4.66895e-05, 15.0, 1.5e-10
1512164646.6727612, 7.50006, 4.7453e-05, 15.0, 1.47e-10
1512164646.717639, 7.49996, 4.78632e-05, 15.0, 1.5e-10
1512164646.7595022, 7.50004, 4.7035e-05, 15.0, 1.79e-10
1512164646.8016279, 7.49998, 4.69673e-05, 15.0, 1.65e-10
1512164646.8435898, 7.50005, 4.71249e-05, 15.0, 1.54e-10
1512164646.8856041, 7.49994, 4.69955e-05, 15.0, 1.65e-10
1512164646.9274518, 7.50001, 4.77224e-05, 15.0, 1.03e-10
1512164646.969517, 7.49999, 4.74746e-05, 15.0, 1.44e-10
1512164647.0117161, 7.49999, 4.80024e-05, 15.0, 1.3e-10
1512164647.05372, 7.49998, 4.77013e-05, 15.0, 1.46e-10
1512164647.118355, 7.50003, 4.79364e-05, 15.0, 1.46e-10
1512164647.160566, 7.49998, 4.82946e-05, 15.0, 1.84e-10
1512164647.2027252, 7.49997, 4.79397e-05, 15.0, 1.62e-10
1512164647.244836, 7.49994, 4.76721e-05, 15.0, 1.98e-10
1512164647.286784, 7.49996, 4.67075e-05, 15.0, 1.56e-10
1512164647.328879, 7.50005, 4.68712e-05, 15.0, 1.78e-10
1512164647.37095, 7.49997, 4.59963e-05, 15.0, 1.71e-10
1512164647.412947, 7.50005, 4.74164e-05, 15.0, 1.73e-10
1512164647.4547, 7.50001, 4.67281e-05, 15.0, 1.37e-10
1512164647.4972968, 7.50004, 4.64506e-05, 15.0, 1.43e-10
1512164647.539231, 7.49999, 4.75697e-05, 15.0, 1.52e-10
1512164647.6029031, 7.49997, 4.64541e-05, 15.0, 1.69e-10
1512164647.6448278, 7.49997, 4.73331e-05, 15.0, 1.62e-10
1512164647.68681, 7.50002, 4.66588e-05, 15.0, 1.31e-10
1512164647.731201, 7.50008, 4.73473e-05, 15.0, 1.42e-10
1512164647.7731268, 7.50001, 4.70201e-05, 15.0, 1.66e-10
1512164647.815228, 7.5001, 4.81695e-05, 15.0, 1.51e-10
1512164647.857176, 7.49997, 4.94925e-05, 15.0, 1.62e-10
1512164647.899168, 7.50006, 4.94402e-05, 15.0, 1.12e-10
1512164647.941115, 7.50007, 4.79074e-05, 15.0, 1.62e-10
1512164647.983073, 7.50002, 4.88006e-05, 15.0, 1.82e-10
1512164648.025268, 7.50007, 4.8177e-05, 15.0, 1.49e-10
1512164648.067262, 7.49998, 4.73766e-05, 15.0, 1.53e-10
1512164648.1322749, 7.49996, 4.77084e-05, 15.0, 1.57e-10
1512164648.174731, 7.49992, 4.94068e-05, 15.0, 1.48e-10
1512164648.216884, 7.49997, 4.92636e-05, 15.0, 1.69e-10
1512164648.258921, 7.49996, 4.91446e-05, 15.0, 1.39e-10
1512164648.3008032, 7.50001, 4.88925e-05, 15.0, 1.48e-10
1512164648.343005, 7.49998, 4.8967e-05, 15.0, 1.35e-10
1512164648.385076, 7.50001, 4.82447e-05, 15.0, 1.87e-10
1512164648.427291, 7.49996, 4.79684e-05, 15.0, 1.86e-10
1512164648.469295, 7.49988, 4.75697e-05, 15.0, 1.66e-10
1512164648.511633, 7.49997, 4.74388e-05, 15.0, 1.43e-10
1512164648.553662, 7.50001, 4.74808e-05, 15.0, 1.24e-10
1512164648.61642, 7.5, 4.77694e-05, 15.0, 1.24e-10
1512164648.658543, 7.50002, 4.86578e-05, 15.0, 1.42e-10
1512164648.70069, 7.49995, 4.93274e-05, 15.0, 1.68e-10
1512164648.745337, 7.49999, 4.88434e-05, 15.0, 1.79e-10
1512164648.787395, 7.50005, 4.82894e-05, 15.0, 1.59e-10
1512164648.8295522, 7.50007, 4.82153e-05, 15.0, 1.75e-10
1512164648.871567, 7.50005, 4.8591e-05, 15.0, 1.58e-10
1512164648.91363, 7.50009, 4.82634e-05, 15.0, 1.8e-10
1512164648.955722, 7.49998, 4.85034e-05, 15.0, 1.84e-10
1512164648.997771, 7.5, 4.88556e-05, 15.0, 1.55e-10
1512164649.040093, 7.5, 4.92217e-05, 15.0, 1.63e-10
1512164649.082186, 7.49998, 4.88203e-05, 15.0, 1.62e-10
1512164649.147232, 7.49991, 4.85484e-05, 15.0, 1.78e-10
1512164649.189566, 7.5, 4.79595e-05, 15.0, 1.31e-10
1512164649.2318752, 7.50001, 4.78113e-05, 15.0, 1.75e-10
1512164649.273849, 7.49995, 4.76387e-05, 15.0, 1.65e-10
1512164649.315951, 7.50001, 4.76419e-05, 15.0, 1.48e-10
1512164649.3580291, 7.49996, 4.89902e-05, 15.0, 1.5e-10
1512164649.400189, 7.50003, 4.79397e-05, 15.0, 1.68e-10
1512164649.44241, 7.50001, 4.82859e-05, 15.0, 1.75e-10
1512164649.484751, 7.50006, 4.79766e-05, 15.0, 1.23e-10
1512164649.526943, 7.49997, 4.857e-05, 15.0, 1.46e-10
1512164649.568921, 7.50003, 4.82008e-05, 15.0, 1.51e-10
1512164649.631108, 7.50004, 4.73386e-05, 15.0, 1.71e-10
1512164649.673244, 7.50002, 4.7696e-05, 15.0, 1.65e-10
1512164649.715395, 7.50007, 4.68403e-05, 15.0, 1.44e-10
1512164649.760192, 7.50004, 4.81169e-05, 15.0, 1.32e-10
1512164649.8022988, 7.49997, 4.75092e-05, 15.0, 2.02e-10
1512164649.844756, 7.49998, 4.79808e-05, 15.0, 1.5e-10
1512164649.886666, 7.49997, 4.775e-05, 15.0, 1.4e-10
1512164649.9287748, 7.50002, 4.80414e-05, 15.0, 1.93e-10
1512164649.9705322, 7.50002, 4.72957e-05, 15.0, 1.43e-10
1512164650.012699, 7.49997, 4.77389e-05, 15.0, 1.77e-10
1512164650.0549939, 7.5, 4.76776e-05, 15.0, 1.35e-10
1512164650.096947, 7.49998, 4.88258e-05, 15.0, 1.65e-10
1512164650.162215, 7.50003, 4.89338e-05, 15.0, 1.61e-10
1512164650.204393, 7.49998, 4.83945e-05, 15.0, 1.23e-10
1512164650.246527, 7.50001, 4.75932e-05, 15.0, 1.59e-10
1512164650.288463, 7.5, 4.75837e-05, 15.0, 1.22e-10
1512164650.330755, 7.50002, 4.86194e-05, 15.0, 1.44e-10
1512164650.372771, 7.50001, 4.84676e-05, 15.0, 1.61e-10
1512164650.414655, 7.50001, 4.75576e-05, 15.0, 1.61e-10
1512164650.456615, 7.49995, 4.76969e-05, 15.0, 1.56e-10
1512164650.498506, 7.49997, 4.82055e-05, 15.0, 1.63e-10
1512164650.540531, 7.49997, 4.82597e-05, 15.0, 1.7e-10
1512164650.5824351, 7.49997, 4.93755e-05, 15.0, 1.85e-10
1512164650.645566, 7.50002, 4.84757e-05, 15.0, 1.52e-10
1512164650.687791, 7.5, 4.91934e-05, 15.0, 1.47e-10
1512164650.729892, 7.50008, 4.86767e-05, 15.0, 1.66e-10
1512164650.774409, 7.49993, 4.8069e-05, 15.0, 1.94e-10
1512164650.8167171, 7.50001, 4.89795e-05, 15.0, 1.19e-10
1512164650.858901, 7.50004, 4.91866e-05, 15.0, 1.8e-10
1512164650.900843, 7.49995, 4.92545e-05, 15.0, 1.13e-10
1512164650.9428532, 7.50004, 4.94444e-05, 15.0, 1.64e-10
1512164650.9849432, 7.50003, 4.84416e-05, 15.0, 1.53e-10
1512164651.02718, 7.50001, 4.80866e-05, 15.0, 1.69e-10
1512164651.069461, 7.49999, 4.82039e-05, 15.0, 1.41e-10
1512164651.111576, 7.49998, 4.90063e-05, 15.0, 1.74e-10
1512164651.176379, 7.49998, 4.87087e-05, 15.0, 1.25e-10
1512164651.218566, 7.50003, 4.85601e-05, 15.0, 1.36e-10
1512164651.260821, 7.49996, 4.89175e-05, 15.0, 1.42e-10
1512164651.302722, 7.49999, 4.85241e-05, 15.0, 1.52e-10
1512164651.344695, 7.50004, 4.82154e-05, 15.0, 1.65e-10
1512164651.390781, 7.52018, 4.90242e-05, 15.0, 1.18e-10
1512164651.43664, 7.54029, 4.83871e-05, 15.0, 1.69e-10
1512164651.4824488, 7.56045, 4.85457e-05, 15.0, 1.77e-10
1512164651.528491, 7.58065, 4.91389e-05, 15.0, 1.61e-10
1512164651.574545, 7.60077, 5.05597e-05, 15.0, 1.26e-10
1512164651.6202161, 7.62095, 5.03219e-05, 15.0, 1.6e-10
1512164651.688833, 7.64108, 5.06057e-05, 15.0, 1.37e-10
1512164651.735044, 7.6613, 5.13681e-05, 15.0, 1.49e-10
1512164651.783679, 7.68137, 5.21731e-05, 15.0, 1.22e-10
1512164651.8293812, 7.70168, 5.29372e-05, 15.0, 1.59e-10
1512164651.875542, 7.72178, 5.2148e-05, 15.0, 1.61e-10
1512164651.921247, 7.74192, 5.22216e-05, 15.0, 1.9e-10
1512164651.966951, 7.76207, 5.24434e-05, 15.0, 1.5e-10
1512164652.012692, 7.78225, 5.29938e-05, 15.0, 1.69e-10
1512164652.058484, 7.80247, 5.2812e-05, 15.0, 1.44e-10
1512164652.104188, 7.82264, 5.27576e-05, 15.0, 1.79e-10
1512164652.172988, 7.84276, 5.32912e-05, 15.0, 1.31e-10
1512164652.218994, 7.86293, 5.20823e-05, 15.0, 1.61e-10
1512164652.264885, 7.88304, 5.29335e-05, 15.0, 1.41e-10
1512164652.3105989, 7.90327, 5.34437e-05, 15.0, 1.4e-10
1512164652.356233, 7.92338, 5.32992e-05, 15.0, 1.54e-10
1512164652.402155, 7.94356, 5.27429e-05, 15.0, 1.46e-10
1512164652.44788, 7.96367, 5.43487e-05, 15.0, 1.88e-10
1512164652.4936619, 7.98382, 5.44889e-05, 15.0, 1.57e-10
1512164652.539656, 8.00396, 4.27328e-05, 15.0, 1.52e-10
1512164652.585715, 8.02419, 4.38612e-05, 15.0, 1.11e-10
1512164652.631393, 8.04438, 4.42458e-05, 15.0, 1.38e-10
1512164652.6999412, 8.06447, 4.31771e-05, 15.0, 1.16e-10
1512164652.746017, 8.08468, 4.32012e-05, 15.0, 1.71e-10
1512164652.7946649, 8.10489, 4.36904e-05, 15.0, 1.56e-10
1512164652.84032, 8.12495, 4.42309e-05, 15.0, 1.61e-10
1512164652.886262, 8.14521, 4.33522e-05, 15.0, 1.31e-10
1512164652.931964, 8.16531, 4.37213e-05, 15.0, 1.64e-10
1512164652.977959, 8.18545, 4.38053e-05, 15.0, 1.69e-10
1512164653.023793, 8.20564, 4.41461e-05, 15.0, 1.14e-10
1512164653.069765, 8.22583, 4.44096e-05, 15.0, 1.59e-10
1512164653.115434, 8.24599, 4.50304e-05, 15.0, 1.5e-10
1512164653.18383, 8.26609, 3.852e-05, 15.0, 1.32e-10
