{"runConfigs": {"GateSweep": {"saveFileName": "GateSweep", "isFastSweep": false, "isAlternatingSweep": false, "pulsedMeasurementOnTime": 0, "pulsedMeasurementOffTime": 0, "stepsInVGSPerDirection": 100, "pointsPerVGS": 1, "complianceCurrent": 0.0001, "drainVoltageSetPoint": -0.5, "gateVoltageMinimum": -15, "gateVoltageMaximum": 15}, "BurnOut": {"saveFileName": "BurnOut", "pointsPerRamp": 50, "pointsPerHold": 50, "complianceCurrent": 0.002, "thresholdProportion": 0.8, "minimumAppliedDrainVoltage": 1.1, "gateVoltageSetPoint": 15.0, "drainVoltageMaxPoint": 10, "drainVoltagePlateaus": 10}, "AutoBurnOut": {"targetOnOffRatio": 300, "limitBurnOutsAllowed": 8, "limitOnOffRatioDegradation": 0.7}, "StaticBias": {"saveFileName": "StaticBias", "totalBiasTime": 60, "measurementTime": 10, "complianceCurrent": 0.0001, "delayBeforeApplyingVoltage": 0, "delayBeforeMeasurementsBegin": 0, "gateVoltageSetPoint": -15, "drainVoltageSetPoint": -0.5, "gateVoltageWhenDone": 0, "drainVoltageWhenDone": 0}, "AutoGateSweep": {"numberOfSweeps": 1, "applyStaticBiasBetweenSweeps": false}, "AutoStaticBias": {"numberOfStaticBiases": 1, "doInitialGateSweep": true, "applyGateSweepBetweenBiases": false, "turnChannelsOffBetweenBiases": false, "channelsOffTime": 0, "firstDelayBeforeMeasurementsBegin": 0, "numberOfBiasesBetweenIncrements": 1, "incrementStaticGateVoltage": 0, "incrementStaticDrainVoltage": 0, "incrementGateVoltageWhenDone": 0, "incrementDrainVoltageWhenDone": 0, "incrementDelayBeforeReapplyingVoltage": 0, "shuffleDelaysBeforeReapplyingVoltage": false}}, "Results": {}, "Computed": {}, "SensorData": {}, "Identifiers": {"user": "nick", "project": "Project1", "wafer": "10", "chip": "20", "device": "1", "step": 12}, "MeasurementSystem": {"systemType": "single", "systems": {"SMU": {"uniqueID": "", "type": "B2912A", "settings": {}}}, "deviceRange": []}, "dataFolder": "data/", "ParametersFormatVersion": 4, "runType": "StaticBias", "StaticBias": {"totalBiasTime": 30, "complianceCurrent": 0.001, "gateVoltageSetPoint": 0, "drainVoltageSetPoint": 0.1, "measurementTime": 0.1}, "startIndexes": {"index": 0, "experimentNumber": 1, "timestamp": 1533134695.4637282}, "endIndexes": {"index": 0, "experimentNumber": 1, "timestamp": 1533134696.892024}}
{"runConfigs": {"GateSweep": {"saveFileName": "GateSweep", "isFastSweep": false, "isAlternatingSweep": false, "pulsedMeasurementOnTime": 0, "pulsedMeasurementOffTime": 0, "stepsInVGSPerDirection": 100, "pointsPerVGS": 1, "complianceCurrent": 0.0001, "drainVoltageSetPoint": -0.5, "gateVoltageMinimum": -15, "gateVoltageMaximum": 15}, "BurnOut": {"saveFileName": "BurnOut", "pointsPerRamp": 50, "pointsPerHold": 50, "complianceCurrent": 0.002, "thresholdProportion": 0.8, "minimumAppliedDrainVoltage": 1.1, "gateVoltageSetPoint": 15.0, "drainVoltageMaxPoint": 10, "drainVoltagePlateaus": 10}, "AutoBurnOut": {"targetOnOffRatio": 300, "limitBurnOutsAllowed": 8, "limitOnOffRatioDegradation": 0.7}, "StaticBias": {"saveFileName": "StaticBias", "totalBiasTime": 60, "measurementTime": 10, "complianceCurrent": 0.0001, "delayBeforeApplyingVoltage": 0, "delayBeforeMeasurementsBegin": 0, "gateVoltageSetPoint": -15, "drainVoltageSetPoint": -0.5, "gateVoltageWhenDone": 0, "drainVoltageWhenDone": 0}, "AutoGateSweep": {"numberOfSweeps": 1, "applyStaticBiasBetweenSweeps": false}, "AutoStaticBias": {"numberOfStaticBiases": 1, "doInitialGateSweep": true, "applyGateSweepBetweenBiases": false, "turnChannelsOffBetweenBiases": false, "channelsOffTime": 0, "firstDelayBeforeMeasurementsBegin": 0, "numberOfBiasesBetweenIncrements": 1, "incrementStaticGateVoltage": 0, "incrementStaticDrainVoltage": 0, "incrementGateVoltageWhenDone": 0, "incrementDrainVoltageWhenDone": 0, "incrementDelayBeforeReapplyingVoltage": 0, "shuffleDelaysBeforeReapplyingVoltage": false}}, "Results": {}, "Computed": {}, "SensorData": {}, "Identifiers": {"user": "nick", "project": "Project1", "wafer": "10", "chip": "20", "device": "1", "step": 12}, "MeasurementSystem": {"systemType": "single", "systems": {"SMU": {"uniqueID": "", "type": "B2912A", "settings": {}}}, "deviceRange": []}, "dataFolder": "data/", "ParametersFormatVersion": 4, "runType": "StaticBias", "StaticBias": {"totalBiasTime": 30, "complianceCurrent": 0.001, "gateVoltageSetPoint": 0, "drainVoltageSetPoint": 0.1, "measurementTime": 0.1}, "startIndexes": {"index": 0, "experimentNumber": 2, "timestamp": 1533134750.098815}, "endIndexes": {"index": 0, "experimentNumber": 2, "timestamp": 1533134751.1773179}}
{"runConfigs": {"GateSweep": {"saveFileName": "GateSweep", "isFastSweep": false, "isAlternatingSweep": false, "pulsedMeasurementOnTime": 0, "pulsedMeasurementOffTime": 0, "stepsInVGSPerDirection": 100, "pointsPerVGS": 1, "complianceCurrent": 0.0001, "drainVoltageSetPoint": -0.5, "gateVoltageMinimum": -15, "gateVoltageMaximum": 15}, "BurnOut": {"saveFileName": "BurnOut", "pointsPerRamp": 50, "pointsPerHold": 50, "complianceCurrent": 0.002, "thresholdProportion": 0.8, "minimumAppliedDrainVoltage": 1.1, "gateVoltageSetPoint": 15.0, "drainVoltageMaxPoint": 10, "drainVoltagePlateaus": 10}, "AutoBurnOut": {"targetOnOffRatio": 300, "limitBurnOutsAllowed": 8, "limitOnOffRatioDegradation": 0.7}, "StaticBias": {"saveFileName": "StaticBias", "totalBiasTime": 60, "measurementTime": 10, "complianceCurrent": 0.0001, "delayBeforeApplyingVoltage": 0, "delayBeforeMeasurementsBegin": 0, "gateVoltageSetPoint": -15, "drainVoltageSetPoint": -0.5, "gateVoltageWhenDone": 0, "drainVoltageWhenDone": 0}, "AutoGateSweep": {"numberOfSweeps": 1, "applyStaticBiasBetweenSweeps": false}, "AutoStaticBias": {"numberOfStaticBiases": 1, "doInitialGateSweep": true, "applyGateSweepBetweenBiases": false, "turnChannelsOffBetweenBiases": false, "channelsOffTime": 0, "firstDelayBeforeMeasurementsBegin": 0, "numberOfBiasesBetweenIncrements": 1, "incrementStaticGateVoltage": 0, "incrementStaticDrainVoltage": 0, "incrementGateVoltageWhenDone": 0, "incrementDrainVoltageWhenDone": 0, "incrementDelayBeforeReapplyingVoltage": 0, "shuffleDelaysBeforeReapplyingVoltage": false}}, "Results": {}, "Computed": {}, "SensorData": {}, "Identifiers": {"user": "nick", "project": "Project1", "wafer": "10", "chip": "20", "device": "1", "step": 12}, "MeasurementSystem": {"systemType": "single", "systems": {"SMU": {"uniqueID": "", "type": "B2912A", "settings": {}}}, "deviceRange": []}, "dataFolder": "data/", "ParametersFormatVersion": 4, "runType": "StaticBias", "StaticBias": {"totalBiasTime": 30, "complianceCurrent": 0.001, "gateVoltageSetPoint": 0, "drainVoltageSetPoint": 0.1, "measurementTime": 0.1}, "startIndexes": {"index": 0, "experimentNumber": 3, "timestamp": 1533134741.610674}, "endIndexes": {"index": 0, "experimentNumber": 3, "timestamp": 1533134744.846198}}
{"runConfigs": {"GateSweep": {"saveFileName": "GateSweep", "isFastSweep": false, "isAlternatingSweep": false, "pulsedMeasurementOnTime": 0, "pulsedMeasurementOffTime": 0, "stepsInVGSPerDirection": 100, "pointsPerVGS": 1, "complianceCurrent": 0.0001, "drainVoltageSetPoint": -0.5, "gateVoltageMinimum": -15, "gateVoltageMaximum": 15}, "BurnOut": {"saveFileName": "BurnOut", "pointsPerRamp": 50, "pointsPerHold": 50, "complianceCurrent": 0.002, "thresholdProportion": 0.8, "minimumAppliedDrainVoltage": 1.1, "gateVoltageSetPoint": 15.0, "drainVoltageMaxPoint": 10, "drainVoltagePlateaus": 10}, "AutoBurnOut": {"targetOnOffRatio": 300, "limitBurnOutsAllowed": 8, "limitOnOffRatioDegradation": 0.7}, "StaticBias": {"saveFileName": "StaticBias", "totalBiasTime": 60, "measurementTime": 10, "complianceCurrent": 0.0001, "delayBeforeApplyingVoltage": 0, "delayBeforeMeasurementsBegin": 0, "gateVoltageSetPoint": -15, "drainVoltageSetPoint": -0.5, "gateVoltageWhenDone": 0, "drainVoltageWhenDone": 0}, "AutoGateSweep": {"numberOfSweeps": 1, "applyStaticBiasBetweenSweeps": false}, "AutoStaticBias": {"numberOfStaticBiases": 1, "doInitialGateSweep": true, "applyGateSweepBetweenBiases": false, "turnChannelsOffBetweenBiases": false, "channelsOffTime": 0, "firstDelayBeforeMeasurementsBegin": 0, "numberOfBiasesBetweenIncrements": 1, "incrementStaticGateVoltage": 0, "incrementStaticDrainVoltage": 0, "incrementGateVoltageWhenDone": 0, "incrementDrainVoltageWhenDone": 0, "incrementDelayBeforeReapplyingVoltage": 0, "shuffleDelaysBeforeReapplyingVoltage": false}}, "Results": {}, "Computed": {}, "SensorData": {}, "Identifiers": {"user": "nick", "project": "Project1", "wafer": "10", "chip": "20", "device": "1", "step": 12}, "MeasurementSystem": {"systemType": "single", "systems": {"SMU": {"uniqueID": "", "type": "B2912A", "settings": {}}}, "deviceRange": []}, "dataFolder": "data/", "ParametersFormatVersion": 4, "runType": "StaticBias", "StaticBias": {"totalBiasTime": 30, "complianceCurrent": 0.001, "gateVoltageSetPoint": 0, "drainVoltageSetPoint": 0.1, "measurementTime": 0.1}, "startIndexes": {"index": 0, "experimentNumber": 4, "timestamp": 1533134767.0517719}, "endIndexes": {"index": 0, "experimentNumber": 4, "timestamp": 1533134772.9264379}}
{"runConfigs": {"GateSweep": {"saveFileName": "GateSweep", "isFastSweep": false, "isAlternatingSweep": false, "pulsedMeasurementOnTime": 0, "pulsedMeasurementOffTime": 0, "stepsInVGSPerDirection": 100, "pointsPerVGS": 1, "complianceCurrent": 0.0001, "drainVoltageSetPoint": -0.5, "gateVoltageMinimum": -15, "gateVoltageMaximum": 15}, "BurnOut": {"saveFileName": "BurnOut", "pointsPerRamp": 50, "pointsPerHold": 50, "complianceCurrent": 0.002, "thresholdProportion": 0.8, "minimumAppliedDrainVoltage": 1.1, "gateVoltageSetPoint": 15.0, "drainVoltageMaxPoint": 10, "drainVoltagePlateaus": 10}, "AutoBurnOut": {"targetOnOffRatio": 300, "limitBurnOutsAllowed": 8, "limitOnOffRatioDegradation": 0.7}, "StaticBias": {"saveFileName": "StaticBias", "totalBiasTime": 60, "measurementTime": 10, "complianceCurrent": 0.0001, "delayBeforeApplyingVoltage": 0, "delayBeforeMeasurementsBegin": 0, "gateVoltageSetPoint": -15, "drainVoltageSetPoint": -0.5, "gateVoltageWhenDone": 0, "drainVoltageWhenDone": 0}, "AutoGateSweep": {"numberOfSweeps": 1, "applyStaticBiasBetweenSweeps": false}, "AutoStaticBias": {"numberOfStaticBiases": 1, "doInitialGateSweep": true, "applyGateSweepBetweenBiases": false, "turnChannelsOffBetweenBiases": false, "channelsOffTime": 0, "firstDelayBeforeMeasurementsBegin": 0, "numberOfBiasesBetweenIncrements": 1, "incrementStaticGateVoltage": 0, "incrementStaticDrainVoltage": 0, "incrementGateVoltageWhenDone": 0, "incrementDrainVoltageWhenDone": 0, "incrementDelayBeforeReapplyingVoltage": 0, "shuffleDelaysBeforeReapplyingVoltage": false}}, "Results": {}, "Computed": {}, "SensorData": {}, "Identifiers": {"user": "nick", "project": "Project1", "wafer": "10", "chip": "20", "device": "1", "step": 12}, "MeasurementSystem": {"systemType": "single", "systems": {"SMU": {"uniqueID": "", "type": "B2912A", "settings": {}}}, "deviceRange": []}, "dataFolder": "data/", "ParametersFormatVersion": 4, "runType": "StaticBias", "StaticBias": {"totalBiasTime": 30, "complianceCurrent": 0.001, "gateVoltageSetPoint": 0, "drainVoltageSetPoint": 0.1, "measurementTime": 1}, "startIndexes": {"index": 0, "experimentNumber": 5, "timestamp": 1533134807.183925}, "endIndexes": {"index": 0, "experimentNumber": 5, "timestamp": 1533134812.9950888}}
{"runConfigs": {"GateSweep": {"saveFileName": "GateSweep", "isFastSweep": false, "isAlternatingSweep": false, "pulsedMeasurementOnTime": 0, "pulsedMeasurementOffTime": 0, "stepsInVGSPerDirection": 100, "pointsPerVGS": 1, "complianceCurrent": 0.0001, "drainVoltageSetPoint": -0.5, "gateVoltageMinimum": -15, "gateVoltageMaximum": 15}, "BurnOut": {"saveFileName": "BurnOut", "pointsPerRamp": 50, "pointsPerHold": 50, "complianceCurrent": 0.002, "thresholdProportion": 0.8, "minimumAppliedDrainVoltage": 1.1, "gateVoltageSetPoint": 15.0, "drainVoltageMaxPoint": 10, "drainVoltagePlateaus": 10}, "AutoBurnOut": {"targetOnOffRatio": 300, "limitBurnOutsAllowed": 8, "limitOnOffRatioDegradation": 0.7}, "StaticBias": {"saveFileName": "StaticBias", "totalBiasTime": 60, "measurementTime": 10, "complianceCurrent": 0.0001, "delayBeforeApplyingVoltage": 0, "delayBeforeMeasurementsBegin": 0, "gateVoltageSetPoint": -15, "drainVoltageSetPoint": -0.5, "gateVoltageWhenDone": 0, "drainVoltageWhenDone": 0}, "AutoGateSweep": {"numberOfSweeps": 1, "applyStaticBiasBetweenSweeps": false}, "AutoStaticBias": {"numberOfStaticBiases": 1, "doInitialGateSweep": true, "applyGateSweepBetweenBiases": false, "turnChannelsOffBetweenBiases": false, "channelsOffTime": 0, "firstDelayBeforeMeasurementsBegin": 0, "numberOfBiasesBetweenIncrements": 1, "incrementStaticGateVoltage": 0, "incrementStaticDrainVoltage": 0, "incrementGateVoltageWhenDone": 0, "incrementDrainVoltageWhenDone": 0, "incrementDelayBeforeReapplyingVoltage": 0, "shuffleDelaysBeforeReapplyingVoltage": false}}, "Results": {}, "Computed": {}, "SensorData": {}, "Identifiers": {"user": "nick", "project": "Project1", "wafer": "10", "chip": "20", "device": "1", "step": 12}, "MeasurementSystem": {"systemType": "single", "systems": {"SMU": {"uniqueID": "", "type": "B2912A", "settings": {}}}, "deviceRange": []}, "dataFolder": "data/", "ParametersFormatVersion": 4, "runType": "StaticBias", "StaticBias": {"totalBiasTime": 30, "complianceCurrent": 0.001, "gateVoltageSetPoint": 0, "drainVoltageSetPoint": 0.1, "measurementTime": 10}, "startIndexes": {"index": 0, "experimentNumber": 6, "timestamp": 1533134827.4978938}, "endIndexes": {"index": 0, "experimentNumber": 6, "timestamp": 1533134833.315826}}
{"runConfigs": {"GateSweep": {"saveFileName": "GateSweep", "isFastSweep": false, "isAlternatingSweep": false, "pulsedMeasurementOnTime": 0, "pulsedMeasurementOffTime": 0, "stepsInVGSPerDirection": 100, "pointsPerVGS": 1, "complianceCurrent": 0.0001, "drainVoltageSetPoint": -0.5, "gateVoltageMinimum": -15, "gateVoltageMaximum": 15}, "BurnOut": {"saveFileName": "BurnOut", "pointsPerRamp": 50, "pointsPerHold": 50, "complianceCurrent": 0.002, "thresholdProportion": 0.8, "minimumAppliedDrainVoltage": 1.1, "gateVoltageSetPoint": 15.0, "drainVoltageMaxPoint": 10, "drainVoltagePlateaus": 10}, "AutoBurnOut": {"targetOnOffRatio": 300, "limitBurnOutsAllowed": 8, "limitOnOffRatioDegradation": 0.7}, "StaticBias": {"saveFileName": "StaticBias", "totalBiasTime": 60, "measurementTime": 10, "complianceCurrent": 0.0001, "delayBeforeApplyingVoltage": 0, "delayBeforeMeasurementsBegin": 0, "gateVoltageSetPoint": -15, "drainVoltageSetPoint": -0.5, "gateVoltageWhenDone": 0, "drainVoltageWhenDone": 0}, "AutoGateSweep": {"numberOfSweeps": 1, "applyStaticBiasBetweenSweeps": false}, "AutoStaticBias": {"numberOfStaticBiases": 1, "doInitialGateSweep": true, "applyGateSweepBetweenBiases": false, "turnChannelsOffBetweenBiases": false, "channelsOffTime": 0, "firstDelayBeforeMeasurementsBegin": 0, "numberOfBiasesBetweenIncrements": 1, "incrementStaticGateVoltage": 0, "incrementStaticDrainVoltage": 0, "incrementGateVoltageWhenDone": 0, "incrementDrainVoltageWhenDone": 0, "incrementDelayBeforeReapplyingVoltage": 0, "shuffleDelaysBeforeReapplyingVoltage": false}}, "Results": {}, "Computed": {"id_std": 3.1526087081442057e-12}, "SensorData": {}, "Identifiers": {"user": "nick", "project": "Project1", "wafer": "10", "chip": "20", "device": "1", "step": 12}, "MeasurementSystem": {"systemType": "single", "systems": {"SMU": {"uniqueID": "", "type": "B2912A", "settings": {}}}, "deviceRange": []}, "dataFolder": "data/", "ParametersFormatVersion": 4, "runType": "StaticBias", "StaticBias": {"totalBiasTime": 30, "complianceCurrent": 0.001, "gateVoltageSetPoint": 0, "drainVoltageSetPoint": 0.1, "measurementTime": 1}, "startIndexes": {"index": 0, "experimentNumber": 7, "timestamp": 1533134903.584679}, "endIndexes": {"index": 1, "experimentNumber": 7, "timestamp": 1533134963.309172}}
{"runConfigs": {"GateSweep": {"saveFileName": "GateSweep", "isFastSweep": false, "isAlternatingSweep": false, "pulsedMeasurementOnTime": 0, "pulsedMeasurementOffTime": 0, "stepsInVGSPerDirection": 100, "pointsPerVGS": 1, "complianceCurrent": 0.0001, "drainVoltageSetPoint": -0.5, "gateVoltageMinimum": -15, "gateVoltageMaximum": 15}, "BurnOut": {"saveFileName": "BurnOut", "pointsPerRamp": 50, "pointsPerHold": 50, "complianceCurrent": 0.002, "thresholdProportion": 0.8, "minimumAppliedDrainVoltage": 1.1, "gateVoltageSetPoint": 15.0, "drainVoltageMaxPoint": 10, "drainVoltagePlateaus": 10}, "AutoBurnOut": {"targetOnOffRatio": 300, "limitBurnOutsAllowed": 8, "limitOnOffRatioDegradation": 0.7}, "StaticBias": {"saveFileName": "StaticBias", "totalBiasTime": 30, "measurementTime": 1, "complianceCurrent": 0.001, "delayBeforeApplyingVoltage": 0, "delayBeforeMeasurementsBegin": 0, "gateVoltageSetPoint": 0, "drainVoltageSetPoint": 0.1, "gateVoltageWhenDone": 0, "drainVoltageWhenDone": 0}, "AutoGateSweep": {"numberOfSweeps": 1, "applyStaticBiasBetweenSweeps": false}, "AutoStaticBias": {"numberOfStaticBiases": 1, "doInitialGateSweep": true, "applyGateSweepBetweenBiases": false, "turnChannelsOffBetweenBiases": false, "channelsOffTime": 0, "firstDelayBeforeMeasurementsBegin": 0, "numberOfBiasesBetweenIncrements": 1, "incrementStaticGateVoltage": 0, "incrementStaticDrainVoltage": 0, "incrementGateVoltageWhenDone": 0, "incrementDrainVoltageWhenDone": 0, "incrementDelayBeforeReapplyingVoltage": 0, "shuffleDelaysBeforeReapplyingVoltage": false}}, "Results": {}, "Computed": {"id_std": 4.640979090306988e-12}, "SensorData": {}, "Identifiers": {"user": "nick", "project": "Project1", "wafer": "10", "chip": "20", "device": "1", "step": 12}, "MeasurementSystem": {"systemType": "single", "systems": {"SMU": {"uniqueID": "", "type": "B2912A", "settings": {}}}, "deviceRange": []}, "dataFolder": "data/", "ParametersFormatVersion": 4, "runType": "StaticBias", "startIndexes": {"index": 1, "experimentNumber": 8, "timestamp": 1533135028.0304909}, "endIndexes": {"index": 2, "experimentNumber": 8, "timestamp": 1533135059.143559}}
{"runConfigs": {"GateSweep": {"saveFileName": "GateSweep", "isFastSweep": false, "isAlternatingSweep": false, "pulsedMeasurementOnTime": 0, "pulsedMeasurementOffTime": 0, "stepsInVGSPerDirection": 100, "pointsPerVGS": 1, "complianceCurrent": 0.0001, "drainVoltageSetPoint": -0.5, "gateVoltageMinimum": -15, "gateVoltageMaximum": 15}, "BurnOut": {"saveFileName": "BurnOut", "pointsPerRamp": 50, "pointsPerHold": 50, "complianceCurrent": 0.002, "thresholdProportion": 0.8, "minimumAppliedDrainVoltage": 1.1, "gateVoltageSetPoint": 15.0, "drainVoltageMaxPoint": 10, "drainVoltagePlateaus": 10}, "AutoBurnOut": {"targetOnOffRatio": 300, "limitBurnOutsAllowed": 8, "limitOnOffRatioDegradation": 0.7}, "StaticBias": {"saveFileName": "StaticBias", "totalBiasTime": 30, "measurementTime": 0.1, "complianceCurrent": 0.001, "delayBeforeApplyingVoltage": 0, "delayBeforeMeasurementsBegin": 0, "gateVoltageSetPoint": 0, "drainVoltageSetPoint": 0.1, "gateVoltageWhenDone": 0, "drainVoltageWhenDone": 0}, "AutoGateSweep": {"numberOfSweeps": 1, "applyStaticBiasBetweenSweeps": false}, "AutoStaticBias": {"numberOfStaticBiases": 1, "doInitialGateSweep": true, "applyGateSweepBetweenBiases": false, "turnChannelsOffBetweenBiases": false, "channelsOffTime": 0, "firstDelayBeforeMeasurementsBegin": 0, "numberOfBiasesBetweenIncrements": 1, "incrementStaticGateVoltage": 0, "incrementStaticDrainVoltage": 0, "incrementGateVoltageWhenDone": 0, "incrementDrainVoltageWhenDone": 0, "incrementDelayBeforeReapplyingVoltage": 0, "shuffleDelaysBeforeReapplyingVoltage": false}}, "Results": {}, "Computed": {"id_std": 1.0996323881491789e-11}, "SensorData": {}, "Identifiers": {"user": "nick", "project": "Project1", "wafer": "10", "chip": "20", "device": "1", "step": 12}, "MeasurementSystem": {"systemType": "single", "systems": {"SMU": {"uniqueID": "", "type": "B2912A", "settings": {}}}, "deviceRange": []}, "dataFolder": "data/", "ParametersFormatVersion": 4, "runType": "StaticBias", "startIndexes": {"index": 2, "experimentNumber": 9, "timestamp": 1533135380.5179589}, "endIndexes": {"index": 3, "experimentNumber": 9, "timestamp": 1533135463.2067652}}
{"runConfigs": {"GateSweep": {"saveFileName": "GateSweep", "isFastSweep": false, "isAlternatingSweep": false, "pulsedMeasurementOnTime": 0, "pulsedMeasurementOffTime": 0, "stepsInVGSPerDirection": 100, "pointsPerVGS": 1, "complianceCurrent": 0.0001, "drainVoltageSetPoint": -0.5, "gateVoltageMinimum": -15, "gateVoltageMaximum": 15}, "BurnOut": {"saveFileName": "BurnOut", "pointsPerRamp": 50, "pointsPerHold": 50, "complianceCurrent": 0.002, "thresholdProportion": 0.8, "minimumAppliedDrainVoltage": 1.1, "gateVoltageSetPoint": 15.0, "drainVoltageMaxPoint": 10, "drainVoltagePlateaus": 10}, "AutoBurnOut": {"targetOnOffRatio": 300, "limitBurnOutsAllowed": 8, "limitOnOffRatioDegradation": 0.7}, "StaticBias": {"saveFileName": "StaticBias", "totalBiasTime": 10, "measurementTime": 0.3, "complianceCurrent": 0.001, "delayBeforeApplyingVoltage": 0, "delayBeforeMeasurementsBegin": 0, "gateVoltageSetPoint": 0, "drainVoltageSetPoint": 0.1, "gateVoltageWhenDone": 0, "drainVoltageWhenDone": 0}, "AutoGateSweep": {"numberOfSweeps": 1, "applyStaticBiasBetweenSweeps": false}, "AutoStaticBias": {"numberOfStaticBiases": 1, "doInitialGateSweep": true, "applyGateSweepBetweenBiases": false, "turnChannelsOffBetweenBiases": false, "channelsOffTime": 0, "firstDelayBeforeMeasurementsBegin": 0, "numberOfBiasesBetweenIncrements": 1, "incrementStaticGateVoltage": 0, "incrementStaticDrainVoltage": 0, "incrementGateVoltageWhenDone": 0, "incrementDrainVoltageWhenDone": 0, "incrementDelayBeforeReapplyingVoltage": 0, "shuffleDelaysBeforeReapplyingVoltage": false}}, "Results": {}, "Computed": {"id_std": 4.286986265393141e-12}, "SensorData": {}, "Identifiers": {"user": "nick", "project": "Project1", "wafer": "10", "chip": "20", "device": "1", "step": 12}, "MeasurementSystem": {"systemType": "single", "systems": {"SMU": {"uniqueID": "", "type": "B2912A", "settings": {}}}, "deviceRange": []}, "dataFolder": "data/", "ParametersFormatVersion": 4, "runType": "StaticBias", "startIndexes": {"index": 3, "experimentNumber": 10, "timestamp": 1533135546.52275}, "endIndexes": {"index": 4, "experimentNumber": 10, "timestamp": 1533135558.4409568}}
{"runConfigs": {"GateSweep": {"saveFileName": "GateSweep", "isFastSweep": false, "isAlternatingSweep": false, "pulsedMeasurementOnTime": 0, "pulsedMeasurementOffTime": 0, "stepsInVGSPerDirection": 100, "pointsPerVGS": 1, "complianceCurrent": 0.0001, "drainVoltageSetPoint": -0.5, "gateVoltageMinimum": -15, "gateVoltageMaximum": 15}, "BurnOut": {"saveFileName": "BurnOut", "pointsPerRamp": 50, "pointsPerHold": 50, "complianceCurrent": 0.002, "thresholdProportion": 0.8, "minimumAppliedDrainVoltage": 1.1, "gateVoltageSetPoint": 15.0, "drainVoltageMaxPoint": 10, "drainVoltagePlateaus": 10}, "AutoBurnOut": {"targetOnOffRatio": 300, "limitBurnOutsAllowed": 8, "limitOnOffRatioDegradation": 0.7}, "StaticBias": {"saveFileName": "StaticBias", "totalBiasTime": 30, "measurementTime": 0.3, "complianceCurrent": 0.001, "delayBeforeApplyingVoltage": 0, "delayBeforeMeasurementsBegin": 0, "gateVoltageSetPoint": 0, "drainVoltageSetPoint": 0.1, "gateVoltageWhenDone": 0, "drainVoltageWhenDone": 0}, "AutoGateSweep": {"numberOfSweeps": 1, "applyStaticBiasBetweenSweeps": false}, "AutoStaticBias": {"numberOfStaticBiases": 1, "doInitialGateSweep": true, "applyGateSweepBetweenBiases": false, "turnChannelsOffBetweenBiases": false, "channelsOffTime": 0, "firstDelayBeforeMeasurementsBegin": 0, "numberOfBiasesBetweenIncrements": 1, "incrementStaticGateVoltage": 0, "incrementStaticDrainVoltage": 0, "incrementGateVoltageWhenDone": 0, "incrementDrainVoltageWhenDone": 0, "incrementDelayBeforeReapplyingVoltage": 0, "shuffleDelaysBeforeReapplyingVoltage": false}}, "Results": {}, "Computed": {"id_std": 2.5875142975450396e-12}, "SensorData": {}, "Identifiers": {"user": "nick", "project": "Project1", "wafer": "10", "chip": "20", "device": "1", "step": 12}, "MeasurementSystem": {"systemType": "single", "systems": {"SMU": {"uniqueID": "", "type": "B2912A", "settings": {}}}, "deviceRange": []}, "dataFolder": "data/", "ParametersFormatVersion": 4, "runType": "StaticBias", "startIndexes": {"index": 4, "experimentNumber": 12, "timestamp": 1533136314.3814158}, "endIndexes": {"index": 5, "experimentNumber": 12, "timestamp": 1533136347.6449358}}
{"runConfigs": {"GateSweep": {"saveFileName": "GateSweep", "isFastSweep": false, "isAlternatingSweep": false, "pulsedMeasurementOnTime": 0, "pulsedMeasurementOffTime": 0, "stepsInVGSPerDirection": 100, "pointsPerVGS": 1, "complianceCurrent": 0.0001, "drainVoltageSetPoint": -0.5, "gateVoltageMinimum": -15, "gateVoltageMaximum": 15}, "BurnOut": {"saveFileName": "BurnOut", "pointsPerRamp": 50, "pointsPerHold": 50, "complianceCurrent": 0.002, "thresholdProportion": 0.8, "minimumAppliedDrainVoltage": 1.1, "gateVoltageSetPoint": 15.0, "drainVoltageMaxPoint": 10, "drainVoltagePlateaus": 10}, "AutoBurnOut": {"targetOnOffRatio": 300, "limitBurnOutsAllowed": 8, "limitOnOffRatioDegradation": 0.7}, "StaticBias": {"saveFileName": "StaticBias", "totalBiasTime": 30, "measurementTime": 0.3, "complianceCurrent": 0.001, "delayBeforeApplyingVoltage": 0, "delayBeforeMeasurementsBegin": 0, "gateVoltageSetPoint": 0, "drainVoltageSetPoint": 0.1, "gateVoltageWhenDone": 0, "drainVoltageWhenDone": 0}, "AutoGateSweep": {"numberOfSweeps": 1, "applyStaticBiasBetweenSweeps": false}, "AutoStaticBias": {"numberOfStaticBiases": 1, "doInitialGateSweep": true, "applyGateSweepBetweenBiases": false, "turnChannelsOffBetweenBiases": false, "channelsOffTime": 0, "firstDelayBeforeMeasurementsBegin": 0, "numberOfBiasesBetweenIncrements": 1, "incrementStaticGateVoltage": 0, "incrementStaticDrainVoltage": 0, "incrementGateVoltageWhenDone": 0, "incrementDrainVoltageWhenDone": 0, "incrementDelayBeforeReapplyingVoltage": 0, "shuffleDelaysBeforeReapplyingVoltage": false}}, "Results": {}, "Computed": {"id_std": 1.0747380336142338e-09}, "SensorData": {}, "Identifiers": {"user": "nick", "project": "Project1", "wafer": "10", "chip": "20", "device": "1", "step": 12}, "MeasurementSystem": {"systemType": "single", "systems": {"SMU": {"uniqueID": "", "type": "B2912A", "settings": {}}}, "deviceRange": []}, "dataFolder": "data/", "ParametersFormatVersion": 4, "runType": "StaticBias", "startIndexes": {"index": 5, "experimentNumber": 13, "timestamp": 1533136473.756308}, "endIndexes": {"index": 6, "experimentNumber": 13, "timestamp": 1533136506.973289}}
{"runConfigs": {"GateSweep": {"saveFileName": "GateSweep", "isFastSweep": false, "isAlternatingSweep": false, "pulsedMeasurementOnTime": 0, "pulsedMeasurementOffTime": 0, "stepsInVGSPerDirection": 100, "pointsPerVGS": 1, "complianceCurrent": 0.0001, "drainVoltageSetPoint": -0.5, "gateVoltageMinimum": -15, "gateVoltageMaximum": 15}, "BurnOut": {"saveFileName": "BurnOut", "pointsPerRamp": 50, "pointsPerHold": 50, "complianceCurrent": 0.002, "thresholdProportion": 0.8, "minimumAppliedDrainVoltage": 1.1, "gateVoltageSetPoint": 15.0, "drainVoltageMaxPoint": 10, "drainVoltagePlateaus": 10}, "AutoBurnOut": {"targetOnOffRatio": 300, "limitBurnOutsAllowed": 8, "limitOnOffRatioDegradation": 0.7}, "StaticBias": {"saveFileName": "StaticBias", "totalBiasTime": 120, "measurementTime": 0.3, "complianceCurrent": 0.001, "delayBeforeApplyingVoltage": 0, "delayBeforeMeasurementsBegin": 0, "gateVoltageSetPoint": 0, "drainVoltageSetPoint": 0.1, "gateVoltageWhenDone": 0, "drainVoltageWhenDone": 0}, "AutoGateSweep": {"numberOfSweeps": 1, "applyStaticBiasBetweenSweeps": false}, "AutoStaticBias": {"numberOfStaticBiases": 1, "doInitialGateSweep": true, "applyGateSweepBetweenBiases": false, "turnChannelsOffBetweenBiases": false, "channelsOffTime": 0, "firstDelayBeforeMeasurementsBegin": 0, "numberOfBiasesBetweenIncrements": 1, "incrementStaticGateVoltage": 0, "incrementStaticDrainVoltage": 0, "incrementGateVoltageWhenDone": 0, "incrementDrainVoltageWhenDone": 0, "incrementDelayBeforeReapplyingVoltage": 0, "shuffleDelaysBeforeReapplyingVoltage": false}}, "Results": {}, "Computed": {"id_std": 5.236180180067707e-09}, "SensorData": {}, "Identifiers": {"user": "nick", "project": "Project1", "wafer": "10", "chip": "20", "device": "1", "step": 12}, "MeasurementSystem": {"systemType": "single", "systems": {"SMU": {"uniqueID": "", "type": "B2912A", "settings": {}}}, "deviceRange": []}, "dataFolder": "data/", "ParametersFormatVersion": 4, "runType": "StaticBias", "startIndexes": {"index": 6, "experimentNumber": 14, "timestamp": 1533136669.6928132}, "endIndexes": {"index": 7, "experimentNumber": 14, "timestamp": 1533136799.663386}}
{"runConfigs": {"GateSweep": {"saveFileName": "GateSweep", "isFastSweep": false, "isAlternatingSweep": false, "pulsedMeasurementOnTime": 0, "pulsedMeasurementOffTime": 0, "stepsInVGSPerDirection": 100, "pointsPerVGS": 1, "complianceCurrent": 0.0001, "drainVoltageSetPoint": -0.5, "gateVoltageMinimum": -15, "gateVoltageMaximum": 15}, "BurnOut": {"saveFileName": "BurnOut", "pointsPerRamp": 50, "pointsPerHold": 50, "complianceCurrent": 0.002, "thresholdProportion": 0.8, "minimumAppliedDrainVoltage": 1.1, "gateVoltageSetPoint": 15.0, "drainVoltageMaxPoint": 10, "drainVoltagePlateaus": 10}, "AutoBurnOut": {"targetOnOffRatio": 300, "limitBurnOutsAllowed": 8, "limitOnOffRatioDegradation": 0.7}, "StaticBias": {"saveFileName": "StaticBias", "totalBiasTime": 120, "measurementTime": 0.3, "complianceCurrent": 0.001, "delayBeforeApplyingVoltage": 0, "delayBeforeMeasurementsBegin": 0, "gateVoltageSetPoint": 0, "drainVoltageSetPoint": 0.1, "gateVoltageWhenDone": 0, "drainVoltageWhenDone": 0}, "AutoGateSweep": {"numberOfSweeps": 1, "applyStaticBiasBetweenSweeps": false}, "AutoStaticBias": {"numberOfStaticBiases": 1, "doInitialGateSweep": true, "applyGateSweepBetweenBiases": false, "turnChannelsOffBetweenBiases": false, "channelsOffTime": 0, "firstDelayBeforeMeasurementsBegin": 0, "numberOfBiasesBetweenIncrements": 1, "incrementStaticGateVoltage": 0, "incrementStaticDrainVoltage": 0, "incrementGateVoltageWhenDone": 0, "incrementDrainVoltageWhenDone": 0, "incrementDelayBeforeReapplyingVoltage": 0, "shuffleDelaysBeforeReapplyingVoltage": false}}, "Results": {}, "Computed": {"id_std": 0.0002036017983670343}, "SensorData": {}, "Identifiers": {"user": "nick", "project": "Project1", "wafer": "10", "chip": "20", "device": "1", "step": 12}, "MeasurementSystem": {"systemType": "single", "systems": {"SMU": {"uniqueID": "", "type": "B2912A", "settings": {}}}, "deviceRange": []}, "dataFolder": "data/", "ParametersFormatVersion": 4, "runType": "StaticBias", "startIndexes": {"index": 7, "experimentNumber": 15, "timestamp": 1533136987.920178}, "endIndexes": {"index": 8, "experimentNumber": 15, "timestamp": 1533137118.1516721}}
{"runConfigs": {"GateSweep": {"saveFileName": "GateSweep", "isFastSweep": false, "isAlternatingSweep": false, "pulsedMeasurementOnTime": 0, "pulsedMeasurementOffTime": 0, "stepsInVGSPerDirection": 100, "pointsPerVGS": 1, "complianceCurrent": 0.0001, "drainVoltageSetPoint": -0.5, "gateVoltageMinimum": -15, "gateVoltageMaximum": 15}, "BurnOut": {"saveFileName": "BurnOut", "pointsPerRamp": 50, "pointsPerHold": 50, "complianceCurrent": 0.002, "thresholdProportion": 0.8, "minimumAppliedDrainVoltage": 1.1, "gateVoltageSetPoint": 15.0, "drainVoltageMaxPoint": 10, "drainVoltagePlateaus": 10}, "AutoBurnOut": {"targetOnOffRatio": 300, "limitBurnOutsAllowed": 8, "limitOnOffRatioDegradation": 0.7}, "StaticBias": {"saveFileName": "StaticBias", "totalBiasTime": 120, "measurementTime": 0.3, "complianceCurrent": 0.001, "delayBeforeApplyingVoltage": 0, "delayBeforeMeasurementsBegin": 0, "gateVoltageSetPoint": 0, "drainVoltageSetPoint": 0.1, "gateVoltageWhenDone": 0, "drainVoltageWhenDone": 0}, "AutoGateSweep": {"numberOfSweeps": 1, "applyStaticBiasBetweenSweeps": false}, "AutoStaticBias": {"numberOfStaticBiases": 1, "doInitialGateSweep": true, "applyGateSweepBetweenBiases": false, "turnChannelsOffBetweenBiases": false, "channelsOffTime": 0, "firstDelayBeforeMeasurementsBegin": 0, "numberOfBiasesBetweenIncrements": 1, "incrementStaticGateVoltage": 0, "incrementStaticDrainVoltage": 0, "incrementGateVoltageWhenDone": 0, "incrementDrainVoltageWhenDone": 0, "incrementDelayBeforeReapplyingVoltage": 0, "shuffleDelaysBeforeReapplyingVoltage": false}}, "Results": {}, "Computed": {"id_std": 6.667535103617828e-05}, "SensorData": {}, "Identifiers": {"user": "nick", "project": "Project1", "wafer": "10", "chip": "20", "device": "1", "step": 12}, "MeasurementSystem": {"systemType": "single", "systems": {"SMU": {"uniqueID": "", "type": "B2912A", "settings": {}}}, "deviceRange": []}, "dataFolder": "data/", "ParametersFormatVersion": 4, "runType": "StaticBias", "startIndexes": {"index": 8, "experimentNumber": 16, "timestamp": 1533137121.246795}, "endIndexes": {"index": 9, "experimentNumber": 16, "timestamp": 1533137252.9039848}}
{"runConfigs": {"GateSweep": {"saveFileName": "GateSweep", "isFastSweep": false, "isAlternatingSweep": false, "pulsedMeasurementOnTime": 0, "pulsedMeasurementOffTime": 0, "stepsInVGSPerDirection": 100, "pointsPerVGS": 1, "complianceCurrent": 0.0001, "drainVoltageSetPoint": -0.5, "gateVoltageMinimum": -15, "gateVoltageMaximum": 15}, "BurnOut": {"saveFileName": "BurnOut", "pointsPerRamp": 50, "pointsPerHold": 50, "complianceCurrent": 0.002, "thresholdProportion": 0.8, "minimumAppliedDrainVoltage": 1.1, "gateVoltageSetPoint": 15.0, "drainVoltageMaxPoint": 10, "drainVoltagePlateaus": 10}, "AutoBurnOut": {"targetOnOffRatio": 300, "limitBurnOutsAllowed": 8, "limitOnOffRatioDegradation": 0.7}, "StaticBias": {"saveFileName": "StaticBias", "totalBiasTime": 120, "measurementTime": 0.3, "complianceCurrent": 0.001, "delayBeforeApplyingVoltage": 0, "delayBeforeMeasurementsBegin": 0, "gateVoltageSetPoint": 0, "drainVoltageSetPoint": 0.1, "gateVoltageWhenDone": 0, "drainVoltageWhenDone": 0}, "AutoGateSweep": {"numberOfSweeps": 1, "applyStaticBiasBetweenSweeps": false}, "AutoStaticBias": {"numberOfStaticBiases": 1, "doInitialGateSweep": true, "applyGateSweepBetweenBiases": false, "turnChannelsOffBetweenBiases": false, "channelsOffTime": 0, "firstDelayBeforeMeasurementsBegin": 0, "numberOfBiasesBetweenIncrements": 1, "incrementStaticGateVoltage": 0, "incrementStaticDrainVoltage": 0, "incrementGateVoltageWhenDone": 0, "incrementDrainVoltageWhenDone": 0, "incrementDelayBeforeReapplyingVoltage": 0, "shuffleDelaysBeforeReapplyingVoltage": false}}, "Results": {}, "Computed": {"id_std": 1.8918457490301468e-05}, "SensorData": {}, "Identifiers": {"user": "nick", "project": "Project1", "wafer": "10", "chip": "20", "device": "1", "step": 12}, "MeasurementSystem": {"systemType": "single", "systems": {"SMU": {"uniqueID": "", "type": "B2912A", "settings": {}}}, "deviceRange": []}, "dataFolder": "data/", "ParametersFormatVersion": 4, "runType": "StaticBias", "startIndexes": {"index": 9, "experimentNumber": 17, "timestamp": 1533137256.21353}, "endIndexes": {"index": 10, "experimentNumber": 17, "timestamp": 1533137387.700617}}
{"runConfigs": {"GateSweep": {"saveFileName": "GateSweep", "isFastSweep": false, "isAlternatingSweep": false, "pulsedMeasurementOnTime": 0, "pulsedMeasurementOffTime": 0, "stepsInVGSPerDirection": 100, "pointsPerVGS": 1, "complianceCurrent": 0.0001, "drainVoltageSetPoint": -0.5, "gateVoltageMinimum": -15, "gateVoltageMaximum": 15}, "BurnOut": {"saveFileName": "BurnOut", "pointsPerRamp": 50, "pointsPerHold": 50, "complianceCurrent": 0.002, "thresholdProportion": 0.8, "minimumAppliedDrainVoltage": 1.1, "gateVoltageSetPoint": 15.0, "drainVoltageMaxPoint": 10, "drainVoltagePlateaus": 10}, "AutoBurnOut": {"targetOnOffRatio": 300, "limitBurnOutsAllowed": 8, "limitOnOffRatioDegradation": 0.7}, "StaticBias": {"saveFileName": "StaticBias", "totalBiasTime": 600, "measurementTime": 0.3, "complianceCurrent": 0.001, "delayBeforeApplyingVoltage": 0, "delayBeforeMeasurementsBegin": 0, "gateVoltageSetPoint": 0, "drainVoltageSetPoint": 0.1, "gateVoltageWhenDone": 0, "drainVoltageWhenDone": 0}, "AutoGateSweep": {"numberOfSweeps": 1, "applyStaticBiasBetweenSweeps": false}, "AutoStaticBias": {"numberOfStaticBiases": 1, "doInitialGateSweep": true, "applyGateSweepBetweenBiases": false, "turnChannelsOffBetweenBiases": false, "channelsOffTime": 0, "firstDelayBeforeMeasurementsBegin": 0, "numberOfBiasesBetweenIncrements": 1, "incrementStaticGateVoltage": 0, "incrementStaticDrainVoltage": 0, "incrementGateVoltageWhenDone": 0, "incrementDrainVoltageWhenDone": 0, "incrementDelayBeforeReapplyingVoltage": 0, "shuffleDelaysBeforeReapplyingVoltage": false}}, "Results": {}, "Computed": {}, "SensorData": {}, "Identifiers": {"user": "nick", "project": "Project1", "wafer": "10", "chip": "20", "device": "1", "step": 12}, "MeasurementSystem": {"systemType": "single", "systems": {"SMU": {"uniqueID": "", "type": "B2912A", "settings": {}}}, "deviceRange": []}, "dataFolder": "data/", "ParametersFormatVersion": 4, "runType": "StaticBias", "startIndexes": {"index": 10, "experimentNumber": 18, "timestamp": 1533137391.193892}, "endIndexes": {"index": 10, "experimentNumber": 18, "timestamp": 1533137728.3659258}}
{"runConfigs": {"GateSweep": {"saveFileName": "GateSweep", "isFastSweep": false, "isAlternatingSweep": false, "pulsedMeasurementOnTime": 0, "pulsedMeasurementOffTime": 0, "stepsInVGSPerDirection": 100, "pointsPerVGS": 1, "complianceCurrent": 0.0001, "drainVoltageSetPoint": -0.5, "gateVoltageMinimum": -15, "gateVoltageMaximum": 15}, "BurnOut": {"saveFileName": "BurnOut", "pointsPerRamp": 50, "pointsPerHold": 50, "complianceCurrent": 0.002, "thresholdProportion": 0.8, "minimumAppliedDrainVoltage": 1.1, "gateVoltageSetPoint": 15.0, "drainVoltageMaxPoint": 10, "drainVoltagePlateaus": 10}, "AutoBurnOut": {"targetOnOffRatio": 300, "limitBurnOutsAllowed": 8, "limitOnOffRatioDegradation": 0.7}, "StaticBias": {"saveFileName": "StaticBias", "totalBiasTime": 30, "measurementTime": 0.3, "complianceCurrent": 0.001, "delayBeforeApplyingVoltage": 0, "delayBeforeMeasurementsBegin": 0, "gateVoltageSetPoint": 0, "drainVoltageSetPoint": 0.1, "gateVoltageWhenDone": 0, "drainVoltageWhenDone": 0}, "AutoGateSweep": {"numberOfSweeps": 1, "applyStaticBiasBetweenSweeps": false}, "AutoStaticBias": {"numberOfStaticBiases": 1, "doInitialGateSweep": true, "applyGateSweepBetweenBiases": false, "turnChannelsOffBetweenBiases": false, "channelsOffTime": 0, "firstDelayBeforeMeasurementsBegin": 0, "numberOfBiasesBetweenIncrements": 1, "incrementStaticGateVoltage": 0, "incrementStaticDrainVoltage": 0, "incrementGateVoltageWhenDone": 0, "incrementDrainVoltageWhenDone": 0, "incrementDelayBeforeReapplyingVoltage": 0, "shuffleDelaysBeforeReapplyingVoltage": false}}, "Results": {}, "Computed": {"id_std": 9.573964285937145e-06}, "SensorData": {}, "Identifiers": {"user": "nick", "project": "Project1", "wafer": "10", "chip": "20", "device": "1", "step": 12}, "MeasurementSystem": {"systemType": "single", "systems": {"SMU": {"uniqueID": "", "type": "B2912A", "settings": {}}}, "deviceRange": []}, "dataFolder": "data/", "ParametersFormatVersion": 4, "runType": "StaticBias", "startIndexes": {"index": 10, "experimentNumber": 20, "timestamp": 1533137869.285435}, "endIndexes": {"index": 11, "experimentNumber": 20, "timestamp": 1533137904.061219}}
{"runConfigs": {"GateSweep": {"saveFileName": "GateSweep", "isFastSweep": false, "isAlternatingSweep": false, "pulsedMeasurementOnTime": 0, "pulsedMeasurementOffTime": 0, "stepsInVGSPerDirection": 100, "pointsPerVGS": 1, "complianceCurrent": 0.0001, "drainVoltageSetPoint": -0.5, "gateVoltageMinimum": -15, "gateVoltageMaximum": 15}, "BurnOut": {"saveFileName": "BurnOut", "pointsPerRamp": 50, "pointsPerHold": 50, "complianceCurrent": 0.002, "thresholdProportion": 0.8, "minimumAppliedDrainVoltage": 1.1, "gateVoltageSetPoint": 15.0, "drainVoltageMaxPoint": 10, "drainVoltagePlateaus": 10}, "AutoBurnOut": {"targetOnOffRatio": 300, "limitBurnOutsAllowed": 8, "limitOnOffRatioDegradation": 0.7}, "StaticBias": {"saveFileName": "StaticBias", "totalBiasTime": 600, "measurementTime": 0.5, "complianceCurrent": 0.001, "delayBeforeApplyingVoltage": 0, "delayBeforeMeasurementsBegin": 0, "gateVoltageSetPoint": 0, "drainVoltageSetPoint": 0.1, "gateVoltageWhenDone": 0, "drainVoltageWhenDone": 0}, "AutoGateSweep": {"numberOfSweeps": 1, "applyStaticBiasBetweenSweeps": false}, "AutoStaticBias": {"numberOfStaticBiases": 1, "doInitialGateSweep": true, "applyGateSweepBetweenBiases": false, "turnChannelsOffBetweenBiases": false, "channelsOffTime": 0, "firstDelayBeforeMeasurementsBegin": 0, "numberOfBiasesBetweenIncrements": 1, "incrementStaticGateVoltage": 0, "incrementStaticDrainVoltage": 0, "incrementGateVoltageWhenDone": 0, "incrementDrainVoltageWhenDone": 0, "incrementDelayBeforeReapplyingVoltage": 0, "shuffleDelaysBeforeReapplyingVoltage": false}}, "Results": {}, "Computed": {"id_std": 5.805112576916837e-06}, "SensorData": {}, "Identifiers": {"user": "nick", "project": "Project1", "wafer": "10", "chip": "20", "device": "1", "step": 12}, "MeasurementSystem": {"systemType": "single", "systems": {"SMU": {"uniqueID": "", "type": "B2912A", "settings": {}}}, "deviceRange": []}, "dataFolder": "data/", "ParametersFormatVersion": 4, "runType": "StaticBias", "startIndexes": {"index": 11, "experimentNumber": 21, "timestamp": 1533138497.464597}, "endIndexes": {"index": 12, "experimentNumber": 21, "timestamp": 1533139099.316401}}
{"runConfigs": {"GateSweep": {"saveFileName": "GateSweep", "isFastSweep": false, "isAlternatingSweep": false, "pulsedMeasurementOnTime": 0, "pulsedMeasurementOffTime": 0, "stepsInVGSPerDirection": 100, "pointsPerVGS": 1, "complianceCurrent": 0.0001, "drainVoltageSetPoint": -0.5, "gateVoltageMinimum": -15, "gateVoltageMaximum": 15}, "BurnOut": {"saveFileName": "BurnOut", "pointsPerRamp": 50, "pointsPerHold": 50, "complianceCurrent": 0.002, "thresholdProportion": 0.8, "minimumAppliedDrainVoltage": 1.1, "gateVoltageSetPoint": 15.0, "drainVoltageMaxPoint": 10, "drainVoltagePlateaus": 10}, "AutoBurnOut": {"targetOnOffRatio": 300, "limitBurnOutsAllowed": 8, "limitOnOffRatioDegradation": 0.7}, "StaticBias": {"saveFileName": "StaticBias", "totalBiasTime": 600, "measurementTime": 0.5, "complianceCurrent": 0.001, "delayBeforeApplyingVoltage": 0, "delayBeforeMeasurementsBegin": 0, "gateVoltageSetPoint": 0, "drainVoltageSetPoint": 0.1, "gateVoltageWhenDone": 0, "drainVoltageWhenDone": 0}, "AutoGateSweep": {"numberOfSweeps": 1, "applyStaticBiasBetweenSweeps": false}, "AutoStaticBias": {"numberOfStaticBiases": 1, "doInitialGateSweep": true, "applyGateSweepBetweenBiases": false, "turnChannelsOffBetweenBiases": false, "channelsOffTime": 0, "firstDelayBeforeMeasurementsBegin": 0, "numberOfBiasesBetweenIncrements": 1, "incrementStaticGateVoltage": 0, "incrementStaticDrainVoltage": 0, "incrementGateVoltageWhenDone": 0, "incrementDrainVoltageWhenDone": 0, "incrementDelayBeforeReapplyingVoltage": 0, "shuffleDelaysBeforeReapplyingVoltage": false}}, "Results": {}, "Computed": {"id_std": 2.1869992556356753e-06}, "SensorData": {}, "Identifiers": {"user": "nick", "project": "Project1", "wafer": "10", "chip": "20", "device": "1", "step": 12}, "MeasurementSystem": {"systemType": "single", "systems": {"SMU": {"uniqueID": "", "type": "B2912A", "settings": {}}}, "deviceRange": []}, "dataFolder": "data/", "ParametersFormatVersion": 4, "runType": "StaticBias", "startIndexes": {"index": 12, "experimentNumber": 22, "timestamp": 1533139104.63516}, "endIndexes": {"index": 13, "experimentNumber": 22, "timestamp": 1533139706.194439}}
{"runConfigs": {"GateSweep": {"saveFileName": "GateSweep", "isFastSweep": false, "isAlternatingSweep": false, "pulsedMeasurementOnTime": 0, "pulsedMeasurementOffTime": 0, "stepsInVGSPerDirection": 100, "pointsPerVGS": 1, "complianceCurrent": 0.0001, "drainVoltageSetPoint": -0.5, "gateVoltageMinimum": -15, "gateVoltageMaximum": 15}, "BurnOut": {"saveFileName": "BurnOut", "pointsPerRamp": 50, "pointsPerHold": 50, "complianceCurrent": 0.002, "thresholdProportion": 0.8, "minimumAppliedDrainVoltage": 1.1, "gateVoltageSetPoint": 15.0, "drainVoltageMaxPoint": 10, "drainVoltagePlateaus": 10}, "AutoBurnOut": {"targetOnOffRatio": 300, "limitBurnOutsAllowed": 8, "limitOnOffRatioDegradation": 0.7}, "StaticBias": {"saveFileName": "StaticBias", "totalBiasTime": 800, "measurementTime": 0.5, "complianceCurrent": 0.001, "delayBeforeApplyingVoltage": 0, "delayBeforeMeasurementsBegin": 0, "gateVoltageSetPoint": 0, "drainVoltageSetPoint": 0.1, "gateVoltageWhenDone": 0, "drainVoltageWhenDone": 0}, "AutoGateSweep": {"numberOfSweeps": 1, "applyStaticBiasBetweenSweeps": false}, "AutoStaticBias": {"numberOfStaticBiases": 1, "doInitialGateSweep": true, "applyGateSweepBetweenBiases": false, "turnChannelsOffBetweenBiases": false, "channelsOffTime": 0, "firstDelayBeforeMeasurementsBegin": 0, "numberOfBiasesBetweenIncrements": 1, "incrementStaticGateVoltage": 0, "incrementStaticDrainVoltage": 0, "incrementGateVoltageWhenDone": 0, "incrementDrainVoltageWhenDone": 0, "incrementDelayBeforeReapplyingVoltage": 0, "shuffleDelaysBeforeReapplyingVoltage": false}}, "Results": {}, "Computed": {"id_std": 7.133761715014675e-09}, "SensorData": {}, "Identifiers": {"user": "nick", "project": "Project1", "wafer": "10", "chip": "20", "device": "1", "step": 12}, "MeasurementSystem": {"systemType": "single", "systems": {"SMU": {"uniqueID": "", "type": "B2912A", "settings": {}}}, "deviceRange": []}, "dataFolder": "data/", "ParametersFormatVersion": 4, "runType": "StaticBias", "startIndexes": {"index": 13, "experimentNumber": 23, "timestamp": 1533139865.238485}, "endIndexes": {"index": 14, "experimentNumber": 23, "timestamp": 1533140667.1742232}}
{"runConfigs": {"GateSweep": {"saveFileName": "GateSweep", "isFastSweep": false, "isAlternatingSweep": false, "pulsedMeasurementOnTime": 0, "pulsedMeasurementOffTime": 0, "stepsInVGSPerDirection": 100, "pointsPerVGS": 1, "complianceCurrent": 0.0001, "drainVoltageSetPoint": -0.5, "gateVoltageMinimum": -15, "gateVoltageMaximum": 15}, "BurnOut": {"saveFileName": "BurnOut", "pointsPerRamp": 50, "pointsPerHold": 50, "complianceCurrent": 0.002, "thresholdProportion": 0.8, "minimumAppliedDrainVoltage": 1.1, "gateVoltageSetPoint": 15.0, "drainVoltageMaxPoint": 10, "drainVoltagePlateaus": 10}, "AutoBurnOut": {"targetOnOffRatio": 300, "limitBurnOutsAllowed": 8, "limitOnOffRatioDegradation": 0.7}, "StaticBias": {"saveFileName": "StaticBias", "totalBiasTime": 800, "measurementTime": 0.5, "complianceCurrent": 0.001, "delayBeforeApplyingVoltage": 0, "delayBeforeMeasurementsBegin": 0, "gateVoltageSetPoint": 0, "drainVoltageSetPoint": 0.1, "gateVoltageWhenDone": 0, "drainVoltageWhenDone": 0}, "AutoGateSweep": {"numberOfSweeps": 1, "applyStaticBiasBetweenSweeps": false}, "AutoStaticBias": {"numberOfStaticBiases": 1, "doInitialGateSweep": true, "applyGateSweepBetweenBiases": false, "turnChannelsOffBetweenBiases": false, "channelsOffTime": 0, "firstDelayBeforeMeasurementsBegin": 0, "numberOfBiasesBetweenIncrements": 1, "incrementStaticGateVoltage": 0, "incrementStaticDrainVoltage": 0, "incrementGateVoltageWhenDone": 0, "incrementDrainVoltageWhenDone": 0, "incrementDelayBeforeReapplyingVoltage": 0, "shuffleDelaysBeforeReapplyingVoltage": false}}, "Results": {}, "Computed": {"id_std": 0.0003352499100619476}, "SensorData": {}, "Identifiers": {"user": "nick", "project": "Project1", "wafer": "10", "chip": "20", "device": "1", "step": 12}, "MeasurementSystem": {"systemType": "single", "systems": {"SMU": {"uniqueID": "", "type": "B2912A", "settings": {}}}, "deviceRange": []}, "dataFolder": "data/", "ParametersFormatVersion": 4, "runType": "StaticBias", "startIndexes": {"index": 14, "experimentNumber": 24, "timestamp": 1533140772.992764}, "endIndexes": {"index": 15, "experimentNumber": 24, "timestamp": 1533141574.5426219}}
{"runConfigs": {"GateSweep": {"saveFileName": "GateSweep", "isFastSweep": false, "isAlternatingSweep": false, "pulsedMeasurementOnTime": 0, "pulsedMeasurementOffTime": 0, "stepsInVGSPerDirection": 100, "pointsPerVGS": 1, "complianceCurrent": 0.0001, "drainVoltageSetPoint": -0.5, "gateVoltageMinimum": -15, "gateVoltageMaximum": 15}, "BurnOut": {"saveFileName": "BurnOut", "pointsPerRamp": 50, "pointsPerHold": 50, "complianceCurrent": 0.002, "thresholdProportion": 0.8, "minimumAppliedDrainVoltage": 1.1, "gateVoltageSetPoint": 15.0, "drainVoltageMaxPoint": 10, "drainVoltagePlateaus": 10}, "AutoBurnOut": {"targetOnOffRatio": 300, "limitBurnOutsAllowed": 8, "limitOnOffRatioDegradation": 0.7}, "StaticBias": {"saveFileName": "StaticBias", "totalBiasTime": 800, "measurementTime": 0.5, "complianceCurrent": 0.01, "delayBeforeApplyingVoltage": 0, "delayBeforeMeasurementsBegin": 0, "gateVoltageSetPoint": 0, "drainVoltageSetPoint": 0.1, "gateVoltageWhenDone": 0, "drainVoltageWhenDone": 0}, "AutoGateSweep": {"numberOfSweeps": 1, "applyStaticBiasBetweenSweeps": false}, "AutoStaticBias": {"numberOfStaticBiases": 1, "doInitialGateSweep": true, "applyGateSweepBetweenBiases": false, "turnChannelsOffBetweenBiases": false, "channelsOffTime": 0, "firstDelayBeforeMeasurementsBegin": 0, "numberOfBiasesBetweenIncrements": 1, "incrementStaticGateVoltage": 0, "incrementStaticDrainVoltage": 0, "incrementGateVoltageWhenDone": 0, "incrementDrainVoltageWhenDone": 0, "incrementDelayBeforeReapplyingVoltage": 0, "shuffleDelaysBeforeReapplyingVoltage": false}}, "Results": {}, "Computed": {"id_std": 0.00039476228013629404}, "SensorData": {}, "Identifiers": {"user": "nick", "project": "Project1", "wafer": "10", "chip": "20", "device": "1", "step": 12}, "MeasurementSystem": {"systemType": "single", "systems": {"SMU": {"uniqueID": "", "type": "B2912A", "settings": {}}}, "deviceRange": []}, "dataFolder": "data/", "ParametersFormatVersion": 4, "runType": "StaticBias", "startIndexes": {"index": 15, "experimentNumber": 25, "timestamp": 1533141685.902729}, "endIndexes": {"index": 16, "experimentNumber": 25, "timestamp": 1533142487.780315}}
