 1519391367.8910239, -4e-07, 2.1823e-06, -15.0, -2.18477e-06
1519391367.9385595, -3e-07, 2.13335e-06, -15.0, -2.13488e-06
1519391367.9815981, -3.5e-06, 2.44758e-06, -15.0, -2.44744e-06
1519391368.0266042, -8e-07, 2.35235e-06, -14.69697, -2.35327e-06
1519391368.076672, 8e-07, 2.3678e-06, -14.69697, -2.36878e-06
1519391368.1216767, -4.9e-06, 3.12696e-06, -14.69697, -3.12578e-06
1519391368.1617346, -9.1e-06, 3.44685e-06, -14.39393, -3.44268e-06
1519391368.2017457, -6e-07, 2.39469e-06, -14.39394, -2.39581e-06
1519391368.244285, -2e-07, 2.27286e-06, -14.39394, -2.2737e-06
1519391368.351867, -8e-07, 2.16243e-06, -14.09091, -2.16267e-06
1519391368.391878, -5.5e-06, 3.51963e-06, -14.09091, -3.51729e-06
1519391368.4349153, -3.4e-06, 2.43453e-06, -14.09091, -2.4339e-06
1519391368.4769633, 2.2e-06, 2.33021e-06, -13.78788, -2.33128e-06
1519391368.5269651, 6e-07, 2.07224e-06, -13.78788, -2.07287e-06
1519391368.5669522, 1.3e-06, 2.30358e-06, -13.78788, -2.30469e-06
1519391368.611962, 5e-07, 2.47621e-06, -13.48485, -2.47745e-06
1519391368.6620214, 5.1e-06, 2.84785e-06, -13.48486, -2.84995e-06
1519391368.7020283, 5.7e-06, 2.62027e-06, -13.48486, -2.62225e-06
1519391368.7470713, -2.4e-06, 2.63441e-06, -13.18182, -2.63212e-06
1519391368.7920866, -4.1e-06, 3.00058e-06, -13.18182, -2.99861e-06
1519391368.8417058, 1.2e-06, 2.24966e-06, -13.18182, -2.2502e-06
1519391368.8822312, 1.2e-06, 2.61912e-06, -12.87879, -2.61954e-06
1519391368.9222414, -1.8e-06, 2.49802e-06, -12.87879, -2.498e-06
1519391368.962611, 4e-07, 2.5425e-06, -12.87879, -2.54278e-06
1519391369.0025992, -2.3e-06, 2.3487e-06, -12.57576, -2.34748e-06
1519391369.0456662, -3.4e-06, 2.23635e-06, -12.57576, -2.23344e-06
1519391369.083189, -3.1e-06, 2.43059e-06, -12.57576, -2.42939e-06
1519391369.1232014, -7e-07, 1.95914e-06, -12.27273, -1.95894e-06
1519391369.1682625, -3e-06, 2.24123e-06, -12.27273, -2.23907e-06
1519391369.2082753, -1.5e-06, 2.07638e-06, -12.27273, -2.07603e-06
1519391369.2578645, -4e-06, 2.09309e-06, -11.9697, -2.08998e-06
1519391369.3178833, -6e-07, 2.62334e-06, -11.9697, -2.62284e-06
1519391369.363446, 7.5e-06, 3.09302e-06, -11.96971, -3.09637e-06
1519391369.4084606, -1e-07, 3.03514e-06, -11.66667, -3.03465e-06
1519391369.4484458, 1.7e-06, 2.98853e-06, -11.66667, -2.98955e-06
1519391369.493473, 3.8e-06, 2.9001e-06, -11.66668, -2.90164e-06
1519391369.542948, 1.3e-06, 2.72184e-06, -11.36365, -2.72275e-06
1519391369.5834816, -7e-06, 3.13674e-06, -11.36364, -3.13352e-06
1519391369.6234908, 4e-07, 2.94237e-06, -11.36365, -2.94305e-06
1519391369.6730716, -7.6e-06, 2.49438e-06, -11.0606, -2.4903e-06
1519391369.7130842, 2e-07, 2.95774e-06, -11.06061, -2.95717e-06
1519391369.7736468, -5.2e-06, 3.82e-06, -11.06061, -3.8142e-06
1519391369.868725, 8e-07, 1.40954e-06, -10.75759, -1.40972e-06
1519391369.9287329, 8e-07, 1.43963e-06, -10.75759, -1.4401e-06
1519391369.9683473, 2.6e-06, 1.81992e-06, -10.75759, -1.82182e-06
1519391370.0133584, 5.6e-06, 1.80249e-06, -10.45456, -1.80695e-06
1519391370.058321, 2.1e-06, 1.64163e-06, -10.45455, -1.64293e-06
1519391370.0983324, 1.3e-06, 1.63821e-06, -10.45455, -1.64029e-06
1519391370.1463737, 2.2e-06, 1.55046e-06, -10.15153, -1.55262e-06
1519391370.1885767, -2e-07, 1.66555e-06, -10.15152, -1.66493e-06
1519391370.228596, 1.4e-06, 1.57703e-06, -10.15153, -1.5782e-06
1519391370.2737079, 9e-07, 1.56697e-06, -9.84848, -1.56739e-06
1519391370.3541753, -4e-06, 1.45446e-06, -9.84848, -1.45238e-06
1519391370.399191, -1.1e-06, 1.35993e-06, -9.84848, -1.35796e-06
1519391370.4472308, 1.8e-06, 1.60892e-06, -9.54546, -1.60922e-06
1519391370.4847658, 2.4e-06, 1.58583e-06, -9.54546, -1.58696e-06
1519391370.539304, 8e-07, 1.45681e-06, -9.54546, -1.45817e-06
1519391370.58703, 2e-06, 1.66785e-06, -9.24242, -1.66876e-06
1519391370.6278973, 1.4e-06, 1.72191e-06, -9.24242, -1.72308e-06
1519391370.6695933, -4.3e-06, 1.6366e-06, -9.24242, -1.63307e-06
1519391370.7145972, 3.1e-06, 2.31281e-06, -8.9394, -2.31472e-06
1519391370.7601764, -2.5e-06, 1.73485e-06, -8.93939, -1.7321e-06
1519391370.830197, 5e-07, 1.72521e-06, -8.93939, -1.72584e-06
1519391370.8752503, -8e-07, 2.055e-06, -8.63636, -2.05432e-06
1519391370.9202647, -1.6e-06, 1.88798e-06, -8.63636, -1.88643e-06
1519391370.9649518, 4e-07, 1.75962e-06, -8.63636, -1.76007e-06
1519391371.0049634, -2e-07, 2.44052e-06, -8.33333, -2.4398e-06
1519391371.0495062, 5e-06, 2.24929e-06, -8.33334, -2.25355e-06
1519391371.0850585, -4.2e-06, 2.43422e-06, -8.33333, -2.43192e-06
1519391371.1300704, -3e-07, 2.33859e-06, -8.0303, -2.33874e-06
1519391371.170623, -9e-07, 2.0465e-06, -8.0303, -2.04504e-06
1519391371.2106345, 9e-07, 2.93633e-06, -8.0303, -2.9367e-06
1519391371.255773, -4.3e-06, 2.94398e-06, -7.72727, -2.94347e-06
1519391371.305789, 8.3e-06, 3.10991e-06, -7.72728, -3.11347e-06
1519391371.3507247, -2.5e-06, 3.72714e-06, -7.72727, -3.72533e-06
1519391371.3912423, 3e-07, 3.51767e-06, -7.42424, -3.5161e-06
1519391371.4387763, -5.7e-06, 3.65765e-06, -7.42424, -3.6547e-06
1519391371.476319, 3.6e-06, 4.68428e-06, -7.42424, -4.6845e-06
1519391371.5393052, -1.3e-06, 4.12921e-06, -7.12121, -4.12863e-06
1519391371.5813453, -5.8e-06, 4.62756e-06, -7.12121, -4.625e-06
1519391371.6213512, -5.2e-06, 4.96917e-06, -7.12121, -4.96665e-06
1519391371.6665387, -9.8e-06, 5.06675e-06, -6.81817, -5.06233e-06
1519391371.7065425, 1.7e-06, 5.91116e-06, -6.81818, -5.91063e-06
1519391371.7518177, 2.6e-06, 7.2203e-06, -6.81818, -7.21994e-06
1519391371.8118498, -1.77e-05, 7.23325e-06, -6.51513, -7.22787e-06
1519391371.8518915, -1.43e-05, 8.19506e-06, -6.51514, -8.1913e-06
1519391371.906925, 1.36e-05, 8.6233e-06, -6.51517, -8.6226e-06
1519391371.9619956, -6e-06, 6.99689e-06, -6.21212, -6.99437e-06
1519391372.0120077, 7.1e-06, 9.8577e-06, -6.21213, -9.8556e-06
1519391372.0675733, -8.2e-06, 1.14694e-05, -6.21211, -1.14636e-05
1519391372.117647, -1.59e-05, 1.13984e-05, -5.90908, -1.13905e-05
1519391372.1587038, -1.24e-05, 1.16807e-05, -5.90908, -1.16731e-05
1519391372.2022674, -1.49e-05, 1.29963e-05, -5.90908, -1.29895e-05
1519391372.2472718, 2.45e-05, 1.55436e-05, -5.60609, -1.55432e-05
1519391372.2869475, -0.0013042, 9.59375e-05, -5.6059, -9.59251e-05
1519391372.342044, -1.9e-06, 1.48632e-05, -5.60606, -1.48592e-05
1519391372.3874354, -6e-06, 1.14075e-05, -5.30303, -1.14022e-05
1519391372.422461, -1.83e-05, 1.65418e-05, -5.30301, -1.65336e-05
1519391372.462472, -1.41e-05, 1.74209e-05, -5.30302, -1.74127e-05
1519391372.5075276, -1.3e-06, 1.60265e-05, -5.0, -1.60216e-05
1519391372.552536, -9.9e+37, 0.0001000006, -4.0095, -9.99992e-05
1519391372.597575, -9.9e+37, 0.0001000006, -4.22306, -9.99993e-05
1519391372.6425877, -9.9e+37, 0.0001000007, -4.43443, -9.99993e-05
1519391372.6893787, -9.9e+37, 0.0001000007, -4.63469, -9.99994e-05
1519391372.7279053, -9.9e+37, 9.99999e-05, -4.69594, -9.99868e-05
1519391372.7729838, -9.9e+37, 0.0001, -4.39285, -9.99867e-05
1519391372.823157, -9.9e+37, 0.0001, -4.39286, -9.99868e-05
1519391372.8680115, -9.9e+37, 0.0001, -4.39286, -9.99867e-05
1519391372.9132211, -9.9e+37, 0.0001, -4.08991, -9.99865e-05
1519391372.9580817, -9.9e+37, 0.0001, -4.08988, -9.99873e-05
1519391372.9983296, -9.9e+37, 0.0001, -4.08996, -9.99866e-05
1519391373.0483475, -9.9e+37, 0.0001, -3.78689, -9.99863e-05
1519391373.0931306, -9.9e+37, 0.0001000001, -3.78674, -9.99875e-05
1519391373.133651, -9.9e+37, 0.0001, -3.78687, -9.99863e-05
1519391373.1736674, -9.9e+37, 0.0001, -3.48388, -9.99865e-05
1519391373.2187195, -9.9e+37, 0.0001, -3.48387, -9.99867e-05
1519391373.2587314, -9.9e+37, 0.0001000001, -3.48381, -9.99874e-05
1519391373.303742, -9.9e+37, 0.0001, -3.18085, -9.99866e-05
1519391373.4085958, -9.9e+37, 0.0001, -3.18081, -9.99869e-05
1519391373.4536061, -9.9e+37, 0.0001, -3.18081, -9.99867e-05
1519391373.5033011, -9.9e+37, 0.0001, -2.87773, -9.99864e-05
1519391373.5533123, -9.9e+37, 0.0001, -2.87776, -9.99865e-05
1519391373.5938652, -9.9e+37, 0.0001, -2.87777, -9.99866e-05
1519391373.6438992, -9.9e+37, 0.0001, -2.57477, -9.99866e-05
1519391373.6869392, -9.9e+37, 0.0001, -2.57479, -9.99868e-05
1519391373.7289698, -9.9e+37, 0.0001, -2.5748, -9.99866e-05
1519391373.7735794, -9.9e+37, 0.0001, -2.27179, -9.99865e-05
1519391373.8391483, -9.9e+37, 0.0001, -2.27176, -9.99864e-05
1519391373.8988504, -9.9e+37, 0.0001, -2.27175, -9.99868e-05
1519391373.943865, -7e-07, 9.93546e-05, -1.969697, -9.93417e-05
1519391373.9889007, -2.2e-06, 9.94524e-05, -1.969695, -9.94394e-05
1519391374.0294318, -5e-07, 9.9528e-05, -1.969697, -9.9515e-05
1519391374.0744488, -2.3e-06, 6.78791e-05, -1.666665, -6.78685e-05
1519391374.1245074, -1.7e-06, 6.85565e-05, -1.666666, -6.85457e-05
1519391374.1695201, 1e-07, 6.84783e-05, -1.666667, -6.8468e-05
1519391374.2244165, -8e-07, 4.25542e-05, -1.363636, -4.25459e-05
1519391374.26442, 6e-07, 4.25535e-05, -1.363637, -4.25452e-05
1519391374.309991, -1.8e-06, 4.26612e-05, -1.363635, -4.26528e-05
1519391374.404651, -7e-07, 2.2999e-05, -1.060606, -2.29933e-05
1519391374.4496622, -3e-07, 2.29709e-05, -1.060606, -2.2965e-05
1519391374.4937057, -1e-06, 2.29623e-05, -1.060605, -2.29563e-05
1519391374.545236, -5e-07, 9.7378e-06, -0.757576, -9.7341e-06
1519391374.592294, -4e-07, 9.8217e-06, -0.757576, -9.818e-06
1519391374.6303203, -7e-07, 9.7624e-06, -0.757576, -9.7582e-06
1519391374.692139, -3e-07, 2.45519e-06, -0.454545, -2.45449e-06
1519391374.740171, 0.0, 2.42068e-06, -0.454545, -2.42024e-06
1519391374.785702, 1e-07, 2.43204e-06, -0.454545, -2.43141e-06
1519391374.8602512, -1e-07, 2.29348e-07, -0.1515153, -2.2916e-07
1519391374.9053142, 2e-07, 2.30694e-07, -0.1515153, -2.3052e-07
1519391374.9503295, 1e-07, 2.3159e-07, -0.1515153, -2.31388e-07
1519391375.0053935, -1e-07, -2.28274e-07, 0.1515153, 2.28414e-07
1519391375.050409, -2e-07, -2.25688e-07, 0.1515153, 2.2587e-07
1519391375.0938377, 1e-07, -2.24992e-07, 0.1515148, 2.25197e-07
1519391375.1453598, 2e-07, -1.41276e-06, 0.454544, 1.41321e-06
1519391375.1888936, 2e-07, -1.40747e-06, 0.454544, 1.40794e-06
1519391375.2254298, -1e-07, -1.40736e-06, 0.454545, 1.40787e-06
1519391375.2704363, 3e-07, -3.93776e-06, 0.757575, 3.93859e-06
1519391375.3110504, 3e-07, -3.91289e-06, 0.757576, 3.91344e-06
1519391375.3666286, -1e-07, -3.90197e-06, 0.757576, 3.90262e-06
1519391375.410272, -4e-07, -8.45312e-06, 1.060606, 8.45365e-06
1519391375.4502811, -7e-07, -8.36001e-06, 1.060606, 8.3605e-06
1519391375.493491, 1.1e-06, -8.32798e-06, 1.060605, 8.32851e-06
1519391375.5560236, 0.0, -1.58574e-05, 1.363635, 1.58604e-05
1519391375.5960674, -3e-07, -1.57797e-05, 1.363636, 1.57825e-05
1519391375.6410918, -6e-07, -1.57182e-05, 1.363636, 1.57211e-05
1519391375.6886382, -1e-07, -2.72136e-05, 1.666667, 2.72172e-05
1519391375.7411792, 4e-07, -2.71896e-05, 1.666666, 2.71929e-05
1519391375.7847614, 4e-07, -2.72148e-05, 1.666666, 2.72184e-05
1519391375.8262966, 2e-06, -4.41099e-05, 1.969695, 4.41133e-05
1519391375.9110034, -1e-07, -4.38706e-05, 1.969697, 4.38741e-05
1519391375.9560208, 1.7e-06, -4.38114e-05, 1.969695, 4.38148e-05
1519391376.001526, -8e-07, -6.73484e-05, 2.27273, 6.73493e-05
1519391376.0415318, 5.5e-06, -6.75091e-05, 2.27272, 6.75103e-05
1519391376.0910878, 9e-07, -6.72915e-05, 2.27273, 6.72923e-05
1519391376.1321301, 2.79e-05, -9.94818e-05, 2.57567, 9.94806e-05
1519391376.1771455, 0.001399, -9.99849e-05, 2.57267, 9.99834e-05
1519391376.2176838, 0.0014791, -9.99552e-05, 2.57381, 9.99538e-05
1519391376.2847297, 0.014869, -0.0001000001, 2.59337, 0.0001
1519391376.3277583, 0.0344526, -0.0001000001, 2.61084, 9.99999e-05
1519391376.4279811, 0.0826126, -0.0001000001, 2.65024, 0.0001
1519391376.4779863, 0.1027578, -0.0001000001, 2.66827, 9.99999e-05
1519391376.518535, 0.1194192, -0.0001000001, 2.69048, 0.0001
1519391376.5636337, 0.1356725, -0.0001000001, 2.70581, 0.0001
1519391376.6080835, 0.1644007, -0.0001000002, 2.69116, 0.0001000003
1519391376.6480932, 0.1846901, -0.0001000001, 2.69725, 0.0001
1519391376.694127, 0.2183497, -0.0001000002, 2.64806, 0.0001000005
1519391376.7386668, 0.221769, -0.0001000002, 2.72865, 0.0001000003
1519391376.7851903, 9.9e+37, -0.0001000001, 2.74127, 9.99998e-05
1519391376.8237436, 9.9e+37, -0.0001000002, 2.74431, 0.0001000005
1519391376.9128215, 9.9e+37, -0.0001000001, 2.78767, 0.0001000001
1519391376.9528286, 9.9e+37, -0.0001000001, 2.80223, 0.0001000001
1519391376.9978654, 9.9e+37, -0.0001000001, 2.79869, 0.0001
1519391377.038896, 9.9e+37, -0.0001, 2.80838, 9.99998e-05
1519391377.078896, 9.9e+37, -0.0001000001, 2.88298, 9.99999e-05
1519391377.118619, 9.9e+37, -0.0001000001, 2.88403, 0.0001
1519391377.163623, 9.9e+37, -0.0001000002, 2.90059, 0.0001000003
1519391377.203438, 9.9e+37, -0.0001000001, 2.92554, 0.0001000001
1519391377.243453, 9.9e+37, -0.0001000001, 2.93917, 9.99999e-05
1519391377.2854836, 9.9e+37, -0.0001000001, 2.93129, 9.99998e-05
1519391377.3290212, 9.9e+37, -0.0001000001, 2.82608, 0.0001000002
1519391377.4143257, 9.9e+37, -0.0001, 2.86982, 9.99995e-05
1519391377.4593375, 9.9e+37, -0.0001000001, 2.93956, 0.0001000001
1519391377.4988608, 9.9e+37, -0.0001, 2.93513, 9.99997e-05
1519391377.538937, 9.9e+37, -0.0001000001, 2.98201, 0.0001000002
1519391377.587974, 9.9e+37, -0.0001000001, 2.98848, 9.99998e-05
1519391377.6295114, 9.9e+37, -0.0001000001, 3.01895, 0.0001000002
1519391377.6695175, 9.9e+37, -0.0001, 3.03321, 9.99998e-05
1519391377.7145512, 9.9e+37, -0.0001, 3.04333, 9.99999e-05
1519391377.759563, 9.9e+37, -0.0001000001, 3.05256, 9.99999e-05
1519391377.7996104, 9.9e+37, -0.0001000003, 3.04133, 0.0001000009
1519391377.869647, 9.9e+37, -0.0001, 3.00923, 9.99999e-05
1519391377.9093344, 9.9e+37, -0.0001000001, 2.97857, 9.99999e-05
1519391377.9693508, 9.9e+37, -0.0001, 3.00526, 9.99998e-05
1519391378.0199158, 9.9e+37, -0.0001000001, 3.00248, 0.0001000002
1519391378.0859494, 9.9e+37, -0.0001, 3.01947, 9.99997e-05
1519391378.1249907, 9.9e+37, -9.99998e-05, 3.07995, 9.99987e-05
1519391378.1650076, 9.9e+37, -0.0001000001, 3.11925, 0.0001000002
1519391378.2050567, 9.9e+37, -0.0001, 3.13429, 9.99995e-05
1519391378.2450678, 9.9e+37, -0.0001, 3.16006, 9.99997e-05
1519391378.2911003, 9.9e+37, -0.0001, 3.18923, 9.99998e-05
1519391378.330132, 9.9e+37, -0.0001000001, 3.17832, 0.0001
1519391378.3953168, 9.9e+37, -0.0001, 3.20728, 9.99998e-05
1519391378.435345, 9.9e+37, -0.0001, 3.23932, 9.99999e-05
1519391378.478377, 9.9e+37, -0.0001000001, 3.20484, 0.0001
1519391378.5150003, 9.9e+37, -9.99999e-05, 3.17359, 9.99993e-05
1519391378.5600154, 9.9e+37, -0.0001000001, 3.25589, 0.0001000001
1519391378.6051836, 9.9e+37, -0.0001000002, 3.23575, 0.0001000005
1519391378.6452, 9.9e+37, -0.0001, 3.23524, 9.99998e-05
1519391378.693239, 9.9e+37, -0.0001, 3.26306, 9.99997e-05
1519391378.7357695, 9.9e+37, -0.0001000001, 3.26431, 0.0001000002
1519391378.7757807, 9.9e+37, -0.0001000001, 3.25831, 0.0001000001
1519391378.8409338, 9.9e+37, -0.0001000001, 3.30418, 0.0001
1519391378.9565225, 9.9e+37, -0.0001000001, 3.42255, 0.0001000001
1519391379.0015757, 9.9e+37, -0.0001000002, 3.44662, 0.0001000004
1519391379.046585, 9.9e+37, -0.0001000001, 3.43836, 9.99999e-05
1519391379.094131, 9.9e+37, -0.0001000002, 3.48469, 0.0001000004
1519391379.1516695, 9.9e+37, -0.0001000002, 3.48102, 0.0001000004
1519391379.1972058, 9.9e+37, -0.0001000001, 3.47459, 0.0001000001
1519391379.2367392, 9.9e+37, -0.0001000001, 3.45328, 0.0001
1519391379.2767434, 9.9e+37, -0.0001000001, 3.47605, 0.0001
1519391379.3218024, 9.9e+37, -0.0001000002, 3.48637, 0.0001000005
1519391379.389338, 9.9e+37, -0.0001000001, 3.48971, 9.99999e-05
1519391379.446879, 9.9e+37, -0.0001, 3.52087, 9.99996e-05
1519391379.4909058, 9.9e+37, -0.0001000001, 3.53147, 9.99999e-05
1519391379.5365717, 9.9e+37, -0.0001, 3.56052, 9.99999e-05
1519391379.576582, 9.9e+37, -0.0001000001, 3.59223, 0.0001
1519391379.621769, 9.9e+37, -9.99999e-05, 3.61646, 9.99994e-05
1519391379.6617827, 9.9e+37, -0.0001, 3.6134, 9.99997e-05
1519391379.7018337, 9.9e+37, -0.0001000001, 3.64638, 9.99999e-05
1519391379.7469811, 9.9e+37, -0.0001000002, 3.68728, 0.0001000003
1519391379.789009, 9.9e+37, -0.0001000002, 3.66419, 0.0001
1519391379.9477308, 9.9e+37, -9.99999e-05, 3.72771, 9.99993e-05
1519391379.9957552, 9.9e+37, -0.0001000002, 3.71696, 0.0001000005
1519391380.035807, 9.9e+37, -0.0001000002, 3.69564, 0.0001000004
1519391380.077008, 9.9e+37, -0.0001, 3.78198, 9.99997e-05
1519391380.118067, 9.9e+37, -0.0001000001, 3.75114, 0.0001000001
1519391380.1580842, 9.9e+37, -0.0001000002, 3.76938, 0.0001000005
1519391380.2077837, 9.9e+37, -0.0001000001, 3.82261, 0.0001
1519391380.2528002, 9.9e+37, -0.0001000001, 3.80283, 9.99999e-05
1519391380.2958374, 9.9e+37, -0.0001000001, 3.82016, 9.99999e-05
1519391380.338365, 9.9e+37, -0.0001000001, 3.82848, 0.0001000002
1519391380.438447, 9.9e+37, -0.0001000002, 3.86571, 0.0001000005
1519391380.478457, 9.9e+37, -0.0001, 3.90954, 9.99998e-05
1519391380.5285268, 9.9e+37, -0.0001000001, 3.90082, 9.99998e-05
1519391380.5934317, 9.9e+37, -0.0001000001, 3.9379, 0.0001000001
1519391380.633968, 9.9e+37, -0.0001, 3.93768, 9.99997e-05
1519391380.6791883, 9.9e+37, -0.0001, 3.95671, 9.99996e-05
1519391380.7240412, 9.9e+37, -0.0001000001, 3.97254, 0.0001000001
1519391380.7640488, 9.9e+37, -0.0001, 4.00625, 9.99997e-05
1519391380.8091214, 9.9e+37, -0.0001000001, 4.0527, 0.0001000001
1519391380.854128, 9.9e+37, -0.0001000002, 4.02834, 0.0001000005
1519391380.9788542, 9.9e+37, -0.0001, 4.11448, 9.99999e-05
1519391381.039423, 9.9e+37, -0.0001000001, 4.12905, 0.0001000002
1519391381.0844316, 9.9e+37, -0.0001, 4.1488, 0.0001
1519391381.1394916, 9.9e+37, -0.0001000001, 4.13273, 0.0001000001
1519391381.1795008, 9.9e+37, -0.0001000001, 4.13828, 0.0001
1519391381.219553, 9.9e+37, -0.0001, 4.19652, 9.99998e-05
1519391381.2645638, 9.9e+37, -0.0001000001, 4.17773, 9.99999e-05
1519391381.304607, 9.9e+37, -0.0001000001, 4.2162, 9.99999e-05
1519391381.3446293, 9.9e+37, -0.0001000001, 4.19625, 0.0001
1519391381.4196408, 9.9e+37, -0.0001000001, 4.2367, 9.99999e-05
1519391381.4596508, 9.9e+37, -0.0001, 4.23204, 9.99997e-05
1519391381.50425, 9.9e+37, -0.0001, 4.2321, 9.99997e-05
1519391381.5446525, 9.9e+37, -0.0001000001, 4.25239, 0.0001
1519391381.5911717, 9.9e+37, -0.0001, 4.26492, 9.99998e-05
1519391381.631754, 9.9e+37, -0.0001, 4.3728, 9.99995e-05
1519391381.6817682, 9.9e+37, -0.0001, 4.32144, 9.99996e-05
1519391381.7248628, 9.9e+37, -0.0001000002, 4.32811, 0.0001000004
1519391381.7648714, 9.9e+37, -0.0001000002, 4.34026, 0.0001000004
1519391381.8101563, 9.9e+37, -0.0001, 4.34808, 9.99995e-05
1519391381.8501716, 9.9e+37, -0.0001, 4.44398, 9.99995e-05
1519391381.925361, 9.9e+37, -0.0001000006, 4.39443, 0.0001000023
1519391381.965373, 9.9e+37, -0.0001000002, 4.34552, 0.0001000002
1519391382.0054102, 9.9e+37, -0.0001000001, 4.32321, 0.0001
1519391382.0505605, 9.9e+37, -0.0001000001, 4.35836, 0.0001000002
1519391382.0975995, 9.9e+37, -0.0001, 4.327, 9.99999e-05
1519391382.141131, 9.9e+37, -0.0001000001, 4.37242, 0.0001000001
1519391382.1961632, 9.9e+37, -0.0001000001, 4.37035, 0.0001
1519391382.2362792, 9.9e+37, -0.0001000001, 4.40992, 0.0001
1519391382.2761366, 9.9e+37, -0.0001, 4.43409, 9.99998e-05
1519391382.31817, 9.9e+37, -0.0001000001, 4.47823, 0.0001
1519391382.3558695, 9.9e+37, -0.0001000002, 4.46236, 0.0001000003
1519391382.4151402, 9.9e+37, -0.0001000001, 4.44851, 0.0001000001
1519391382.461165, 9.9e+37, -9.99998e-05, 4.60808, 9.99989e-05
1519391382.501178, 9.9e+37, -0.0001000002, 4.67965, 0.0001000004
1519391382.5512445, 9.9e+37, -0.0001000001, 4.65298, 0.0001
1519391382.5962567, 9.9e+37, -0.0001000001, 4.65436, 0.0001000001
1519391382.645963, 9.9e+37, -0.0001000001, 4.66299, 0.0001000001
1519391382.7059784, 9.9e+37, -0.0001, 4.6548, 9.99999e-05
1519391382.746539, 9.9e+37, -0.0001000001, 4.68056, 0.0001
1519391382.7915456, 9.9e+37, -0.0001, 4.68439, 9.99995e-05
1519391382.8314126, 9.9e+37, -0.0001000001, 4.7313, 0.0001000002
1519391382.8764284, 9.9e+37, -0.0001000001, 4.78754, 0.0001000001
1519391382.9811492, 9.9e+37, -0.0001000001, 4.84633, 0.0001000003
1519391383.026568, 9.9e+37, -0.0001000002, 4.88506, 0.0001000003
1519391383.0715947, 9.9e+37, -9.99999e-05, 4.87276, 9.99993e-05
1519391383.1146274, 9.9e+37, -0.0001000001, 4.85164, 0.0001000001
1519391383.1671715, 9.9e+37, -9.99999e-05, 4.87873, 9.99993e-05
1519391383.2137058, 9.9e+37, -0.0001000003, 4.87192, 0.0001000008
1519391383.2572484, 9.9e+37, -0.0001, 4.85618, 9.99997e-05
1519391383.307258, 9.9e+37, -0.0001, 4.88982, 9.99996e-05
1519391383.352305, 9.9e+37, -0.0001, 4.92325, 9.99996e-05
1519391383.4073184, 9.9e+37, -0.0001, 4.95977, 9.99996e-05
1519391383.467388, 9.9e+37, -0.0001000001, 5.00884, 0.0001000001
1519391383.5164208, 9.9e+37, -0.0001, 5.02887, 9.99998e-05
1519391383.5575032, 9.9e+37, -0.0001, 5.03263, 9.99998e-05
1519391383.5975096, 9.9e+37, -0.0001000004, 5.05936, 0.0001000013
1519391383.6427178, 9.9e+37, -0.0001000003, 4.94409, 0.0001000013
1519391383.6827304, 9.9e+37, -0.0001, 4.83978, 9.99998e-05
1519391383.7227716, 9.9e+37, -0.0001, 4.84835, 9.99995e-05
1519391383.7683043, 9.9e+37, -0.0001000001, 4.88132, 9.99999e-05
1519391383.8083098, 9.9e+37, -0.0001, 4.86424, 9.99998e-05
1519391383.8535593, 9.9e+37, -0.0001000001, 4.88783, 0.0001
1519391383.9085371, 9.9e+37, -0.0001000001, 4.89412, 0.0001000002
1519391383.9536374, 9.9e+37, -0.0001000001, 4.914, 0.0001000001
1519391383.9936082, 9.9e+37, -0.0001000001, 4.91982, 0.0001000001
1519391384.038672, 9.9e+37, -0.0001, 4.94141, 9.99998e-05
1519391384.0836844, 9.9e+37, -0.0001, 4.92381, 9.99998e-05
1519391384.1282392, 9.9e+37, -0.0001000001, 4.93265, 9.99999e-05
1519391384.1733155, 9.9e+37, -0.0001, 4.94241, 9.99997e-05
1519391384.2258637, 9.9e+37, -0.0001, 4.97863, 9.99998e-05
1519391384.2638922, 9.9e+37, -0.0001, 5.05059, 9.99998e-05
1519391384.3144152, 9.9e+37, -0.0001000001, 5.05507, 0.0001
1519391384.3539624, 9.9e+37, -0.0001000002, 5.06282, 0.0001000005
1519391384.4151864, 9.9e+37, -0.0001000001, 5.07766, 0.0001
1519391384.4592447, 9.9e+37, -0.0001, 5.09347, 9.99997e-05
1519391384.5042386, 9.9e+37, -0.0001, 5.10696, 9.99999e-05
1519391384.5441632, 9.9e+37, -0.0001, 5.09843, 0.0001
1519391384.5891762, 9.9e+37, -0.0001, 5.11245, 9.99999e-05
1519391384.63387, 9.9e+37, -0.0001, 5.11393, 9.99999e-05
1519391384.6738865, 9.9e+37, -0.0001000001, 5.12614, 0.0001
1519391384.7259274, 9.9e+37, -0.0001000001, 5.14052, 0.0001000001
1519391384.7699878, 9.9e+37, -0.0001000001, 5.1479, 0.0001000001
1519391384.817048, 9.9e+37, -0.0001000001, 5.17283, 0.0001000001
1519391384.8595922, 9.9e+37, -0.0001, 5.18177, 9.99998e-05
1519391384.9547696, 9.9e+37, -0.0001000001, 5.2663, 0.0001000002
1519391384.9947789, 9.9e+37, -0.0001000001, 5.28891, 0.0001000001
1519391385.039969, 9.9e+37, -0.0001000001, 5.28851, 0.0001000002
1519391385.0799794, 9.9e+37, -0.0001000001, 5.31379, 0.0001
1519391385.1220198, 9.9e+37, -0.0001000002, 5.32108, 0.0001000003
1519391385.165558, 9.9e+37, -0.0001, 5.33634, 9.99996e-05
1519391385.2055728, 9.9e+37, -0.0001, 5.34988, 9.99997e-05
1519391385.2506273, 9.9e+37, -0.0001, 5.35468, 9.99999e-05
1519391385.3006392, 9.9e+37, -0.0001000001, 5.38931, 0.0001
1519391385.3453498, 9.9e+37, -0.0001000001, 5.37929, 9.99999e-05
1519391385.3853607, 9.9e+37, -0.0001, 5.40885, 9.99999e-05
1519391385.4608092, 9.9e+37, -0.0001, 5.40282, 9.99998e-05
1519391385.5058215, 9.9e+37, -0.0001000001, 5.42096, 0.0001000001
1519391385.5459948, 9.9e+37, -0.0001000001, 5.43244, 0.0001000001
1519391385.596006, 9.9e+37, -0.0001000001, 5.44059, 0.0001
1519391385.6416967, 9.9e+37, -0.0001000001, 5.44704, 0.0001000001
1519391385.6867073, 9.9e+37, -0.0001, 5.45656, 9.99998e-05
1519391385.731882, 9.9e+37, -0.0001000001, 5.47759, 9.99999e-05
1519391385.7769144, 9.9e+37, -0.0001000001, 5.48168, 9.99999e-05
1519391385.8249454, 9.9e+37, -0.0001, 5.47791, 9.99999e-05
1519391385.86698, 9.9e+37, -0.0001, 5.49683, 9.99998e-05
1519391385.9265199, 9.9e+37, -0.0001000001, 5.54917, 0.0001000002
1519391386.0020614, 9.9e+37, -0.0001, 5.55864, 9.99998e-05
1519391386.0469787, 9.9e+37, -0.0001000001, 5.57544, 9.99999e-05
1519391386.086994, 9.9e+37, -0.0001, 5.68788, 9.99999e-05
1519391386.1425502, 9.9e+37, -0.0001, 5.77728, 9.99996e-05
1519391386.1875615, 9.9e+37, -0.0001, 5.77108, 9.99998e-05
1519391386.2311068, 9.9e+37, -0.0001, 5.78871, 9.99998e-05
1519391386.2726355, 9.9e+37, -0.0001000001, 5.79255, 9.99999e-05
1519391386.3196597, 9.9e+37, -0.0001000002, 5.79418, 0.0001000004
1519391386.356231, 9.9e+37, -0.0001, 5.8038, 9.99998e-05
1519391386.396246, 9.9e+37, -0.0001, 5.81016, 9.99997e-05
1519391386.4911926, 9.9e+37, -0.0001000001, 5.92854, 9.99999e-05
1519391386.5328708, 9.9e+37, -0.0001000001, 5.93667, 0.0001
1519391386.5715494, 9.9e+37, -0.0001000001, 5.92725, 0.0001
1519391386.6165504, 9.9e+37, -9.99997e-05, 5.87821, 9.99934e-05
1519391386.6559556, 9.9e+37, -0.0001000001, 5.87204, 0.0001
1519391386.6959836, 9.9e+37, -9.99999e-05, 5.87679, 9.99973e-05
1519391386.7418447, 9.9e+37, -9.99998e-05, 5.58626, 9.99967e-05
1519391386.7817035, 9.9e+37, -0.0001000001, 5.5157, 0.0001000001
1519391386.826884, 9.9e+37, -0.0001000001, 5.49225, 0.0001
1519391386.8769326, 9.9e+37, -0.0001, 5.26448, 9.9999e-05
1519391386.932123, 9.9e+37, -9.99999e-05, 5.12812, 9.99993e-05
1519391386.9923046, 9.9e+37, -9.99998e-05, 5.13872, 9.99957e-05
1519391387.0371916, 9.9e+37, -9.99994e-05, 4.93549, 9.9986e-05
1519391387.0822167, 9.9e+37, -0.0001, 4.94119, 9.99998e-05
1519391387.127255, 9.9e+37, -0.0001, 4.86704, 9.99996e-05
1519391387.1722977, 9.9e+37, -0.0001000001, 4.62638, 0.0001000001
1519391387.2123005, 9.9e+37, -0.0001000001, 4.6396, 9.99999e-05
1519391387.2576573, 9.9e+37, -0.0001000001, 4.63677, 0.0001
1519391387.3076684, 9.9e+37, -9.9999e-05, 4.31201, 9.99796e-05
1519391387.3482065, 9.9e+37, -0.0001000001, 4.29422, 0.0001000001
1519391387.3882189, 9.9e+37, -0.0001, 4.34365, 9.99996e-05
1519391387.4735973, 9.9e+37, -0.0001, 3.9678, 9.99996e-05
1519391387.518608, 9.9e+37, -0.0001, 3.9778, 9.99995e-05
1519391387.563805, 9.9e+37, -0.0001, 3.94975, 9.99998e-05
1519391387.6088173, 9.9e+37, -0.0001000001, 3.7003, 0.0001000002
1519391387.649331, 9.9e+37, -0.0001, 3.71122, 9.99995e-05
1519391387.6943388, 9.9e+37, -0.0001, 3.71661, 9.99997e-05
1519391387.7396123, 9.9e+37, -0.0001, 3.44782, 9.99969e-05
1519391387.7797692, 9.9e+37, -0.0001000001, 3.40867, 0.0001000001
1519391387.8277986, 9.9e+37, -0.0001000001, 3.43067, 9.99999e-05
1519391387.8693337, 9.9e+37, -9.99998e-05, 3.14774, 9.9995e-05
1519391387.9394069, 9.9e+37, -0.0001, 3.09812, 9.99997e-05
1519391387.9894383, 9.9e+37, -0.0001000001, 3.07709, 0.0001000001
1519391388.0394862, 9.9e+37, -0.0001000001, 2.83141, 0.0001
1519391388.0885563, 9.9e+37, -0.0001, 2.83436, 9.99995e-05
1519391388.1296172, 9.9e+37, -9.99999e-05, 2.84962, 9.9998e-05
1519391388.169629, 9.9e+37, -9.99999e-05, 2.53616, 9.99958e-05
1519391388.2141614, 9.9e+37, -0.0001000001, 2.53577, 9.99999e-05
1519391388.2546954, 9.9e+37, -9.99998e-05, 2.53763, 9.99949e-05
1519391388.2996998, 9.9e+37, -0.0001000002, 2.22041, 0.0001000002
1519391388.3343945, 9.9e+37, -0.0001000001, 2.2104, 9.99999e-05
1519391388.3794014, 9.9e+37, -0.0001000001, 2.22393, 0.0001000001
1519391388.4194934, -3.6e-06, -9.73389e-05, 1.969695, 9.73371e-05
1519391388.52501, -1.3e-06, -9.61597e-05, 1.969697, 9.61587e-05
1519391388.5700214, 4e-07, -9.59439e-05, 1.969697, 9.59427e-05
1519391388.6165688, 1.2e-05, -6.75779e-05, 1.66665, 6.75787e-05
1519391388.6550996, 2.17e-05, -6.77496e-05, 1.666647, 6.77509e-05
1519391388.7001102, -1.13e-05, -6.82736e-05, 1.66668, 6.82746e-05
1519391388.745176, 7.4e-06, -4.66858e-05, 1.363629, 4.66894e-05
1519391388.7851868, -1.92e-05, -4.6156e-05, 1.363654, 4.61581e-05
1519391388.830251, -3e-06, -4.57343e-05, 1.363638, 4.57375e-05
1519391388.8752637, -5.3e-06, -2.50518e-05, 1.060612, 2.50547e-05
1519391388.9187806, -1.07e-05, -2.55501e-05, 1.060615, 2.55533e-05
1519391389.020204, -2.7e-06, -2.15628e-05, 1.060609, 2.15655e-05
1519391389.0653658, -2.4e-06, -9.5144e-06, 0.757578, 9.517e-06
1519391389.1099067, -7e-07, -1.08081e-05, 0.757576, 1.08111e-05
1519391389.1507638, 8.5e-06, -1.11611e-05, 0.757567, 1.11648e-05
1519391389.2007754, -9e-07, -3.6171e-06, 0.454547, 3.61739e-06
1519391389.2409272, 2e-07, -3.59767e-06, 0.454545, 3.59786e-06
1519391389.2859383, -1.1e-06, -3.57497e-06, 0.454547, 3.57518e-06
1519391389.3464985, 3e-06, -2.64502e-07, 0.1515121, 2.64539e-07
1519391389.386503, 4.6e-06, -2.95852e-07, 0.1515102, 2.96043e-07
1519391389.451668, -1.31e-05, -3.0378e-07, 0.1515265, 3.02805e-07
1519391389.5167572, 0.0, 2.29982e-07, -0.1515152, -2.30107e-07
1519391389.5572925, 0.0, 2.28534e-07, -0.1515151, -2.28689e-07
1519391389.5972984, -2e-07, 2.31632e-07, -0.1515149, -2.3175e-07
1519391389.6569986, -3e-07, 2.33079e-06, -0.454545, -2.33048e-06
1519391389.6970062, 0.0, 2.30795e-06, -0.454545, -2.30764e-06
1519391389.7422085, -3e-07, 2.35919e-06, -0.454545, -2.35887e-06
1519391389.7872207, -9e-07, 9.20967e-06, -0.757575, -9.20911e-06
1519391389.8327746, 4e-07, 9.2536e-06, -0.757577, -9.2529e-06
1519391389.8927906, -1e-07, 9.33461e-06, -0.757576, -9.33393e-06
1519391389.9528594, -1.3e-06, 2.21402e-05, -1.060605, -2.21344e-05
1519391390.002866, 1.1e-06, 2.21351e-05, -1.060608, -2.21292e-05
1519391390.052937, -1.1e-06, 2.2201e-05, -1.060605, -2.2195e-05
1519391390.0979426, 2.8e-06, 4.22218e-05, -1.363639, -4.22136e-05
1519391390.137993, 1.3e-06, 4.22085e-05, -1.363637, -4.22001e-05
1519391390.1830065, 2.2e-06, 4.22978e-05, -1.363638, -4.22891e-05
1519391390.2231352, -2.2e-06, 6.9412e-05, -1.666665, -6.94009e-05
1519391390.2633345, 3.5e-06, 6.92009e-05, -1.666671, -6.919e-05
1519391390.3033202, 2e-06, 6.89636e-05, -1.666669, -6.89526e-05
1519391390.3590355, -0.0156897, 0.0001, -1.96948, -9.99864e-05
1519391390.3990529, -0.0084891, 0.0001, -1.969499, -9.99865e-05
1519391390.4490852, -0.00965, 0.0001, -1.969491, -9.99864e-05
1519391390.4940946, -0.1323914, 0.0001000007, -2.08938, -9.99993e-05
1519391390.5341492, -9.9e+37, 0.0001000003, -2.26425, -9.99927e-05
1519391390.5791614, -9.9e+37, 9.99999e-05, -2.27182, -9.99862e-05
1519391390.674231, -9.9e+37, 0.0001000006, -2.39276, -9.99993e-05
1519391390.7162588, -9.9e+37, 0.0001000003, -2.56548, -9.99928e-05
1519391390.754291, -9.9e+37, 0.0001, -2.57482, -9.99866e-05
1519391390.7992985, -9.9e+37, 0.0001000006, -2.69181, -9.99993e-05
1519391390.8393517, -9.9e+37, 0.0001000004, -2.86725, -9.9994e-05
1519391390.8793585, -9.9e+37, 0.0001, -2.87787, -9.99866e-05
1519391390.924407, -9.9e+37, 0.0001000007, -3.00159, -9.99993e-05
1519391390.9948487, -9.9e+37, 0.0001, -3.18093, -9.99869e-05
1519391391.039921, -9.9e+37, 0.0001, -3.18092, -9.99869e-05
1519391391.1039813, -9.9e+37, 0.0001000008, -3.31493, -9.99993e-05
1519391391.145042, -9.9e+37, 0.0001, -3.48387, -9.99868e-05
1519391391.1900613, -9.9e+37, 0.0001, -3.48391, -9.99864e-05
1519391391.2349932, -9.9e+37, 0.0001000007, -3.60578, -9.99993e-05
1519391391.2749963, -9.9e+37, 0.0001000002, -3.78376, -9.99905e-05
1519391391.3210378, -9.9e+37, 0.0001, -3.78691, -9.99867e-05
1519391391.3750765, -9.9e+37, 0.0001000007, -3.91111, -9.99993e-05
1519391391.4244978, -9.9e+37, 0.0001000002, -4.08537, -9.99911e-05
1519391391.4952273, -9.9e+37, 0.0001, -4.08995, -9.99865e-05
1519391391.540896, -9.9e+37, 0.0001000007, -4.21614, -9.99994e-05
1519391391.580755, -9.9e+37, 0.0001000003, -4.3892, -9.99909e-05
1519391391.6259341, -9.9e+37, 0.0001, -4.39291, -9.99871e-05
1519391391.6859646, -9.9e+37, 0.0001000007, -4.51554, -9.99993e-05
1519391391.7310202, -9.9e+37, 0.0001000002, -4.69166, -9.99906e-05
1519391391.776034, -9.9e+37, 0.0001, -4.69599, -9.99865e-05
1519391391.8210797, -9.9e+37, 0.0001000007, -4.81396, -9.99994e-05
1519391391.861108, -9.9e+37, 0.0001000003, -4.99226, -9.99923e-05
1519391391.906117, -9.9e+37, 0.0001, -4.99895, -9.99869e-05
1519391391.9461668, -9.9e+37, 0.0001000007, -5.12165, -9.99993e-05
1519391392.0514529, -9.9e+37, 0.0001, -5.30196, -9.9987e-05
1519391392.091646, -9.9e+37, 0.0001, -5.30202, -9.99867e-05
1519391392.1365292, -9.9e+37, 0.0001000007, -5.42525, -9.99993e-05
1519391392.1765385, -9.9e+37, 0.0001000002, -5.60048, -9.99912e-05
1519391392.2200694, -9.9e+37, 0.0001, -5.60492, -9.9987e-05
1519391392.261601, -9.9e+37, 0.0001000007, -5.72446, -9.99993e-05
1519391392.3121295, -9.9e+37, 0.0001, -5.90771, -9.99881e-05
1519391392.3513741, -9.9e+37, 0.0001, -5.90807, -9.99866e-05
1519391392.3965664, -9.9e+37, 0.0001000006, -6.02854, -9.99994e-05
1519391392.437315, -9.9e+37, 0.0001000003, -6.20181, -9.9993e-05
1519391392.5271835, -9.9e+37, 0.0001, -6.21115, -9.99868e-05
1519391392.572194, -9.9e+37, 0.0001000007, -6.33456, -9.99993e-05
1519391392.6267054, -9.9e+37, 0.0001, -6.51416, -9.99872e-05
1519391392.668608, -9.9e+37, 0.0001, -6.51418, -9.99864e-05
1519391392.723648, -9.9e+37, 0.0001000007, -6.63854, -9.99993e-05
1519391392.762177, -9.9e+37, 0.0001000001, -6.81462, -9.99897e-05
1519391392.8071878, -9.9e+37, 0.0001, -6.81706, -9.99863e-05
1519391392.8672526, -9.9e+37, 0.0001000007, -6.93996, -9.99993e-05
1519391392.9072585, -9.9e+37, 0.0001000002, -7.11652, -9.9991e-05
1519391392.9473202, -9.9e+37, 0.0001, -7.12029, -9.99868e-05
1519391393.0671806, -9.9e+37, 0.0001000007, -7.32013, -9.99993e-05
1519391393.1372585, -9.9e+37, 0.0001, -7.42332, -9.99866e-05
1519391393.1822708, -9.9e+37, 0.0001, -7.42327, -9.99867e-05
1519391393.2498505, -9.9e+37, 0.0001000006, -7.58762, -9.99994e-05
1519391393.2969165, -9.9e+37, 0.0001, -7.72638, -9.99869e-05
1519391393.342482, -9.9e+37, 0.0001, -7.7264, -9.99867e-05
1519391393.385046, -9.9e+37, 0.0001000006, -7.84826, -9.99992e-05
1519391393.4223177, -9.9e+37, 0.0001000003, -8.02043, -9.99934e-05
1519391393.4873338, -9.9e+37, 0.0001, -8.02938, -9.99869e-05
1519391393.547374, -9.9e+37, 0.0001000006, -8.1493, -9.99993e-05
1519391393.595396, -9.9e+37, 0.0001000002, -8.33067, -9.99899e-05
1519391393.637934, -9.9e+37, 0.0001, -8.33243, -9.9987e-05
1519391393.6879482, -9.9e+37, 0.0001000006, -8.45447, -9.99993e-05
1519391393.733014, -9.9e+37, 0.0001000001, -8.63322, -9.99894e-05
1519391393.7780223, -9.9e+37, 0.0001, -8.63547, -9.99871e-05
1519391393.8230839, -9.9e+37, 0.0001000006, -8.75922, -9.99994e-05
1519391393.868092, -9.9e+37, 0.0001000002, -8.93302, -9.99915e-05
1519391393.9074965, -9.9e+37, 0.0001, -8.93849, -9.99869e-05
1519391393.9575741, -9.9e+37, 0.0001000006, -9.06008, -9.99993e-05
1519391394.0479558, -9.9e+37, 0.0001, -9.24147, -9.9987e-05
1519391394.095189, -9.9e+37, 0.0001, -9.24149, -9.99868e-05
1519391394.1385808, -9.9e+37, 0.0001000007, -9.3652, -9.99993e-05
1519391394.1837409, -9.9e+37, 0.0001000002, -9.54051, -9.99908e-05
1519391394.227825, -9.9e+37, 0.0001, -9.5445, -9.99866e-05
1519391394.2693589, -9.9e+37, 0.0001000007, -9.67009, -9.99993e-05
1519391394.3140526, -9.9e+37, 0.0001000001, -9.84423, -9.99904e-05
1519391394.3540664, -9.9e+37, 0.0001, -9.84751, -9.99866e-05
1519391394.404105, -9.9e+37, 0.0001000006, -9.96827, -9.99993e-05
1519391394.444645, -9.9e+37, 0.0001000001, -10.14767, -9.99904e-05
1519391394.5346603, -9.9e+37, 0.0001, -10.15056, -9.99864e-05
1519391394.584674, -9.9e+37, 0.0001000006, -10.27305, -9.99994e-05
1519391394.624728, -9.9e+37, 0.0001000001, -10.45229, -9.99897e-05
1519391394.669741, -9.9e+37, 0.0001, -10.45352, -9.99869e-05
1519391394.7144241, -9.9e+37, 0.0001000007, -10.57222, -9.99994e-05
1519391394.7594311, -9.9e+37, 0.0001000003, -10.74898, -9.9993e-05
1519391394.8029735, -9.9e+37, 0.0001, -10.75654, -9.99871e-05
1519391394.8450098, -9.9e+37, 0.0001000006, -10.87642, -9.99993e-05
1519391394.8900201, -9.9e+37, 0.0001000001, -11.05737, -9.99903e-05
1519391394.9347875, -9.9e+37, 0.0001, -11.05961, -9.99869e-05
1519391394.989797, -9.9e+37, 0.0001000006, -11.18002, -9.99993e-05
1519391395.0297463, -9.9e+37, 0.0001, -11.36261, -9.99874e-05
1519391395.0697505, -9.9e+37, 0.0001, -11.36263, -9.99869e-05
1519391395.1203005, -9.9e+37, 0.0001000007, -11.47949, -9.99994e-05
1519391395.1603103, -9.9e+37, 0.0001000003, -11.65723, -9.9993e-05
1519391395.2063682, -9.9e+37, 0.0001, -11.6656, -9.99872e-05
1519391395.2504005, -9.9e+37, 0.0001000006, -11.7811, -9.99994e-05
1519391395.290411, -9.9e+37, 0.0001000003, -11.95889, -9.99933e-05
1519391395.3354766, -9.9e+37, 0.0001, -11.9686, -9.99877e-05
1519391395.3804889, -9.9e+37, 0.0001000006, -12.08486, -9.99994e-05
1519391395.4305153, -9.9e+37, 0.0001, -12.27141, -9.99884e-05
1519391395.4905355, -9.9e+37, 0.0001, -12.27172, -9.99871e-05
1519391395.5355964, -9.9e+37, 0.0001000007, -12.39053, -9.99994e-05
1519391395.5756063, -9.9e+37, 0.0001000002, -12.56678, -9.99928e-05
1519391395.6207664, -9.9e+37, 0.0001, -12.57477, -9.99868e-05
1519391395.665775, -9.9e+37, 0.0001000008, -12.69245, -9.99993e-05
1519391395.7098198, -9.9e+37, 0.0001000002, -12.87261, -9.99921e-05
1519391395.7513437, -9.9e+37, 0.0001, -12.8778, -9.99873e-05
1519391395.797892, -9.9e+37, 0.0001000006, -12.99565, -9.99992e-05
1519391395.8514268, -9.9e+37, 0.0001, -13.18082, -9.99877e-05
1519391395.8914409, -9.9e+37, 0.0001, -13.18085, -9.99872e-05
1519391395.9411452, -9.9e+37, 0.0001000006, -13.30029, -9.99993e-05
1519391395.9911544, -9.9e+37, 0.0001000002, -13.4769, -9.99922e-05
1519391396.0313568, -9.9e+37, 0.0001, -13.48391, -9.99872e-05
1519391396.0863738, -9.9e+37, 0.0001000006, -13.59977, -9.99994e-05
1519391396.1319268, -9.9e+37, 0.0001000003, -13.77936, -9.9993e-05
1519391396.181938, -9.9e+37, 0.0001, -13.78695, -9.9987e-05
1519391396.226992, -9.9e+37, 0.0001000006, -13.90879, -9.99994e-05
1519391396.2669978, -9.9e+37, 0.0001000002, -14.08178, -9.99929e-05
1519391396.3120358, -9.9e+37, 0.0001, -14.09, -9.99869e-05
1519391396.3620517, -9.9e+37, 0.0001000007, -14.20914, -9.99993e-05
1519391396.4171185, -9.9e+37, 0.0001, -14.39301, -9.9987e-05
1519391396.462124, -9.9e+37, 0.0001, -14.39303, -9.99869e-05
1519391396.581723, -9.9e+37, 0.0001000006, -14.58814, -9.99993e-05
1519391396.6219003, -9.9e+37, 0.0001, -14.696, -9.99872e-05
1519391396.6619043, -9.9e+37, 0.0001, -14.69602, -9.99868e-05
1519391396.7054453, -9.9e+37, 0.0001000007, -14.81553, -9.99994e-05
1519391396.7524757, -9.9e+37, 0.0001, -14.99897, -9.99876e-05
1519391396.7990103, -9.9e+37, 0.0001, -14.99899, -9.99871e-05
 1519391450.5800807, -9.9e+37, 0.0001000006, -3.45538, -9.99994e-05
1519391450.6252744, -9.9e+37, 0.0001000006, -3.65289, -9.99993e-05
1519391450.6653662, -9.9e+37, 0.0001000006, -3.83102, -9.99994e-05
1519391450.7252052, -9.9e+37, 0.0001000007, -4.08224, -9.99994e-05
1519391450.7753658, -9.9e+37, 0.0001000006, -4.31658, -9.99994e-05
1519391450.8254256, -9.9e+37, 0.0001000006, -4.53942, -9.99993e-05
1519391450.870447, -9.9e+37, 0.0001000006, -4.73191, -9.99992e-05
1519391450.9148443, -9.9e+37, 0.0001000006, -4.91544, -9.99994e-05
1519391450.9823797, -9.9e+37, 0.0001000006, -5.20527, -9.99994e-05
1519391451.025429, -9.9e+37, 0.0001000007, -5.41572, -9.99994e-05
1519391451.0704355, -9.9e+37, 0.0001000006, -5.5881, -9.99994e-05
1519391451.1104987, -9.9e+37, 0.0001000006, -5.76647, -9.99993e-05
1519391451.1555014, -9.9e+37, 0.0001000006, -5.96709, -9.99994e-05
1519391451.1945343, -9.9e+37, 0.0001000007, -6.14098, -9.99994e-05
1519391451.2305644, -9.9e+37, 0.0001000007, -6.31469, -9.99993e-05
1519391451.2755804, -9.9e+37, 0.0001000008, -6.50152, -9.99994e-05
1519391451.3164198, -9.9e+37, 0.0001000006, -6.67333, -9.99994e-05
1519391451.3514311, -9.9e+37, 0.0001000006, -6.84709, -9.99993e-05
1519391451.401969, -9.9e+37, 0.0001000006, -7.04958, -9.99994e-05
1519391451.4570043, -9.9e+37, 0.0001000007, -7.22127, -9.99994e-05
1519391451.5055208, -9.9e+37, 0.0001000007, -7.49944, -9.99994e-05
1519391451.5468612, -9.9e+37, 0.0001000006, -7.67824, -9.99994e-05
1519391451.5868716, -9.9e+37, 0.0001000007, -7.85853, -9.99992e-05
1519391451.626524, -9.9e+37, 0.0001000006, -8.02975, -9.99993e-05
1519391451.6665387, -9.9e+37, 0.0001000006, -8.21555, -9.99994e-05
1519391451.707034, -9.9e+37, 0.0001000006, -8.38641, -9.99993e-05
1519391451.7570615, -9.9e+37, 0.0001000007, -8.57509, -9.99994e-05
1519391451.804591, -9.9e+37, 0.0001000006, -8.79523, -9.99993e-05
1519391451.8421178, -9.9e+37, 0.0001000006, -8.9794, -9.99994e-05
1519391451.8871307, -9.9e+37, 0.0001000007, -9.16519, -9.99994e-05
1519391451.932185, -9.9e+37, 0.0001000006, -9.36524, -9.99994e-05
1519391452.0072343, -9.9e+37, 0.0001000006, -9.68122, -9.99993e-05
1519391452.057263, -9.9e+37, 0.0001000006, -9.90144, -9.99992e-05
1519391452.1067853, -9.9e+37, 0.0001000007, -10.11045, -9.99994e-05
1519391452.1523113, -9.9e+37, 0.0001000006, -10.29884, -9.99994e-05
1519391452.204363, -9.9e+37, 0.0001000006, -10.53187, -9.99994e-05
1519391452.2573953, -9.9e+37, 0.0001000006, -10.77557, -9.99994e-05
1519391452.300928, -9.9e+37, 0.0001000006, -10.96315, -9.99993e-05
1519391452.3374565, -9.9e+37, 0.0001000007, -11.13423, -9.99993e-05
1519391452.3824673, -9.9e+37, 9.99999e-05, -11.05961, -9.99871e-05
1519391452.4225874, -9.9e+37, 0.0001, -11.05955, -9.99873e-05
1519391452.4726, -9.9e+37, 0.0001, -11.05958, -9.99871e-05
1519391452.5278282, -9.9e+37, 0.0001, -10.75645, -9.99871e-05
1519391452.5728397, -9.9e+37, 9.99999e-05, -10.75659, -9.99863e-05
1519391452.613398, -9.9e+37, 9.99999e-05, -10.75659, -9.99866e-05
1519391452.6584084, -9.9e+37, 0.0001, -10.45356, -9.99867e-05
1519391452.7044485, -9.9e+37, 0.0001, -10.45357, -9.99865e-05
1519391452.7484748, -9.9e+37, 0.0001, -10.45355, -9.99869e-05
1519391452.7945035, -9.9e+37, 0.0001, -10.15056, -9.99863e-05
1519391452.833557, -9.9e+37, 0.0001, -10.15056, -9.99868e-05
1519391452.878567, -9.9e+37, 0.0001, -10.15055, -9.99872e-05
1519391452.9238787, -9.9e+37, 0.0001, -9.84754, -9.99861e-05
1519391452.9738898, -9.9e+37, 0.0001, -9.84749, -9.99864e-05
1519391453.0190947, -9.9e+37, 0.0001, -9.84749, -9.99866e-05
1519391453.0641005, -9.9e+37, 0.0001, -9.5445, -9.99864e-05
1519391453.1091402, -9.9e+37, 9.99999e-05, -9.54449, -9.99863e-05
1519391453.149407, -9.9e+37, 0.0001, -9.5445, -9.99864e-05
1519391453.1893585, -9.9e+37, 0.0001000001, -9.2414, -9.99869e-05
1519391453.2290132, -9.9e+37, 0.0001, -9.24145, -9.99869e-05
1519391453.269019, -9.9e+37, 0.0001000001, -9.24147, -9.99866e-05
1519391453.3144486, -9.9e+37, 0.0001, -8.93846, -9.99859e-05
1519391453.354467, -9.9e+37, 0.0001, -8.93841, -9.99867e-05
1519391453.3964953, -9.9e+37, 0.0001, -8.93842, -9.99865e-05
1519391453.4391756, -9.9e+37, 0.0001, -8.63541, -9.99863e-05
1519391453.4977095, -9.9e+37, 9.99999e-05, -8.6354, -9.99862e-05
1519391453.5397482, -9.9e+37, 0.0001000001, -8.63536, -9.99868e-05
1519391453.5847664, -9.9e+37, 0.0001, -8.33241, -9.99862e-05
1519391453.6298137, -9.9e+37, 0.0001, -8.33237, -9.99865e-05
1519391453.6748276, -9.9e+37, 0.0001, -8.33238, -9.99862e-05
1519391453.7198794, -9.9e+37, 0.0001, -8.02932, -9.99866e-05
1519391453.7598948, -9.9e+37, 9.99999e-05, -8.02932, -9.99862e-05
1519391453.8068173, -9.9e+37, 0.0001, -8.02933, -9.99865e-05
1519391453.8548522, -9.9e+37, 0.0001, -7.72632, -9.99859e-05
1519391453.8983793, -9.9e+37, 0.0001, -7.7263, -9.99858e-05
1519391453.9399173, -9.9e+37, 0.0001, -7.72633, -9.99862e-05
1519391454.0049596, -9.9e+37, 0.0001, -7.42328, -9.99861e-05
1519391454.0449917, -9.9e+37, 9.99999e-05, -7.42328, -9.9986e-05
1519391454.0985653, -9.9e+37, 0.0001, -7.42326, -9.99864e-05
1519391454.1451085, -9.9e+37, 0.0001, -7.12029, -9.99861e-05
1519391454.1901166, -9.9e+37, 0.0001, -7.12021, -9.99864e-05
1519391454.2302969, -9.9e+37, 0.0001, -7.12021, -9.99862e-05
1519391454.2803113, -9.9e+37, 0.0001, -6.81691, -9.99861e-05
1519391454.32049, -9.9e+37, 0.0001, -6.81685, -9.99865e-05
1519391454.3654988, -9.9e+37, 0.0001, -6.8169, -9.99863e-05
1519391454.4103236, -9.9e+37, 0.0001, -6.51411, -9.99861e-05
1519391454.4504879, -9.9e+37, 0.0001, -6.51415, -9.99863e-05
1519391454.5156496, -9.9e+37, 9.99999e-05, -6.51412, -9.9986e-05
1519391454.5606647, -9.9e+37, 0.0001, -6.2111, -9.99857e-05
1519391454.6058125, -9.9e+37, 0.0001, -6.21114, -9.99862e-05
1519391454.646343, -9.9e+37, 0.0001, -6.21111, -9.99861e-05
1519391454.691358, -9.9e+37, 0.0001, -5.9081, -9.99859e-05
1519391454.7364256, -9.9e+37, 0.0001, -5.90813, -9.9986e-05
1519391454.7764351, -9.9e+37, 0.0001, -5.90811, -9.9986e-05
1519391454.8264966, -9.9e+37, 0.0001, -5.60506, -9.99859e-05
1519391454.866513, -9.9e+37, 9.99999e-05, -5.60506, -9.9986e-05
1519391454.9105484, -9.9e+37, 0.0001, -5.60505, -9.99862e-05
1519391454.9515712, -9.9e+37, 0.0001, -5.30202, -9.99858e-05
1519391455.0162742, -9.9e+37, 0.0001, -5.30202, -9.99856e-05
1519391455.056284, -9.9e+37, 0.0001, -5.30203, -9.99865e-05
1519391455.1168494, -9.9e+37, 0.0001, -4.99901, -9.9986e-05
1519391455.15686, -9.9e+37, 0.0001, -4.99901, -9.99857e-05
1519391455.2184205, -9.9e+37, 0.0001, -4.99901, -9.99863e-05
1519391455.2744997, -9.9e+37, 0.0001, -4.69599, -9.9986e-05
1519391455.3175597, -9.9e+37, 0.0001, -4.69599, -9.99862e-05
1519391455.3626273, -9.9e+37, 0.0001, -4.69604, -9.99861e-05
1519391455.4031854, -9.9e+37, 0.0001, -4.39301, -9.99852e-05
1519391455.4419992, -9.9e+37, 9.99999e-05, -4.39303, -9.99855e-05
1519391455.4972162, -9.9e+37, 0.0001, -4.393, -9.99861e-05
1519391455.5377438, -9.9e+37, 0.0001, -4.08998, -9.99859e-05
1519391455.5777533, -9.9e+37, 0.0001, -4.08998, -9.9986e-05
1519391455.6232777, -9.9e+37, 0.0001, -4.08996, -9.9986e-05
1519391455.6610894, -9.9e+37, 0.0001, -3.78696, -9.99858e-05
1519391455.7061, -9.9e+37, 0.0001, -3.78696, -9.99857e-05
1519391455.7528424, -9.9e+37, 0.0001, -3.78698, -9.99857e-05
1519391455.8028488, -9.9e+37, 0.0001, -3.48393, -9.99859e-05
1519391455.848052, -9.9e+37, 0.0001, -3.48396, -9.9986e-05
1519391455.8930686, -9.9e+37, 0.0001, -3.48395, -9.99858e-05
1519391455.9386203, -9.9e+37, 0.0001, -3.18094, -9.9986e-05
1519391455.9786305, -9.9e+37, 9.99999e-05, -3.18092, -9.99857e-05
1519391456.0838497, -9.9e+37, 0.0001, -3.18093, -9.9986e-05
1519391456.143911, -9.9e+37, 0.0001000001, -2.87788, -9.99862e-05
1519391456.1839235, -9.9e+37, 0.0001, -2.87788, -9.99861e-05
1519391456.228958, -9.9e+37, 9.99999e-05, -2.87787, -9.99863e-05
1519391456.2741635, -9.9e+37, 0.0001, -2.57478, -9.99866e-05
1519391456.3141415, -9.9e+37, 0.0001000001, -2.57482, -9.99867e-05
1519391456.35359, -9.9e+37, 0.0001, -2.57481, -9.99861e-05
1519391456.398601, -9.9e+37, 9.99999e-05, -2.2718, -9.99859e-05
1519391456.4391615, -9.9e+37, 0.0001, -2.27179, -9.99861e-05
1519391456.4791708, -9.9e+37, 0.0001, -2.2718, -9.99861e-05
1519391456.554334, 3.2e-06, 9.48042e-05, -1.969701, -9.47913e-05
1519391456.599347, -2e-07, 9.47306e-05, -1.969697, -9.47171e-05
1519391456.6395454, -6.7e-06, 9.52171e-05, -1.969691, -9.52037e-05
1519391456.684741, 7e-07, 6.63673e-05, -1.666668, -6.63562e-05
1519391456.7312324, -2.2e-06, 6.62187e-05, -1.666665, -6.62075e-05
1519391456.770263, -2.4e-06, 6.66256e-05, -1.666665, -6.66146e-05
1519391456.8308072, -9e-07, 4.21203e-05, -1.363635, -4.21113e-05
1519391456.8703341, -2.4e-06, 4.23513e-05, -1.363634, -4.23425e-05
1519391456.924366, -1e-06, 4.22074e-05, -1.363636, -4.21984e-05
1519391456.9704099, 7e-07, 2.30246e-05, -1.060607, -2.30185e-05
1519391457.0604763, 1.3e-06, 2.31044e-05, -1.060608, -2.30977e-05
1519391457.1054907, 4e-07, 2.3091e-05, -1.060607, -2.30848e-05
1519391457.1555493, -7e-07, 9.8325e-06, -0.757575, -9.828e-06
1519391457.1990812, 2e-07, 9.8085e-06, -0.757576, -9.8042e-06
1519391457.240624, 1e-07, 9.7946e-06, -0.757576, -9.7903e-06
1519391457.2906306, 0.0, 2.38084e-06, -0.454545, -2.37999e-06
1519391457.3326495, -1e-07, 2.36069e-06, -0.454545, -2.36004e-06
1519391457.3706775, -2e-07, 2.34467e-06, -0.454545, -2.344e-06
1519391457.4232013, 1e-07, 2.26482e-07, -0.1515154, -2.26211e-07
1519391457.4602761, 0.0, 2.25077e-07, -0.1515154, -2.24861e-07
1519391457.515291, -1e-07, 2.25192e-07, -0.1515149, -2.25005e-07
1519391457.5608456, -3e-07, -2.20036e-07, 0.1515153, 2.20236e-07
1519391457.600852, -1e-07, -2.20855e-07, 0.1515156, 2.21039e-07
1519391457.6459134, -3e-07, -2.20282e-07, 0.1515154, 2.20429e-07
1519391457.7009335, 0.0, -1.34162e-06, 0.454545, 1.34206e-06
1519391457.7405715, 0.0, -1.34081e-06, 0.454545, 1.34126e-06
1519391457.7855837, 1e-07, -1.33257e-06, 0.454545, 1.33301e-06
1519391457.8339798, -1e-07, -3.64653e-06, 0.757576, 3.64709e-06
1519391457.8760078, -1e-07, -3.66005e-06, 0.757576, 3.6607e-06
1519391457.916167, -2e-07, -3.58463e-06, 0.757576, 3.58518e-06
1519391457.9610763, -3e-07, -7.96574e-06, 1.060606, 7.96637e-06
1519391458.0160928, 2e-07, -7.93791e-06, 1.060606, 7.93841e-06
1519391458.0611532, -1e-07, -7.91594e-06, 1.060606, 7.9165e-06
1519391458.1111681, 0.0, -1.49301e-05, 1.363636, 1.49335e-05
1519391458.1512141, -4e-07, -1.48174e-05, 1.363636, 1.48209e-05
1519391458.1862247, -1e-07, -1.48062e-05, 1.363636, 1.48098e-05
1519391458.233264, -4e-07, -2.52177e-05, 1.666667, 2.52215e-05
1519391458.2714243, 2.6e-06, -2.5205e-05, 1.666664, 2.52089e-05
1519391458.3114705, -7e-07, -2.53016e-05, 1.666668, 2.53054e-05
1519391458.3564928, -1e-07, -4.01134e-05, 1.969697, 4.01174e-05
1519391458.3965015, -1.4e-06, -4.03194e-05, 1.969698, 4.03236e-05
1519391458.436522, 1.6e-06, -4.04276e-05, 1.969695, 4.04317e-05
1519391458.4765413, 1.9e-06, -6.02201e-05, 2.27273, 6.02209e-05
1519391458.5365443, 8e-07, -5.9839e-05, 2.27273, 5.98396e-05
1519391458.5766788, 2.1e-06, -5.9839e-05, 2.27273, 5.98399e-05
1519391458.6166866, 6.6e-06, -8.51775e-05, 2.57575, 8.51774e-05
1519391458.6572037, 4.3e-06, -8.55633e-05, 2.57575, 8.55634e-05
1519391458.6972132, -1.9e-06, -8.63519e-05, 2.57576, 8.63517e-05
1519391458.7421598, 0.0369747, -0.0001000001, 2.74268, 0.0001
1519391458.7854693, 0.0539921, -0.0001000001, 2.7452, 0.0001
1519391458.8420336, 0.077005, -0.0001000001, 2.75941, 9.99999e-05
1519391458.9020543, 0.1483641, -0.0001, 2.5656, 9.99995e-05
1519391458.9621167, 0.1617148, -0.0001000001, 2.60038, 0.0001
1519391459.0246532, 0.1819298, -0.0001000002, 2.57468, 0.0001000004
1519391459.0722024, 0.2286686, -0.0001, 2.48023, 9.99997e-05
1519391459.1172101, 9.9e+37, -0.0001, 2.49702, 9.99997e-05
1519391459.157273, 9.9e+37, -0.0001000001, 2.50165, 9.99998e-05
1519391459.2122865, 9.9e+37, -0.0001000001, 2.47325, 0.0001000002
1519391459.2673564, 9.9e+37, -9.99999e-05, 2.4798, 9.99995e-05
1519391459.3123639, 9.9e+37, -0.0001000001, 2.52648, 0.0001000002
1519391459.3574276, 9.9e+37, -0.0001, 2.533, 9.99998e-05
1519391459.397437, 9.9e+37, -0.0001, 2.54805, 9.99998e-05
1519391459.4425313, 9.9e+37, -0.0001, 2.59024, 9.99998e-05
1519391459.482544, 9.9e+37, -0.0001000001, 2.58898, 9.99999e-05
1519391459.5431066, 9.9e+37, -0.0001000002, 2.57418, 0.0001000003
1519391459.5831149, 9.9e+37, -0.0001, 2.57527, 0.0001
1519391459.6298862, 9.9e+37, -0.0001, 2.57265, 0.0001
1519391459.6684206, 9.9e+37, -0.0001, 2.62177, 9.99998e-05
1519391459.7084281, 9.9e+37, -0.0001, 2.58606, 9.99996e-05
1519391459.7528439, 9.9e+37, -0.0001000001, 2.60628, 0.0001
1519391459.792852, 9.9e+37, -0.0001000001, 2.58994, 0.0001
1519391459.8358903, 9.9e+37, -0.0001000001, 2.61199, 0.0001000001
1519391459.878417, 9.9e+37, -0.0001000001, 2.62977, 0.0001000001
1519391459.9334629, 9.9e+37, -0.0001000001, 2.70178, 0.0001000001
1519391459.9835074, 9.9e+37, -0.0001, 2.68174, 9.99995e-05
1519391460.1552238, 9.9e+37, -0.0001, 2.69418, 9.99997e-05
1519391460.2513652, 9.9e+37, -0.0001000001, 2.72508, 0.0001000001
1519391460.3500085, 9.9e+37, -0.0001000001, 2.74958, 0.0001
1519391460.4356344, 9.9e+37, -0.0001, 2.85426, 9.99999e-05
1519391460.5152507, 9.9e+37, -0.0001, 2.88688, 9.99996e-05
1519391460.5888565, 9.9e+37, -0.0001, 2.93681, 9.99998e-05
1519391460.6258101, 9.9e+37, -0.0001, 2.92806, 9.99999e-05
1519391460.6658154, 9.9e+37, -0.0001, 2.96315, 9.99997e-05
1519391460.7083383, 9.9e+37, -0.0001000001, 2.97661, 0.0001000001
1519391460.7508767, 9.9e+37, -0.0001000001, 2.99599, 0.0001000003
1519391460.790886, 9.9e+37, -0.0001000001, 2.94844, 0.0001000003
1519391460.8255465, 9.9e+37, -0.0001000001, 2.9787, 0.0001
1519391460.870558, 9.9e+37, -0.0001, 2.99713, 9.99998e-05
1519391460.912106, 9.9e+37, -0.0001, 3.04473, 9.99997e-05
1519391460.9561465, 9.9e+37, -0.0001, 2.95104, 9.99998e-05
1519391461.0011547, 9.9e+37, -0.0001000001, 2.97825, 0.0001000002
1519391461.0762322, 9.9e+37, -0.0001000001, 2.99899, 0.0001000001
1519391461.1412973, 9.9e+37, -0.0001000001, 3.02266, 9.99999e-05
1519391461.19131, 9.9e+37, -0.0001000001, 3.02557, 9.99999e-05
1519391461.2313588, 9.9e+37, -0.0001000001, 3.03112, 0.0001000002
1519391461.276371, 9.9e+37, -0.0001000001, 3.03981, 9.99999e-05
1519391461.3210323, 9.9e+37, -0.0001, 3.07063, 9.99999e-05
1519391461.376197, 9.9e+37, -0.0001000001, 3.0909, 0.0001
1519391461.4207373, 9.9e+37, -0.0001, 3.10318, 9.99999e-05
1519391461.4617648, 9.9e+37, -0.0001, 3.13659, 9.99998e-05
1519391461.5072942, 9.9e+37, -0.0001000001, 3.1418, 0.0001
1519391461.5768473, 9.9e+37, -0.0001000001, 3.14729, 0.0001
1519391461.621602, 9.9e+37, -0.0001000001, 3.17021, 9.99999e-05
1519391461.6616812, 9.9e+37, -0.0001, 3.19501, 9.99999e-05
1519391461.7088027, 9.9e+37, -0.0001, 3.21435, 9.99997e-05
1519391461.7523484, 9.9e+37, -0.0001, 3.2155, 0.0001
1519391461.7973537, 9.9e+37, -0.0001000001, 3.21166, 0.0001
1519391461.8471878, 9.9e+37, -0.0001, 3.22247, 9.99997e-05
1519391461.8972, 9.9e+37, -0.0001000001, 3.18636, 0.0001000001
1519391461.9382741, 9.9e+37, -0.0001000001, 3.18165, 0.0001
1519391461.9782827, 9.9e+37, -0.0001000001, 3.1909, 0.0001000002
1519391462.0684495, 9.9e+37, -0.0001, 3.17891, 9.99998e-05
1519391462.11148, 9.9e+37, -0.0001, 3.21907, 9.99999e-05
1519391462.1590166, 9.9e+37, -0.0001000001, 3.25086, 0.0001
1519391462.2040298, 9.9e+37, -0.0001000002, 3.30804, 0.0001000005
1519391462.2441733, 9.9e+37, -0.0001, 3.26476, 9.99999e-05
1519391462.2841809, 9.9e+37, -0.0001, 3.27344, 9.99997e-05
1519391462.329577, 9.9e+37, -0.0001000001, 3.30538, 9.99999e-05
1519391462.36958, 9.9e+37, -0.0001000001, 3.31305, 9.99999e-05
1519391462.4117684, 9.9e+37, -0.0001, 3.3408, 9.99998e-05
1519391462.4548085, 9.9e+37, -0.0001000001, 3.34547, 0.0001000001
1519391462.4948175, 9.9e+37, -0.0001, 3.34861, 9.99997e-05
1519391462.5898921, 9.9e+37, -0.0001, 3.36282, 9.99997e-05
1519391462.649956, 9.9e+37, -0.0001000002, 3.43808, 0.0001000003
1519391462.6999717, 9.9e+37, -0.0001000001, 3.40318, 0.0001000001
1519391462.745033, 9.9e+37, -0.0001000001, 3.41631, 0.0001000002
1519391462.7900448, 9.9e+37, -0.0001000001, 3.44042, 9.99998e-05
1519391462.8351047, 9.9e+37, -0.0001, 3.46754, 9.99999e-05
1519391462.8751142, 9.9e+37, -0.0001000001, 3.49345, 0.0001000001
1519391462.9243102, 9.9e+37, -0.0001, 3.49262, 9.99998e-05
1519391462.965336, 9.9e+37, -0.0001, 3.52096, 9.99998e-05
1519391463.0203345, 9.9e+37, -0.0001000001, 3.49931, 0.0001
1519391463.085395, 9.9e+37, -0.0001000001, 3.51489, 9.99999e-05
1519391463.1356237, 9.9e+37, -0.0001000001, 3.5506, 0.0001000001
1519391463.2176704, 9.9e+37, -0.0001, 3.57533, 9.99998e-05
1519391463.265711, 9.9e+37, -0.0001, 3.60671, 9.99998e-05
1519391463.3152335, 9.9e+37, -0.0001000001, 3.65197, 0.0001000002
1519391463.3507898, 9.9e+37, -0.0001000001, 3.65001, 0.0001000002
1519391463.4008005, 9.9e+37, -0.0001, 3.66286, 9.99998e-05
1519391463.441841, 9.9e+37, -0.0001, 3.688, 9.99997e-05
1519391463.4808714, 9.9e+37, -0.0001000001, 3.69439, 0.0001000001
1519391463.522519, 9.9e+37, -0.0001, 3.69179, 9.99999e-05
1519391463.5652282, 9.9e+37, -0.0001000002, 3.69938, 0.0001000002
1519391463.6052377, 9.9e+37, -0.0001000001, 3.73939, 0.0001000002
1519391463.6457565, 9.9e+37, -0.0001000001, 3.73776, 9.99999e-05
1519391463.6857789, 9.9e+37, -0.0001000001, 3.78865, 0.0001000001
1519391463.7333143, 9.9e+37, -0.0001000001, 3.79994, 0.0001000003
1519391463.7758634, 9.9e+37, -0.0001, 3.80114, 9.99999e-05
1519391463.820873, 9.9e+37, -0.0001000001, 3.78975, 0.0001000001
1519391463.8609416, 9.9e+37, -0.0001, 3.83865, 9.99999e-05
1519391463.9059472, 9.9e+37, -0.0001000001, 3.83762, 9.99998e-05
1519391463.951889, 9.9e+37, -0.0001000001, 3.85478, 0.0001
1519391463.996902, 9.9e+37, -0.0001000001, 3.87407, 0.0001
1519391464.0441241, 9.9e+37, -0.0001, 3.87752, 9.99997e-05
1519391464.1469438, 9.9e+37, -0.0001, 3.89557, 9.99999e-05
1519391464.191971, 9.9e+37, -0.0001, 3.93134, 9.99998e-05
1519391464.2468188, 9.9e+37, -0.0001000001, 3.93287, 0.0001
1519391464.3724682, 9.9e+37, -0.0001, 3.9858, 9.99996e-05
1519391464.417481, 9.9e+37, -0.0001000001, 3.99625, 9.99999e-05
1519391464.4620924, 9.9e+37, -0.0001, 4.04444, 9.99998e-05
1519391464.5021026, 9.9e+37, -0.0001, 4.03648, 9.99999e-05
1519391464.547329, 9.9e+37, -0.0001000001, 4.05477, 0.0001
1519391464.6180072, 9.9e+37, -0.0001, 4.08036, 9.99999e-05
1519391464.6628768, 9.9e+37, -0.0001000001, 4.09164, 0.0001000001
1519391464.7029276, 9.9e+37, -0.0001, 4.09664, 0.0001
1519391464.758416, 9.9e+37, -0.0001000002, 4.11343, 0.0001000005
1519391464.8034263, 9.9e+37, -0.0001000001, 4.10721, 0.0001000003
1519391464.8459764, 9.9e+37, -0.0001, 4.12371, 9.99998e-05
1519391464.888508, 9.9e+37, -0.0001, 4.13379, 9.99999e-05
1519391464.9400356, 9.9e+37, -0.0001, 4.15933, 9.99998e-05
1519391464.978568, 9.9e+37, -0.0001000001, 4.16397, 0.0001
1519391465.0185773, 9.9e+37, -0.0001, 4.16577, 9.99999e-05
1519391465.079159, 9.9e+37, -0.0001000001, 4.16271, 0.0001
1519391465.136709, 9.9e+37, -0.0001, 4.18337, 9.99998e-05
1519391465.1787457, 9.9e+37, -0.0001, 4.19624, 9.99998e-05
1519391465.2187588, 9.9e+37, -0.0001, 4.22153, 9.99997e-05
1519391465.2639167, 9.9e+37, -0.0001, 4.21694, 9.99997e-05
1519391465.309077, 9.9e+37, -0.0001, 4.2284, 9.99999e-05
1519391465.3487227, 9.9e+37, -0.0001, 4.2365, 9.99999e-05
1519391465.394078, 9.9e+37, -0.0001, 4.25467, 0.0001000001
1519391465.4377906, 9.9e+37, -0.0001000001, 4.26989, 0.0001
1519391465.4745288, 9.9e+37, -0.0001000001, 4.26452, 0.0001
1519391465.519546, 9.9e+37, -0.0001, 4.26, 9.99996e-05
1519391465.5797133, 9.9e+37, -0.0001000001, 4.28259, 0.0001000001
1519391465.6197264, 9.9e+37, -0.0001, 4.31473, 9.99999e-05
1519391465.664595, 9.9e+37, -0.0001, 4.33206, 0.0001
1519391465.7097871, 9.9e+37, -0.0001, 4.34544, 0.0001
1519391465.7543473, 9.9e+37, -0.0001, 4.35483, 9.99998e-05
1519391465.7943544, 9.9e+37, -0.0001000001, 4.32866, 0.0001
1519391465.8494203, 9.9e+37, -0.0001, 4.39426, 0.0001
1519391465.8894317, 9.9e+37, -0.0001, 4.3895, 9.99997e-05
1519391465.9359615, 9.9e+37, -0.0001, 4.40474, 9.99998e-05
1519391465.9795027, 9.9e+37, -0.0001, 4.40139, 9.99998e-05
1519391466.0195153, 9.9e+37, -0.0001, 4.41727, 9.99997e-05
1519391466.0845833, 9.9e+37, -0.0001000001, 4.40268, 0.0001
1519391466.1386163, 9.9e+37, -0.0001, 4.42382, 9.99999e-05
1519391466.1946583, 9.9e+37, -0.0001, 4.45101, 9.99999e-05
1519391466.2472074, 9.9e+37, -0.0001000001, 4.43073, 0.0001000001
1519391466.2937734, 9.9e+37, -0.0001000001, 4.4367, 0.0001
1519391466.3303196, 9.9e+37, -0.0001000001, 4.45485, 9.99999e-05
1519391466.3703277, 9.9e+37, -0.0001, 4.46407, 9.99998e-05
1519391466.4142954, 9.9e+37, -0.0001000001, 4.51909, 0.0001
1519391466.4503195, 9.9e+37, -0.0001, 4.51662, 9.99998e-05
1519391466.4903328, 9.9e+37, -0.0001000001, 4.49342, 0.0001000001
1519391466.534947, 9.9e+37, -0.0001, 4.5032, 9.99998e-05
1519391466.579951, 9.9e+37, -0.0001, 4.51285, 0.0001
1519391466.619967, 9.9e+37, -0.0001, 4.53319, 9.99999e-05
1519391466.6617727, 9.9e+37, -0.0001000001, 4.5329, 9.99999e-05
1519391466.7017887, 9.9e+37, -0.0001, 4.55538, 9.99997e-05
1519391466.74535, 9.9e+37, -0.0001000001, 4.54885, 0.0001
1519391466.7903643, 9.9e+37, -0.0001000001, 4.60842, 0.0001000001
1519391466.8304338, 9.9e+37, -0.0001, 4.63714, 9.99996e-05
1519391466.8754427, 9.9e+37, -0.0001000001, 4.66397, 0.0001000003
1519391466.920372, 9.9e+37, -0.0001000001, 4.66701, 0.0001000002
1519391466.965387, 9.9e+37, -0.0001000001, 4.67494, 0.0001000001
1519391467.0089161, 9.9e+37, -0.0001000001, 4.67745, 0.0001000001
1519391467.050964, 9.9e+37, -0.0001, 4.64773, 9.99998e-05
1519391467.1259644, 9.9e+37, -0.0001000001, 4.6903, 0.0001000001
1519391467.1659768, 9.9e+37, -0.0001, 4.7085, 9.99999e-05
1519391467.2135098, 9.9e+37, -0.0001000001, 4.6992, 0.0001
1519391467.2565496, 9.9e+37, -0.0001, 4.71872, 0.0001
1519391467.296555, 9.9e+37, -0.0001000001, 4.74969, 0.0001000001
1519391467.3519464, 9.9e+37, -0.0001000001, 4.74453, 0.0001
1519391467.3969548, 9.9e+37, -0.0001000001, 4.76525, 0.0001000002
1519391467.44207, 9.9e+37, -0.0001000001, 4.77028, 0.0001
1519391467.4870803, 9.9e+37, -0.0001, 4.78008, 9.99997e-05
1519391467.5327275, 9.9e+37, -0.0001000001, 4.77718, 0.0001000001
1519391467.5877428, 9.9e+37, -0.0001, 4.7707, 9.99998e-05
1519391467.6477253, 9.9e+37, -0.0001, 4.7973, 9.99998e-05
1519391467.7226481, 9.9e+37, -0.0001, 4.81207, 9.99998e-05
1519391467.7628155, 9.9e+37, -0.0001000001, 4.81792, 9.99999e-05
1519391467.8130374, 9.9e+37, -0.0001000001, 4.82452, 0.0001000001
1519391467.8534274, 9.9e+37, -0.0001000001, 4.83883, 9.99999e-05
1519391467.913957, 9.9e+37, -0.0001, 4.8656, 9.99999e-05
1519391467.963499, 9.9e+37, -0.0001000001, 4.85777, 0.0001000002
1519391468.0100284, 9.9e+37, -0.0001000001, 4.87616, 0.0001
1519391468.0587068, 9.9e+37, -0.0001, 4.90408, 9.99999e-05
1519391468.1587818, 9.9e+37, -0.0001, 4.91875, 9.99999e-05
1519391468.1986406, 9.9e+37, -0.0001, 4.91349, 9.99999e-05
1519391468.2414336, 9.9e+37, -0.0001, 4.92219, 9.99998e-05
1519391468.28142, 9.9e+37, -0.0001, 4.93636, 0.0001
1519391468.323376, 9.9e+37, -0.0001000001, 4.95102, 0.0001
1519391468.3588955, 9.9e+37, -0.0001, 4.95436, 0.0001
1519391468.4039037, 9.9e+37, -0.0001, 4.96031, 9.99999e-05
1519391468.443558, 9.9e+37, -0.0001, 4.97769, 0.0001
1519391468.4785714, 9.9e+37, -0.0001000001, 4.97688, 0.0001
1519391468.5241156, 9.9e+37, -0.0001000001, 5.00135, 0.0001
1519391468.5691388, 9.9e+37, -0.0001000001, 5.01997, 0.0001000001
1519391468.634186, 9.9e+37, -0.0001, 5.01933, 9.99997e-05
1519391468.6842012, 9.9e+37, -0.0001, 5.01961, 9.99998e-05
1519391468.7292602, 9.9e+37, -0.0001, 5.02333, 9.99998e-05
1519391468.774275, 9.9e+37, -0.0001, 5.05357, 9.99997e-05
1519391468.8238168, 9.9e+37, -0.0001000001, 5.08052, 9.99999e-05
1519391468.8643482, 9.9e+37, -0.0001, 5.08271, 9.99996e-05
1519391468.910368, 9.9e+37, -0.0001, 5.12976, 9.99999e-05
1519391468.9544156, 9.9e+37, -0.0001, 5.13068, 9.99997e-05
1519391468.9994266, 9.9e+37, -0.0001000001, 5.1313, 0.0001000001
1519391469.0394921, 9.9e+37, -0.0001, 5.15669, 9.99999e-05
1519391469.0945005, 9.9e+37, -0.0001, 5.18578, 9.99999e-05
1519391469.1595564, 9.9e+37, -0.0001, 5.1932, 9.99999e-05
1519391469.2045639, 9.9e+37, -0.0001000001, 5.25376, 0.0001000002
1519391469.2446132, 9.9e+37, -0.0001, 5.26189, 9.99999e-05
1519391469.2846262, 9.9e+37, -0.0001000001, 5.24171, 0.0001000002
1519391469.3246315, 9.9e+37, -0.0001, 5.23874, 9.99999e-05
1519391469.364762, 9.9e+37, -0.0001000001, 5.23125, 0.0001
1519391469.4047751, 9.9e+37, -0.0001, 5.2469, 9.99999e-05
1519391469.444964, 9.9e+37, -0.0001000001, 5.25145, 0.0001
1519391469.4899805, 9.9e+37, -0.0001000001, 5.25042, 0.0001000001
1519391469.5301569, 9.9e+37, -0.0001, 5.26863, 9.99998e-05
1519391469.5701666, 9.9e+37, -9.99999e-05, 5.28207, 9.99978e-05
1519391469.6657193, 9.9e+37, -0.0001, 4.97153, 9.99998e-05
1519391469.7057316, 9.9e+37, -0.0001, 4.91614, 0.0001
1519391469.7458658, 9.9e+37, -0.0001000001, 4.93527, 9.99999e-05
1519391469.7935033, 9.9e+37, -9.99998e-05, 4.67666, 9.99949e-05
1519391469.831591, 9.9e+37, -0.0001000001, 4.66173, 0.0001
1519391469.8766077, 9.9e+37, -0.0001000001, 4.63849, 0.0001000001
1519391469.9236474, 9.9e+37, -0.0001, 4.35048, 9.99998e-05
1519391469.9716713, 9.9e+37, -0.0001000001, 4.31143, 0.0001
1519391470.015701, 9.9e+37, -9.99985e-05, 4.24116, 9.99718e-05
1519391470.0667453, 9.9e+37, -9.99999e-05, 4.0708, 9.99962e-05
1519391470.1567914, 9.9e+37, -0.0001, 3.85108, 9.99999e-05
1519391470.1968021, 9.9e+37, -0.0001000001, 3.84804, 0.0001000001
1519391470.2368414, 9.9e+37, -0.0001000001, 3.75824, 9.99999e-05
1519391470.276853, 9.9e+37, -0.0001000001, 3.74415, 0.0001
1519391470.3158736, 9.9e+37, -9.99996e-05, 3.75163, 9.99908e-05
1519391470.3570724, 9.9e+37, -9.99998e-05, 3.45913, 9.99955e-05
1519391470.3920527, 9.9e+37, -0.0001000001, 3.28478, 9.99999e-05
1519391470.431685, 9.9e+37, -0.0001, 3.32669, 9.99993e-05
1519391470.4716952, 9.9e+37, -9.99998e-05, 3.08855, 9.99932e-05
1519391470.5157394, 9.9e+37, -0.0001000001, 3.10263, 9.99999e-05
1519391470.5569391, 9.9e+37, -9.99965e-05, 3.05147, 9.99393e-05
1519391470.6325142, 9.9e+37, -9.99992e-05, 2.77463, 9.99854e-05
1519391470.6825283, 9.9e+37, -0.0001000001, 2.70352, 0.0001
1519391470.7255156, 9.9e+37, -0.0001000001, 2.6931, 0.0001
1519391470.767552, 9.9e+37, -0.0001, 2.56113, 9.99979e-05
1519391470.8145788, 9.9e+37, -9.99994e-05, 2.36096, 9.99884e-05
1519391470.852617, 9.9e+37, -0.0001000001, 2.37211, 9.99999e-05
1519391470.9146404, 0.0528494, -0.0001000001, 2.05644, 9.99992e-05
1519391470.9576824, 0.0732122, -0.0001, 2.06686, 9.99998e-05
1519391470.9976945, 0.0865974, -9.99999e-05, 2.06165, 9.99962e-05
1519391471.0427554, 0.0023809, -9.97074e-05, 1.961251, 9.9706e-05
1519391471.0877614, 0.0051534, -9.9761e-05, 1.958701, 9.97604e-05
1519391471.2027009, 0.0015317, -9.96165e-05, 1.965257, 9.96158e-05
1519391471.2483318, -1.13e-05, -7.32434e-05, 1.666677, 7.32437e-05
1519391471.2933645, -2.2e-06, -7.41664e-05, 1.666669, 7.4167e-05
1519391471.3333366, 2.61e-05, -7.22859e-05, 1.66664, 7.22881e-05
1519391471.3810134, 8.9e-06, -4.97237e-05, 1.363626, 4.97269e-05
1519391471.421553, 2.34e-05, -4.83499e-05, 1.363617, 4.83533e-05
1519391471.4585843, -1.8e-05, -4.89852e-05, 1.363652, 4.89871e-05
1519391471.5035985, -3.02e-05, -2.88284e-05, 1.060636, 2.88304e-05
1519391471.5431874, 7.6e-06, -3.0804e-05, 1.060599, 3.08081e-05
1519391471.5831964, -3.6e-06, -2.91176e-05, 1.06061, 2.91213e-05
1519391471.693315, 7.8e-06, -1.34713e-05, 0.757568, 1.34753e-05
1519391471.7483501, -3.9e-06, -1.53548e-05, 0.757579, 1.53574e-05
1519391471.7883635, -9.7e-06, -1.5494e-05, 0.757583, 1.54964e-05
1519391471.848921, -2.5e-06, -4.9021e-06, 0.454547, 4.9021e-06
1519391471.8889313, -8.7e-06, -4.66381e-06, 0.454553, 4.66257e-06
1519391471.9289362, 3.5e-06, -4.60638e-06, 0.454541, 4.60732e-06
1519391471.9790006, 3.1e-06, -6.31202e-07, 0.1515119, 6.31153e-07
1519391472.0225375, 1.1e-05, -7.35145e-07, 0.1515033, 7.35405e-07
1519391472.0595677, 2.7e-06, -7.98174e-07, 0.151513, 7.98159e-07
1519391472.1448302, -9e-07, 3.7931e-07, -0.1515144, -3.7944e-07
1519391472.189843, -2.4e-06, 4.10302e-07, -0.1515126, -4.10484e-07
1519391472.229264, -1.6e-06, 3.76627e-07, -0.1515139, -3.76754e-07
1519391472.2843313, 9e-07, 3.37651e-06, -0.454546, -3.37579e-06
1519391472.3283722, -1e-07, 3.26105e-06, -0.454545, -3.26059e-06
1519391472.3644743, -4e-07, 3.2436e-06, -0.454545, -3.24322e-06
1519391472.4144866, -6e-07, 1.24225e-05, -0.757576, -1.24182e-05
1519391472.4600446, 2.6e-06, 1.24822e-05, -0.757578, -1.24775e-05
1519391472.500051, -1.6e-06, 1.25065e-05, -0.757575, -1.2502e-05
1519391472.5451972, 8.6e-06, 2.75443e-05, -1.060615, -2.75364e-05
1519391472.585205, 6e-07, 2.72716e-05, -1.060607, -2.72645e-05
1519391472.6503768, 1.4e-06, 2.68011e-05, -1.060608, -2.67944e-05
1519391472.710388, 2.5e-06, 4.98824e-05, -1.363639, -4.98733e-05
1519391472.750943, 1e-07, 4.82882e-05, -1.363636, -4.82792e-05
1519391472.7909498, 8e-07, 4.8107e-05, -1.363637, -4.80977e-05
1519391472.8360035, 3.3e-06, 7.58699e-05, -1.666671, -7.58581e-05
1519391472.8760133, -8.4e-06, 7.58132e-05, -1.666658, -7.58006e-05
1519391472.919542, 1.1e-06, 7.50544e-05, -1.666668, -7.50423e-05
1519391472.961217, -0.0726363, 0.0001, -1.96938, -9.99864e-05
1519391473.011231, -0.0616004, 0.0001, -1.969449, -9.99865e-05
1519391473.0513709, -0.0614442, 0.0001, -1.969473, -9.99866e-05
1519391473.096382, -0.1791837, 0.0001000006, -2.09468, -9.99993e-05
1519391473.221478, -9.9e+37, 0.0001, -2.27174, -9.99862e-05
1519391473.2620118, -9.9e+37, 9.99999e-05, -2.27175, -9.99861e-05
1519391473.307019, -9.9e+37, 0.0001000007, -2.39824, -9.99993e-05
1519391473.3421307, -9.9e+37, 0.0001000003, -2.56818, -9.99916e-05
1519391473.3821378, -9.9e+37, 0.0001, -2.57474, -9.99863e-05
1519391473.4246645, -9.9e+37, 0.0001000007, -2.69993, -9.99992e-05
1519391473.462296, -9.9e+37, 0.0001000003, -2.86888, -9.99926e-05
1519391473.497311, -9.9e+37, 0.0001, -2.87772, -9.99863e-05
1519391473.5428815, -9.9e+37, 0.0001000007, -2.99989, -9.99993e-05
1519391473.5878954, -9.9e+37, 0.0001000001, -3.17698, -9.99908e-05
1519391473.6925094, -9.9e+37, 0.0001, -3.18081, -9.99865e-05
1519391473.7380793, -9.9e+37, 0.0001000008, -3.30718, -9.99994e-05
1519391473.793092, -9.9e+37, 0.0001, -3.4838, -9.99866e-05
1519391473.8381498, -9.9e+37, 0.0001, -3.48379, -9.99865e-05
1519391473.8831668, -9.9e+37, 0.0001000007, -3.60713, -9.99993e-05
1519391473.926697, -9.9e+37, 0.0001000002, -3.78327, -9.99911e-05
1519391473.968233, -9.9e+37, 9.99999e-05, -3.78684, -9.99861e-05
1519391474.013242, -9.9e+37, 0.0001000007, -3.91028, -9.99993e-05
1519391474.0533018, -9.9e+37, 0.0001000002, -4.08644, -9.99904e-05
1519391474.0983138, -9.9e+37, 0.0001, -4.08991, -9.99862e-05
1519391474.1633909, -9.9e+37, 0.0001000008, -4.30017, -9.99993e-05
1519391474.2034006, -9.9e+37, 0.0001, -4.3929, -9.99866e-05
1519391474.2484674, -9.9e+37, 0.0001, -4.39293, -9.99866e-05
1519391474.293483, -9.9e+37, 0.0001000007, -4.51714, -9.99993e-05
1519391474.3382027, -9.9e+37, 0.0001000002, -4.69286, -9.99904e-05
1519391474.3782096, -9.9e+37, 9.99999e-05, -4.69603, -9.9986e-05
1519391474.428261, -9.9e+37, 0.0001000006, -4.82163, -9.99993e-05
1519391474.4687982, -9.9e+37, 0.0001000002, -4.9961, -9.999e-05
1519391474.5138063, -9.9e+37, 0.0001, -4.99903, -9.99871e-05
1519391474.5588648, -9.9e+37, 0.0001000006, -5.12773, -9.99993e-05
1519391474.5988808, -9.9e+37, 0.0001000001, -5.30011, -9.9989e-05
1519391474.644032, -9.9e+37, 0.0001, -5.3021, -9.99864e-05
1519391474.689041, -9.9e+37, 0.0001000008, -5.42542, -9.99993e-05
1519391474.7340648, -9.9e+37, 0.0001000002, -5.60291, -9.99897e-05
1519391474.7744808, -9.9e+37, 0.0001, -5.60505, -9.99873e-05
1519391474.8255224, -9.9e+37, 0.0001000008, -5.73136, -9.99992e-05
1519391474.8645558, -9.9e+37, 0.0001000001, -5.90672, -9.9989e-05
1519391474.9095652, -9.9e+37, 0.0001, -5.90816, -9.99871e-05
1519391474.9498253, -9.9e+37, 0.0001000006, -6.03352, -9.99993e-05
1519391474.9948351, -9.9e+37, 0.0001000002, -6.20556, -9.99916e-05
1519391475.0349681, -9.9e+37, 9.99999e-05, -6.21119, -9.99862e-05
1519391475.0754766, -9.9e+37, 0.0001000006, -6.33506, -9.99993e-05
1519391475.1153367, -9.9e+37, 0.0001000003, -6.50894, -9.99916e-05
1519391475.1803296, -9.9e+37, 0.0001, -6.51424, -9.99865e-05
1519391475.2244852, -9.9e+37, 0.0001000007, -6.64123, -9.99993e-05
1519391475.2656226, -9.9e+37, 0.0001000002, -6.81343, -9.99908e-05
1519391475.3155367, -9.9e+37, 0.0001, -6.81714, -9.9987e-05
1519391475.3806047, -9.9e+37, 0.0001000006, -6.9429, -9.99993e-05
1519391475.4241486, -9.9e+37, 0.0001, -7.12026, -9.99871e-05
1519391475.4762244, -9.9e+37, 0.0001, -7.12029, -9.99865e-05
1519391475.526297, -9.9e+37, 0.0001000007, -7.24436, -9.99993e-05
1519391475.577373, -9.9e+37, 0.0001000002, -7.42079, -9.99896e-05
1519391475.626575, -9.9e+37, 0.0001, -7.42329, -9.99863e-05
1519391475.6865852, -9.9e+37, 0.0001000006, -7.62696, -9.99993e-05
1519391475.7366576, -9.9e+37, 0.0001, -7.72632, -9.99863e-05
1519391475.7766678, -9.9e+37, 0.0001, -7.72631, -9.99864e-05
1519391475.8217137, -9.9e+37, 0.0001000006, -7.85092, -9.99992e-05
1519391475.8817346, -9.9e+37, 0.0001, -8.02932, -9.99865e-05
1519391475.9214187, -9.9e+37, 9.99999e-05, -8.02932, -9.99866e-05
1519391475.9664254, -9.9e+37, 0.0001000007, -8.14776, -9.99993e-05
1519391476.0069625, -9.9e+37, 0.0001000003, -8.32349, -9.99933e-05
1519391476.046989, -9.9e+37, 9.99999e-05, -8.33236, -9.99865e-05
1519391476.0955274, -9.9e+37, 0.0001000007, -8.45306, -9.99993e-05
1519391476.1318078, -9.9e+37, 0.0001000002, -8.62778, -9.9992e-05
1519391476.196985, -9.9e+37, 0.0001, -8.63538, -9.99865e-05
1519391476.2425177, -9.9e+37, 0.0001000006, -8.76103, -9.99993e-05
1519391476.2825294, -9.9e+37, 0.0001000002, -8.93235, -9.99916e-05
1519391476.3275886, -9.9e+37, 0.0001, -8.93838, -9.99864e-05
1519391476.3725977, -9.9e+37, 0.0001000006, -9.06282, -9.99993e-05
1519391476.4173284, -9.9e+37, 0.0001, -9.24136, -9.9987e-05
1519391476.4623358, -9.9e+37, 0.0001, -9.24136, -9.99869e-05
1519391476.5075696, -9.9e+37, 0.0001000007, -9.3664, -9.99993e-05
1519391476.547933, -9.9e+37, 0.0001000002, -9.53941, -9.99911e-05
1519391476.5933738, -9.9e+37, 0.0001, -9.54441, -9.99866e-05
1519391476.6384175, -9.9e+37, 0.0001000007, -9.66868, -9.99993e-05
1519391476.699611, -9.9e+37, 0.0001, -9.84745, -9.99865e-05
1519391476.7386494, -9.9e+37, 0.0001, -9.84746, -9.99864e-05
1519391476.783654, -9.9e+37, 0.0001000007, -9.9703, -9.99993e-05
1519391476.8287187, -9.9e+37, 0.0001000001, -10.14814, -9.99899e-05
1519391476.8687284, -9.9e+37, 9.99999e-05, -10.15052, -9.99865e-05
1519391476.9142828, -9.9e+37, 0.0001000007, -10.27061, -9.99994e-05
1519391476.9692984, -9.9e+37, 0.0001, -10.45352, -9.99869e-05
1519391477.0088496, -9.9e+37, 0.0001, -10.45355, -9.99864e-05
1519391477.0589287, -9.9e+37, 0.0001000007, -10.5818, -9.99993e-05
1519391477.1034656, -9.9e+37, 0.0001000001, -10.75593, -9.99884e-05
1519391477.1444998, -9.9e+37, 0.0001, -10.75662, -9.99864e-05
1519391477.2095056, -9.9e+37, 0.0001000007, -10.96771, -9.99993e-05
1519391477.2496636, -9.9e+37, 0.0001, -11.05967, -9.99864e-05
1519391477.2951927, -9.9e+37, 0.0001, -11.05966, -9.99864e-05
1519391477.3504, -9.9e+37, 0.0001000007, -11.18493, -9.99994e-05
1519391477.3904016, -9.9e+37, 0.0001000002, -11.35929, -9.9991e-05
1519391477.4353154, -9.9e+37, 0.0001, -11.3627, -9.99867e-05
1519391477.48033, -9.9e+37, 0.0001000007, -11.48381, -9.99993e-05
1519391477.525382, -9.9e+37, 0.0001000003, -11.66034, -9.99919e-05
1519391477.5653927, -9.9e+37, 0.0001, -11.66572, -9.99869e-05
1519391477.608443, -9.9e+37, 0.0001000006, -11.78682, -9.99993e-05
1519391477.6459696, -9.9e+37, 0.0001000003, -11.95695, -9.99936e-05
1519391477.692329, -9.9e+37, 0.0001, -11.96873, -9.99869e-05
1519391477.7354426, -9.9e+37, 0.0001000006, -12.09058, -9.99994e-05
1519391477.7804503, -9.9e+37, 0.0001000002, -12.26651, -9.99916e-05
1519391477.8205173, -9.9e+37, 0.0001, -12.27176, -9.99867e-05
1519391477.870529, -9.9e+37, 0.0001000007, -12.39346, -9.99993e-05
1519391477.915606, -9.9e+37, 0.0001000001, -12.57438, -9.99883e-05
1519391477.9556203, -9.9e+37, 0.0001, -12.57482, -9.99867e-05
1519391478.0076623, -9.9e+37, 0.0001000007, -12.70234, -9.99993e-05
1519391478.0461907, -9.9e+37, 0.0001000001, -12.87416, -9.99904e-05
1519391478.0912018, -9.9e+37, 0.0001, -12.87785, -9.99869e-05
1519391478.1358445, -9.9e+37, 0.0001000007, -12.99846, -9.99992e-05
1519391478.190859, -9.9e+37, 0.0001000002, -13.17661, -9.99906e-05
1519391478.2414231, -9.9e+37, 0.0001, -13.18089, -9.99866e-05
1519391478.286432, -9.9e+37, 0.0001000006, -13.30506, -9.99993e-05
1519391478.3564897, -9.9e+37, 0.0001000001, -13.48199, -9.99893e-05
1519391478.3990192, -9.9e+37, 0.0001, -13.48391, -9.99868e-05
1519391478.4415627, -9.9e+37, 0.0001000007, -13.60907, -9.99993e-05
1519391478.481577, -9.9e+37, 0.0001000003, -13.78027, -9.99917e-05
1519391478.5266294, -9.9e+37, 0.0001, -13.7869, -9.9987e-05
1519391478.5666466, -9.9e+37, 0.0001000007, -13.91035, -9.99994e-05
1519391478.6116967, -9.9e+37, 0.0001000003, -14.08365, -9.99923e-05
1519391478.6517057, -9.9e+37, 0.0001, -14.08989, -9.99872e-05
1519391478.7171152, -9.9e+37, 0.0001000006, -14.29512, -9.99993e-05
1519391478.7621632, -9.9e+37, 0.0001, -14.39297, -9.99868e-05
1519391478.8034816, -9.9e+37, 0.0001, -14.39296, -9.99868e-05
1519391478.8425112, -9.9e+37, 0.0001000007, -14.51887, -9.99993e-05
1519391478.8925195, -9.9e+37, 0.0001000001, -14.69583, -9.99877e-05
1519391478.932582, -9.9e+37, 0.0001, -14.69594, -9.99868e-05
1519391478.9775937, -9.9e+37, 0.0001000008, -14.81897, -9.99993e-05
1519391479.022652, -9.9e+37, 0.0001000002, -14.99516, -9.9991e-05
1519391479.0726633, -9.9e+37, 0.0001, -14.99899, -9.99868e-05
