 1513108486.421034, 3e-06, -6.86601e-09, 15.0, 3.114e-09
1513108486.476037, 0.0203983, 7.42438e-07, 15.0, 2.206e-09
1513108486.52904, 0.0408146, 1.52395e-06, 15.0, 1.909e-09
1513108486.5750427, 0.061222, 2.36377e-06, 15.0, 1.749e-09
1513108486.6210456, 0.0816227, 3.18043e-06, 15.0, 1.545e-09
1513108486.667048, 0.1020571, 3.97975e-06, 15.0, 1.471e-09
1513108486.7130506, 0.122454, 4.84839e-06, 15.0, 1.354e-09
1513108486.758053, 0.1428545, 5.72775e-06, 15.0, 1.289e-09
1513108486.805056, 0.1632607, 6.53754e-06, 15.0, 1.18e-09
1513108486.8500586, 0.1836832, 7.36061e-06, 15.0, 1.31e-09
1513108486.8960612, 0.2040843, 8.34713e-06, 15.0, 1.226e-09
1513108486.9660652, 0.224468, 9.25922e-06, 15.0, 7.29e-10
1513108487.0120676, 0.244901, 1.000056e-05, 15.0, 1.077e-09
1513108487.0650709, 0.265281, 1.11063e-05, 15.0, 1.012e-09
1513108487.1100733, 0.285699, 1.18688e-05, 15.0, 1.11e-09
1513108487.1550758, 0.30611, 1.3117e-05, 15.0, 8.95e-10
1513108487.2010784, 0.326512, 1.36157e-05, 15.0, 8.76e-10
1513108487.246081, 0.346946, 1.47302e-05, 15.0, 8.74e-10
1513108487.2920837, 0.367337, 1.56029e-05, 15.0, 8.71e-10
1513108487.3380864, 0.387744, 1.67572e-05, 15.0, 1.084e-09
1513108487.3830888, 0.408167, 1.73868e-05, 15.0, 8.32e-10
1513108487.4290917, 0.428595, 1.82279e-05, 15.0, 6.01e-10
1513108487.5220969, 0.448986, 1.94235e-05, 15.0, 8.7e-10
1513108487.5670993, 0.469359, 2.00795e-05, 15.0, 6.77e-10
1513108487.6131022, 0.489801, 2.09502e-05, 15.0, 7.35e-10
1513108487.6591048, 0.510165, 2.22269e-05, 15.0, 2.4e-10
1513108487.7071075, 0.53064, 2.26655e-05, 15.0, 9.7e-11
1513108487.75411, 0.551032, 2.35417e-05, 15.0, -1.32e-10
1513108487.7991128, 0.571361, 2.44783e-05, 15.0, 6.1e-10
1513108487.8441153, 0.591839, 2.53822e-05, 14.99999, 4.92e-10
1513108487.890118, 0.612269, 2.61318e-05, 15.0, 6.5e-11
1513108487.9751227, 0.632677, 2.73226e-05, 15.0, 1.9e-11
1513108488.026126, 0.65311, 2.77899e-05, 15.0, 4.18e-10
1513108488.0751286, 0.673477, 2.91801e-05, 15.0, 5.65e-10
1513108488.1211312, 0.693922, 2.99154e-05, 15.0, 2.37e-10
1513108488.1671338, 0.714245, 3.08624e-05, 15.0, 3.97e-10
1513108488.2131364, 0.734688, 3.12954e-05, 15.0, 5.72e-10
1513108488.258139, 0.755052, 3.25353e-05, 15.0, 3.9e-10
1513108488.3041415, 0.775514, 3.32553e-05, 15.0, 2.08e-10
1513108488.3491442, 0.795902, 3.40124e-05, 15.0, 2.23e-10
1513108488.396147, 0.816248, 3.48813e-05, 15.0, 6.9e-10
1513108488.4631505, 0.836716, 3.51414e-05, 15.0, 4.08e-10
1513108488.5101535, 0.857168, 3.64053e-05, 15.0, 6.03e-10
1513108488.5591562, 0.877513, 3.71912e-05, 15.0, 1.169e-09
1513108488.6061587, 0.89792, 3.76362e-05, 15.0, 2.39e-10
1513108488.6521616, 0.918345, 3.93561e-05, 15.0, 2.33e-10
1513108488.6981642, 0.938785, 3.99559e-05, 15.0, 5.9e-10
1513108488.7441669, 0.959184, 4.10929e-05, 15.0, 2.81e-10
1513108488.7901692, 0.979603, 4.23988e-05, 15.0, 2.78e-10
1513108488.8351722, 0.999983, 4.30779e-05, 15.0, 1.73e-10
1513108488.8771744, 0.99998, 4.32408e-05, 15.0, 8.78e-10
1513108488.9191768, 1.000003, 4.32593e-05, 15.0, 1.4e-11
1513108488.9831805, 1.000018, 4.31164e-05, 15.0, 5.78e-10
1513108489.025183, 0.99998, 4.35756e-05, 15.0, 7.73e-10
1513108489.0671854, 1.000011, 4.3523e-05, 15.0, 1.71e-10
1513108489.1091876, 0.999989, 4.3438e-05, 15.0, 8.31e-10
1513108489.15019, 0.999995, 4.34672e-05, 15.0, 4.71e-10
1513108489.1921926, 1.000006, 4.37426e-05, 15.0, 2.3e-11
1513108489.2341948, 1.000006, 4.38346e-05, 14.99999, 9.89e-10
1513108489.2761972, 1.000008, 4.30857e-05, 15.0, 3.36e-10
1513108489.3181996, 0.999997, 4.33968e-05, 15.0, 5.57e-10
1513108489.3592021, 1.000018, 4.33088e-05, 15.0, 7.81e-10
1513108489.4022045, 0.999997, 4.31319e-05, 15.0, 6.46e-10
1513108489.4672081, 1.000036, 4.35297e-05, 15.0, 5.17e-10
1513108489.5092106, 0.999975, 4.38023e-05, 15.0, 4.58e-10
1513108489.551213, 1.000011, 4.3397e-05, 15.0, 4.65e-10
1513108489.5952156, 1.000016, 4.39516e-05, 15.0, 5.08e-10
1513108489.638218, 1.000014, 4.38174e-05, 15.0, 7.05e-10
1513108489.6802204, 1.00005, 4.38297e-05, 15.0, 3.66e-10
1513108489.7222228, 0.999979, 4.37324e-05, 15.0, 8.25e-10
1513108489.7642252, 1.000006, 4.34558e-05, 15.0, 6.1e-10
1513108489.8052275, 1.000011, 4.3461e-05, 15.0, 6.95e-10
1513108489.84823, 0.999978, 4.32876e-05, 15.0, 4.63e-10
1513108489.8952327, 0.999998, 4.33198e-05, 15.0, 3.5e-10
1513108489.937235, 0.99998, 4.33677e-05, 15.0, 1.146e-09
1513108490.0012388, 1.000024, 4.37403e-05, 15.0, 6.04e-10
1513108490.0432413, 1.000039, 4.35243e-05, 15.0, 2.22e-10
1513108490.0852435, 1.00002, 4.34187e-05, 14.99999, 5.77e-10
1513108490.127246, 0.999998, 4.32399e-05, 15.0, 5.13e-10
1513108490.1702485, 1.0, 4.31094e-05, 15.0, -5.1e-11
1513108490.212251, 0.999982, 4.34017e-05, 15.0, 5.91e-10
1513108490.2542534, 1.000018, 4.32591e-05, 14.99999, 5.36e-10
1513108490.2972558, 0.999984, 4.36292e-05, 15.0, 5.74e-10
1513108490.3412583, 0.999983, 4.35409e-05, 15.0, 5.57e-10
1513108490.3832607, 1.000011, 4.35796e-05, 15.0, 4.12e-10
1513108490.4252632, 0.999984, 4.40956e-05, 15.0, 4.76e-10
1513108490.4852664, 0.999971, 4.38554e-05, 15.0, 6.5e-10
1513108490.527269, 0.999972, 4.3796e-05, 15.0, 4.01e-10
1513108490.5712714, 0.999986, 4.40214e-05, 15.0, 6.31e-10
1513108490.6152737, 0.99999, 4.42216e-05, 15.0, -9e-11
1513108490.6562762, 0.999973, 4.40479e-05, 15.0, 3.08e-10
1513108490.6982787, 1.000004, 4.4255e-05, 15.0, 5.2e-11
1513108490.755282, 1.000009, 4.37151e-05, 15.0, 1.64e-10
1513108490.7972841, 0.999994, 4.35509e-05, 14.99999, 6.37e-10
1513108490.8382866, 0.999989, 4.39723e-05, 15.0, 2.05e-10
1513108490.880289, 1.000006, 4.35877e-05, 15.0, 4.36e-10
1513108490.9232914, 0.999985, 4.35689e-05, 15.0, 4.07e-10
1513108490.987295, 0.99994, 4.35746e-05, 15.0, 4.38e-10
1513108491.0292974, 0.999988, 4.33873e-05, 15.0, 5.95e-10
1513108491.0702999, 0.999991, 4.3825e-05, 15.0, 4.34e-10
1513108491.1143024, 1.000003, 4.3443e-05, 15.0, 1.33e-10
1513108491.1603048, 1.020439, 4.44851e-05, 15.0, -1.1e-11
1513108491.2073078, 1.040809, 4.50797e-05, 15.0, 6.35e-10
1513108491.2523103, 1.061231, 4.61308e-05, 14.99999, 5.56e-10
1513108491.298313, 1.081601, 4.72002e-05, 15.0, 5.7e-10
1513108491.3433154, 1.102021, 4.8096e-05, 15.0, 9.87e-10
1513108491.3913183, 1.122468, 4.94188e-05, 15.0, 3.63e-10
1513108491.4383209, 1.142823, 5.03332e-05, 15.0, 1.74e-10
1513108491.490324, 1.16331, 5.09515e-05, 15.0, 4.51e-10
1513108491.5353265, 1.183621, 5.17516e-05, 15.0, -4.6e-11
1513108491.581329, 1.204119, 5.22356e-05, 15.0, 3.65e-10
1513108491.6273315, 1.22452, 5.31318e-05, 15.0, 3.38e-10
1513108491.6733344, 1.244891, 5.4077e-05, 15.0, -2.2e-11
1513108491.719337, 1.265323, 5.47178e-05, 15.0, 5.8e-11
1513108491.7653396, 1.285673, 5.5718e-05, 15.0, 2.54e-10
1513108491.8123422, 1.306089, 5.70022e-05, 15.0, 4.89e-10
1513108491.858345, 1.326524, 5.89974e-05, 15.0, 1.58e-10
1513108491.9043477, 1.34697, 5.95683e-05, 15.0, 8.6e-11
1513108491.94935, 1.367373, 5.9394e-05, 15.0, 1.84e-10
1513108492.0183542, 1.387774, 6.03556e-05, 15.0, 3.63e-10
1513108492.0633566, 1.408175, 6.12036e-05, 15.0, 1.06e-10
1513108492.1113596, 1.428573, 6.19542e-05, 15.0, 5.8e-11
1513108492.157362, 1.448977, 6.30822e-05, 15.0, 2.3e-11
1513108492.2023647, 1.46937, 6.41198e-05, 15.0, 2.62e-10
1513108492.248367, 1.489756, 6.3919e-05, 15.0, -4.3e-11
1513108492.2983701, 1.510224, 6.52952e-05, 14.99999, 7.7e-11
1513108492.3453727, 1.53058, 6.49751e-05, 15.0, 3.9e-11
1513108492.3923755, 1.550996, 6.72544e-05, 15.0, -7.6e-11
1513108492.437378, 1.571406, 6.77507e-05, 15.0, -1.36e-10
1513108492.5023818, 1.591816, 6.8873e-05, 15.0, -4.63e-10
1513108492.5483844, 1.612257, 7.10676e-05, 15.0, 2.06e-10
1513108492.5953872, 1.632657, 7.03622e-05, 15.0, 2.55e-10
1513108492.6433897, 1.653025, 7.20406e-05, 15.0, 3.6e-11
1513108492.6883924, 1.673497, 7.37155e-05, 15.0, 7.4e-11
1513108492.7343948, 1.693849, 7.33588e-05, 15.0, -1.72e-10
1513108492.7793977, 1.7143, 7.34454e-05, 14.99999, 4.58e-10
1513108492.8254004, 1.734766, 7.48404e-05, 15.0, 2.6e-10
1513108492.871403, 1.755082, 7.6477e-05, 15.0, 7.1e-11
1513108492.9174054, 1.775514, 7.7659e-05, 15.0, 5.3e-10
1513108492.9634082, 1.795897, 7.91649e-05, 14.99999, 1.31e-10
1513108493.031412, 1.816341, 8.01615e-05, 15.0, 1.7e-11
1513108493.0774148, 1.836774, 8.07926e-05, 15.0, 4.99e-10
1513108493.1264174, 1.857138, 8.04066e-05, 15.0, 4.18e-10
1513108493.1714199, 1.877573, 8.08959e-05, 15.0, 4.24e-10
1513108493.2174225, 1.897948, 8.16355e-05, 15.0, 2.85e-10
1513108493.2624252, 1.918377, 8.36773e-05, 15.0, 9.88e-10
1513108493.307428, 1.938781, 8.38808e-05, 15.0, -1e-12
1513108493.3544304, 1.959202, 8.45545e-05, 15.0, 7.36e-10
1513108493.401433, 1.979683, 8.61735e-05, 15.0, -6.1e-11
1513108493.4474359, 2.000025, 8.63476e-05, 15.0, -1.42e-10
1513108493.4894383, 1.999938, 8.70676e-05, 15.0, 2.66e-10
1513108493.5624425, 1.999958, 8.61809e-05, 15.0, 8.09e-10
1513108493.6034448, 2.000005, 8.63418e-05, 15.0, 1.54e-10
1513108493.6454473, 1.999989, 8.68545e-05, 14.99999, -8.6e-11
1513108493.6874497, 1.999985, 8.74838e-05, 15.0, -8e-12
1513108493.730452, 2.000008, 8.71948e-05, 15.0, -2.89e-10
1513108493.7724545, 2.000071, 8.69998e-05, 15.0, 1.488e-09
1513108493.814457, 2.0, 8.70381e-05, 15.0, -1.85e-10
1513108493.8554592, 2.000041, 8.61584e-05, 15.0, -1.36e-10
1513108493.8984616, 2.000012, 8.68386e-05, 15.0, 2.43e-10
1513108493.940464, 2.000052, 8.73003e-05, 15.0, 1.75e-10
1513108493.9834664, 1.999991, 8.70094e-05, 15.0, 2.4e-10
1513108494.0494702, 2.000003, 8.63945e-05, 15.0, -2.58e-10
1513108494.0914726, 2.000068, 8.7754e-05, 15.0, 4.16e-10
1513108494.133475, 1.999969, 8.76434e-05, 15.0, -4.39e-10
1513108494.1754775, 1.999979, 8.7097e-05, 14.99999, 3.12e-10
1513108494.21748, 2.000029, 8.71877e-05, 15.0, 4.57e-10
1513108494.2584822, 1.999971, 8.78066e-05, 15.0, 8.83e-10
1513108494.3004847, 1.999967, 8.73e-05, 15.0, 3.35e-10
1513108494.342487, 1.999961, 8.77319e-05, 15.0, 1.7e-11
1513108494.3844895, 2.000033, 8.82544e-05, 15.0, 8.75e-10
1513108494.426492, 2.000029, 8.81533e-05, 15.0, 1.44e-10
1513108494.4704943, 2.000003, 8.79338e-05, 15.0, 5.74e-10
1513108494.5314977, 1.999983, 8.73927e-05, 15.0, -9.3e-11
1513108494.5735002, 2.00007, 8.67178e-05, 15.0, 1e-10
1513108494.6155026, 2.000003, 8.68197e-05, 15.0, -9.8e-11
1513108494.660505, 1.999973, 8.68987e-05, 15.0, -7.3e-11
1513108494.7035077, 2.000027, 8.78741e-05, 15.0, 4.4e-11
1513108494.74651, 2.000005, 8.76801e-05, 15.0, 5.65e-10
1513108494.7885125, 1.999986, 8.7557e-05, 14.99999, 6.22e-10
1513108494.829515, 2.00004, 8.75233e-05, 15.0, 1.79e-10
1513108494.8715172, 2.000014, 8.75405e-05, 15.0, 4.35e-10
1513108494.9125197, 2.000032, 8.69868e-05, 15.0, 3.75e-10
1513108494.9545221, 1.999946, 8.74031e-05, 15.0, 2.72e-10
1513108494.9975245, 1.999988, 8.7246e-05, 15.0, 1.056e-09
1513108495.0625284, 1.999945, 8.69329e-05, 15.0, 7.7e-10
1513108495.1045306, 1.999985, 8.71652e-05, 15.0, 2.3e-10
1513108495.146533, 1.999976, 8.71395e-05, 15.0, 2.5e-10
1513108495.1885352, 2.000061, 8.68022e-05, 15.0, 5.99e-10
1513108495.2475388, 2.000064, 8.66365e-05, 15.0, 1.62e-10
1513108495.2915413, 1.999951, 8.73452e-05, 15.0, 8.6e-11
1513108495.3355439, 1.999995, 8.71673e-05, 15.0, 5.79e-10
1513108495.3805463, 1.999999, 8.69328e-05, 15.0, 3.4e-10
1513108495.4245489, 2.000007, 8.70985e-05, 15.0, 3.3e-10
1513108495.495553, 1.999986, 8.73311e-05, 15.0, 9.9e-11
1513108495.5725572, 1.999979, 8.73362e-05, 15.0, 1.71e-10
1513108495.61856, 2.000024, 8.66539e-05, 15.0, 1.71e-10
1513108495.6635625, 1.999979, 8.78919e-05, 14.99999, 7.33e-10
1513108495.704565, 1.999983, 8.69551e-05, 15.0, 7.17e-10
1513108495.7465675, 2.000012, 8.75908e-05, 15.0, 4.69e-10
1513108495.7885697, 2.000046, 8.85486e-05, 14.99999, 3.86e-10
1513108495.8355725, 2.020421, 8.93195e-05, 15.0, 1.46e-10
1513108495.882575, 2.040845, 9.03006e-05, 15.0, 5.6e-11
1513108495.9295778, 2.061213, 8.99154e-05, 15.0, 8.18e-10
1513108495.9755805, 2.081643, 9.15215e-05, 15.0, -3.7e-11
1513108496.022583, 2.10206, 9.27551e-05, 15.0, 3.51e-10
1513108496.090587, 2.12259, 9.39463e-05, 14.99999, 5.86e-10
1513108496.1385896, 2.14284, 9.49161e-05, 15.0, 7.5e-11
1513108496.1895926, 2.16322, 9.52565e-05, 15.0, 1.89e-10
1513108496.2355952, 2.18358, 9.72891e-05, 15.0, 6e-12
1513108496.2825978, 2.20409, 9.82679e-05, 14.99999, 1.07e-10
1513108496.3296008, 2.22443, 9.88198e-05, 15.0, 7.22e-10
1513108496.3746033, 2.24483, 0.0001002723, 15.0, 8e-12
1513108496.420606, 2.26531, 9.97112e-05, 15.0, 6.5e-11
1513108496.4676087, 2.28572, 0.0001005467, 14.99999, 2.89e-10
1513108496.5126112, 2.30618, 0.000102148, 15.0, 9.31e-10
1513108496.5736146, 2.32659, 0.0001036164, 15.0, 3.61e-10
1513108496.6236176, 2.34694, 0.000104162, 15.0, 7.3e-11
1513108496.66862, 2.36735, 0.000105513, 15.0, 3.64e-10
1513108496.7146227, 2.38776, 0.000105677, 15.0, 2.42e-10
1513108496.7606254, 2.40816, 0.00010785, 15.0, 2.43e-10
1513108496.806628, 2.42857, 0.00010853, 15.0, 2.54e-10
1513108496.8536308, 2.44898, 0.00010921, 15.0, 2.36e-10
1513108496.8986332, 2.46939, 0.000109966, 15.0, 0.0
1513108496.9446359, 2.4898, 0.000111456, 15.0, 4.33e-10
1513108496.9906385, 2.5102, 0.000112212, 15.0, 5e-12
1513108497.0356412, 2.53061, 0.000112364, 15.0, 2.59e-10
1513108497.104645, 2.55102, 0.000113429, 14.99999, 2.42e-10
1513108497.1506476, 2.57143, 0.000116286, 15.0, 5.51e-10
1513108497.1986504, 2.59184, 0.000115813, 15.0, 5.6e-10
1513108497.244653, 2.61224, 0.000116503, 15.0, 2.27e-10
1513108497.2896554, 2.63264, 0.000116775, 15.0, 2.8e-11
1513108497.3356583, 2.65306, 0.000119328, 15.0, -2.156e-09
1513108497.3806608, 2.67347, 0.000118564, 15.0, 8.62e-10
1513108497.4266634, 2.69388, 0.000120857, 15.0, 1.54e-10
1513108497.4716659, 2.71429, 0.00012042, 14.99999, 1.203e-09
1513108497.5176687, 2.73469, 0.000120775, 15.0, 2.6e-11
1513108497.5636714, 2.75509, 0.000121533, 15.0, 4.57e-10
1513108497.6576765, 2.7755, 0.000121793, 15.00001, 2.41e-10
1513108497.7026794, 2.79592, 0.000124517, 15.0, 8.52e-10
1513108497.752682, 2.81633, 0.0001256, 15.0, -1.073e-09
1513108497.7986846, 2.83673, 0.000124816, 15.0, -8.6e-11
1513108497.8446875, 2.85714, 0.000124511, 15.0, 1.2e-10
1513108497.89069, 2.87755, 0.000126326, 15.0, 1.329e-09
1513108497.9366925, 2.89796, 0.000126388, 15.0, -2.95e-10
1513108497.9836953, 2.91837, 0.000128277, 15.0, 1.09e-10
1513108498.029698, 2.93878, 0.000127426, 15.0, 1.99e-10
1513108498.1097023, 2.95918, 0.000122127, 15.0, 6.81e-10
1513108498.155705, 2.97958, 0.000123095, 14.99999, -3.8e-11
1513108498.2027078, 3.0, 0.000125108, 15.00001, -2.42e-09
1513108498.2447102, 3.0, 0.000123924, 15.0, -6.358e-09
1513108498.2877128, 3.0, 0.000121297, 15.0, 1.196e-09
1513108498.3297153, 3.0, 0.000122739, 15.0, -1.357e-09
1513108498.3707175, 3.0, 0.000120959, 15.0, 1.226e-09
1513108498.41472, 3.0, 0.000121776, 15.0, 2.442e-09
1513108498.4567223, 3.0, 0.000123452, 15.0, 5.35e-10
1513108498.4997249, 3.0, 0.000121863, 14.99999, 7.2e-11
1513108498.5417273, 3.0, 0.000118302, 14.99999, 1.097e-09
1513108498.59573, 3.0, 0.000123512, 15.0, -5.6e-10
1513108498.638733, 2.99999, 0.000124121, 15.0, 8.23e-10
1513108498.6807353, 2.99999, 0.000123343, 15.0, 7.45e-10
1513108498.7237377, 3.0, 0.000123028, 14.99999, 1.194e-09
1513108498.7667403, 3.0, 0.00012223, 15.0, -3.3e-11
1513108498.8107426, 3.0, 0.000122309, 14.99999, 7.67e-10
1513108498.8537452, 3.0, 0.000121617, 15.0, 1.041e-09
1513108498.8987477, 3.0, 0.000121419, 15.0, -3.2e-11
1513108498.9497504, 3.0, 0.000120506, 15.0, 1.59e-10
1513108498.990753, 3.0, 0.000120836, 15.0, 9.51e-10
1513108499.0327551, 3.0, 0.000121289, 15.0, -1.78e-10
1513108499.096759, 3.0, 0.000120875, 15.0, -2.04e-10
1513108499.1387615, 3.0, 0.000120922, 15.0, 1.629e-09
1513108499.181764, 3.0, 0.000121648, 15.0, -1.9e-11
1513108499.2257664, 2.99999, 0.000120083, 15.0, -3e-12
1513108499.2677686, 3.0, 0.000119254, 15.0, 7.6e-11
1513108499.3087711, 3.0, 0.000119482, 15.0, 1.248e-09
1513108499.3507736, 3.0, 0.000119532, 14.99999, 3.74e-10
1513108499.392776, 3.0, 0.000119594, 15.0, -1e-12
1513108499.4357784, 3.0, 0.000119619, 15.0, 6.28e-10
1513108499.476781, 3.0, 0.000118597, 15.0, 5.23e-10
1513108499.5267835, 2.99999, 0.000118096, 15.0, 9.54e-10
1513108499.569786, 3.0, 0.000119541, 15.0, 7.73e-10
1513108499.6337898, 3.0, 0.00011958, 15.0, 3.18e-10
1513108499.6757922, 3.0, 0.000119814, 14.99999, -3.05e-10
1513108499.7167943, 3.0, 0.000119561, 15.0, 7.4e-11
1513108499.7587967, 3.0, 0.00011968, 14.99999, 5.36e-10
1513108499.8007991, 3.0, 0.000118946, 15.0, -2.9e-11
1513108499.8428016, 3.0, 0.000118667, 15.0, -3.15e-10
1513108499.8868043, 3.0, 0.00011772, 15.0, 6.15e-10
1513108499.9288063, 3.0, 0.000116706, 15.0, 6.05e-10
1513108499.9708087, 3.0, 0.000115908, 15.0, -1e-11
1513108500.0118113, 3.0, 0.000111958, 15.0, 5.427e-09
1513108500.0628142, 2.99999, 0.000114371, 15.0, -6.09e-10
1513108500.1178174, 3.0, 0.000114319, 15.0, 4.01e-09
1513108500.1598198, 3.0, 0.000103471, 15.0, -5.14e-10
1513108500.2018223, 3.0, 0.000100483, 15.0, -7.21e-10
1513108500.2468247, 3.0, 9.2756e-05, 15.0, -2.21e-10
1513108500.2888272, 3.0, 9.2087e-05, 15.0, 3.59e-09
1513108500.3298295, 3.0, 9.5837e-05, 15.0, -2.819e-09
 1513108536.4728968, -2.9e-06, -7.03938e-09, 15.0, 2.766e-09
1513108536.5268998, 0.0204091, 7.48201e-07, 15.0, 2.08e-09
1513108536.5809028, 0.0408166, 1.51521e-06, 15.0, 1.717e-09
1513108536.6269057, 0.0612288, 2.211e-06, 15.0, 1.552e-09
1513108536.6719081, 0.0816372, 3.01439e-06, 15.0, 1.441e-09
1513108536.7169106, 0.1020295, 3.65738e-06, 15.0, 1.363e-09
1513108536.7629132, 0.1224494, 4.31403e-06, 15.0, 1.241e-09
1513108536.8089159, 0.1428558, 5.10739e-06, 15.0, 1.202e-09
1513108536.8549187, 0.1632753, 5.85854e-06, 15.0, 1.129e-09
1513108536.912922, 0.1836784, 6.52998e-06, 15.0, 1.181e-09
1513108536.9579246, 0.2040817, 7.15569e-06, 15.0, 1.102e-09
1513108537.0289285, 0.224492, 7.77916e-06, 15.0, 9.77e-10
1513108537.0749311, 0.244927, 8.73831e-06, 15.0, 1.044e-09
1513108537.122934, 0.265315, 9.06356e-06, 15.0, 9.19e-10
1513108537.1699367, 0.285709, 9.90166e-06, 15.0, 9.02e-10
1513108537.2209396, 0.306111, 1.08337e-05, 15.0, 1.048e-09
1513108537.2669423, 0.326509, 1.13543e-05, 15.0, 6.78e-10
1513108537.314945, 0.346962, 1.2059e-05, 15.0, 7.51e-10
1513108537.3599474, 0.367336, 1.24318e-05, 15.0, 7.94e-10
1513108537.4059503, 0.387793, 1.36714e-05, 15.0, 5.01e-10
1513108537.4509528, 0.408161, 1.40375e-05, 15.0, 2.64e-10
1513108537.5129561, 0.428551, 1.43135e-05, 15.0, 6.25e-10
1513108537.5579588, 0.448943, 1.54644e-05, 15.0, 5.53e-10
1513108537.6039612, 0.46944, 1.62189e-05, 15.0, 5.66e-10
1513108537.649964, 0.489783, 1.64622e-05, 15.0, 4.9e-10
1513108537.6959667, 0.510159, 1.73035e-05, 15.0, 8e-11
1513108537.7409692, 0.53059, 1.80293e-05, 15.0, 2.57e-10
1513108537.7869718, 0.551008, 1.95697e-05, 15.0, 9.4e-11
1513108537.8329747, 0.571413, 1.97229e-05, 15.0, 1.87e-10
1513108537.8789773, 0.591821, 2.03526e-05, 15.0, 2.11e-10
1513108537.9259799, 0.612269, 2.18036e-05, 15.0, 3.23e-10
1513108537.9709823, 0.632679, 2.2115e-05, 15.0, 6.38e-10
1513108538.0399864, 0.653028, 2.25637e-05, 15.0, 5.06e-10
1513108538.0849888, 0.673491, 2.33508e-05, 15.0, 2.57e-10
1513108538.1339917, 0.693866, 2.33259e-05, 15.0, 4.68e-10
1513108538.1789942, 0.714283, 2.46075e-05, 15.0, 1e-10
1513108538.224997, 0.734669, 2.52198e-05, 14.99999, 1.13e-10
1513108538.2699995, 0.755114, 2.59643e-05, 15.0, 3.06e-10
1513108538.3150022, 0.775534, 2.70271e-05, 15.0, 4.1e-10
1513108538.3610048, 0.795922, 2.77295e-05, 15.0, -3.8e-11
1513108538.4080074, 0.816341, 2.8587e-05, 15.0, -2.89e-10
1513108538.45501, 0.836735, 2.92364e-05, 15.0, 1.3e-11
1513108538.524014, 0.857129, 2.99649e-05, 15.0, 4.18e-10
1513108538.5690167, 0.877514, 3.04149e-05, 15.0, 7e-12
1513108538.6150193, 0.8979, 3.06657e-05, 15.0, -1.21e-10
1513108538.6600218, 0.918392, 3.10029e-05, 15.0, 5.49e-10
1513108538.7070243, 0.938773, 3.12705e-05, 15.0, 5.68e-10
1513108538.752027, 0.959216, 3.23226e-05, 15.0, 2.05e-10
1513108538.79803, 0.979536, 3.1925e-05, 15.0, 1.78e-10
1513108538.8510327, 1.000078, 3.27057e-05, 15.0, -9.8e-11
1513108538.894035, 0.999973, 3.28698e-05, 15.0, 3.28e-10
1513108538.9360375, 1.000045, 3.26072e-05, 15.0, 6.75e-10
1513108538.97804, 1.00004, 3.31531e-05, 15.0, 6.48e-10
1513108539.0270429, 0.999983, 3.31821e-05, 15.0, 6.72e-10
1513108539.0700452, 1.000035, 3.30577e-05, 15.0, 8.08e-10
1513108539.1130478, 1.000018, 3.23957e-05, 15.0, 1.185e-09
1513108539.1570504, 0.999882, 3.29214e-05, 15.0, 5.85e-10
1513108539.2010527, 0.999939, 3.30605e-05, 15.0, 1.7e-10
1513108539.243055, 1.000134, 3.31562e-05, 14.99999, 1.22e-10
1513108539.2840576, 0.999947, 3.25858e-05, 15.0, 2.57e-10
1513108539.32706, 1.000028, 3.26573e-05, 15.0, 8.42e-10
1513108539.3700626, 1.000013, 3.28031e-05, 14.99999, 2.98e-10
1513108539.412065, 0.999971, 3.36998e-05, 15.0, 2.49e-10
1513108539.4540672, 1.0, 3.31691e-05, 15.0, 8.41e-10
1513108539.4980698, 0.999969, 3.28959e-05, 15.0, 3.57e-10
1513108539.5620732, 1.000034, 3.31193e-05, 15.0, 5.22e-10
1513108539.6040757, 0.999925, 3.33573e-05, 15.0, 3.44e-10
1513108539.646078, 0.999937, 3.35252e-05, 15.0, -1.33e-10
1513108539.693081, 1.000021, 3.33643e-05, 15.0, 3.42e-10
1513108539.7340834, 1.000009, 3.39732e-05, 15.0, 3.56e-10
1513108539.7760859, 1.00002, 3.32405e-05, 15.0, 1.001e-09
1513108539.8180883, 1.000001, 3.30993e-05, 15.0, 9.94e-10
1513108539.8590903, 1.000068, 3.19123e-05, 14.99999, 3.58e-10
1513108539.9010928, 1.000009, 3.23641e-05, 15.0, 4.43e-10
1513108539.942095, 1.000077, 3.21987e-05, 15.0, 3.15e-10
1513108539.9840975, 0.999986, 3.27046e-05, 15.0, 1.102e-09
1513108540.046101, 1.000039, 3.28924e-05, 15.0, 5.74e-10
1513108540.0891037, 1.000132, 3.35303e-05, 15.0, 3.34e-10
1513108540.1311061, 1.00001, 3.41453e-05, 15.0, 8.65e-10
1513108540.1751087, 0.999997, 3.36262e-05, 15.0, 7.87e-10
1513108540.219111, 1.000005, 3.35746e-05, 15.0, 1.66e-10
1513108540.2601135, 0.999895, 3.2752e-05, 15.0, 3.4e-10
1513108540.302116, 0.999925, 3.31744e-05, 15.0, 4.42e-10
1513108540.3441184, 1.000037, 3.33615e-05, 15.0, 4.37e-10
1513108540.3861208, 0.999974, 3.39236e-05, 15.0, 7.17e-10
1513108540.428123, 1.000104, 3.29623e-05, 15.0, 3e-10
1513108540.4701252, 1.000011, 3.26913e-05, 15.0, 4.34e-10
1513108540.5121276, 0.999988, 3.34178e-05, 15.0, 5.02e-10
1513108540.5761313, 1.000031, 3.43076e-05, 15.0, 2.8e-10
1513108540.6181338, 0.999939, 3.37813e-05, 15.0, 2.47e-10
1513108540.6601362, 1.0001, 3.19675e-05, 15.0, 3.78e-10
1513108540.7021387, 1.000005, 3.3341e-05, 14.99999, 3.86e-10
1513108540.744141, 1.000149, 3.36393e-05, 15.0, 2.42e-10
1513108540.7871435, 1.0, 3.38614e-05, 15.0, 4.68e-10
1513108540.831146, 0.999967, 3.40876e-05, 15.0, 5.95e-10
1513108540.8741486, 1.000012, 3.35302e-05, 15.0, 3.7e-10
1513108540.9161508, 1.000034, 3.37785e-05, 15.0, 1.72e-10
1513108540.9581532, 1.000066, 3.31775e-05, 15.0, 7.03e-10
1513108541.0011556, 1.000067, 3.31042e-05, 15.0, -6.7e-11
1513108541.060159, 0.999999, 3.19142e-05, 15.0, 4.18e-10
1513108541.1021614, 1.000012, 3.22599e-05, 15.0, 3.78e-10
1513108541.1511645, 1.020418, 3.29849e-05, 15.0, -3.71e-10
1513108541.1971672, 1.040873, 3.39889e-05, 15.0, 2.7e-10
1513108541.2431695, 1.061166, 3.56772e-05, 15.0, 7.29e-10
1513108541.2901723, 1.081572, 3.61065e-05, 15.0, 7e-11
1513108541.3351748, 1.102055, 3.66108e-05, 14.99999, 4.54e-10
1513108541.3811777, 1.122504, 3.78748e-05, 15.0, -9.8e-11
1513108541.4261801, 1.142954, 3.79514e-05, 15.0, -9.5e-11
1513108541.4721828, 1.163254, 3.91816e-05, 14.99999, 4.25e-10
1513108541.5181851, 1.183658, 3.92583e-05, 15.0, 2.58e-10
1513108541.5861893, 1.204043, 4.07188e-05, 15.0, 4.09e-10
1513108541.6321917, 1.224464, 4.08392e-05, 15.0, -3.34e-10
1513108541.6811945, 1.244987, 4.10338e-05, 15.0, 3.38e-10
1513108541.7271972, 1.265321, 4.14186e-05, 15.0, 3.12e-10
1513108541.7762003, 1.285648, 4.14563e-05, 15.0, -1.18e-10
1513108541.8212028, 1.30606, 4.22708e-05, 15.0, 9.71e-10
1513108541.8672054, 1.326513, 4.29794e-05, 15.0, -2.06e-10
1513108541.9132078, 1.347037, 4.4012e-05, 15.0, 1.22e-10
1513108541.9582105, 1.367349, 4.42946e-05, 14.99999, 1.82e-10
1513108542.004213, 1.387812, 4.52413e-05, 15.0, 6.64e-10
1513108542.070217, 1.408134, 4.66066e-05, 15.0, -4.11e-10
1513108542.1152194, 1.428571, 4.71081e-05, 15.0, 3.5e-10
1513108542.1612222, 1.448983, 4.79347e-05, 15.0, 5.22e-10
1513108542.2082248, 1.469489, 4.79847e-05, 15.0, 5.9e-11
1513108542.2542274, 1.489813, 4.87983e-05, 15.0, -2.08e-10
1513108542.3002298, 1.510168, 4.76641e-05, 15.0, 1.88e-10
1513108542.3452327, 1.530597, 4.87042e-05, 15.0, 6.8e-11
1513108542.3912354, 1.551039, 4.80497e-05, 15.0, -1.2e-10
1513108542.437238, 1.571482, 4.92396e-05, 14.99999, 4.15e-10
1513108542.4822404, 1.591873, 4.94451e-05, 14.99999, 8.11e-10
1513108542.5282433, 1.612204, 4.98822e-05, 15.0, -2.65e-10
1513108542.596247, 1.632691, 5.00519e-05, 15.0, 2.28e-10
1513108542.6422498, 1.653006, 4.98151e-05, 15.0, 9.76e-10
1513108542.6912525, 1.673522, 5.08972e-05, 15.0, 1.031e-09
1513108542.738255, 1.693866, 5.16996e-05, 15.0, -2.33e-10
1513108542.784258, 1.714133, 5.13617e-05, 15.0, -1.99e-10
1513108542.8292603, 1.734721, 5.31081e-05, 15.0, 7.48e-10
1513108542.875263, 1.755079, 5.36934e-05, 15.0, 9.58e-10
1513108542.9212656, 1.775507, 5.46004e-05, 15.0, -4.73e-10
1513108542.966268, 1.795982, 5.46992e-05, 15.0, 7.53e-10
1513108543.012271, 1.816408, 5.42719e-05, 14.99999, 3.1e-11
1513108543.0802746, 1.836738, 5.65319e-05, 15.0, 3e-11
1513108543.1262774, 1.857137, 5.59106e-05, 15.0, 2.1e-10
1513108543.17328, 1.877571, 5.75001e-05, 15.0, 2.51e-10
1513108543.2192826, 1.897975, 5.67167e-05, 15.0, 6.9e-11
1513108543.264285, 1.918425, 5.79536e-05, 15.0, 1.83e-10
1513108543.310288, 1.938768, 5.80115e-05, 15.0, 3.67e-10
1513108543.3552904, 1.959194, 5.87981e-05, 14.99999, -2.11e-10
1513108543.4032931, 1.979581, 5.92418e-05, 15.0, -2.9e-10
1513108543.4482956, 2.000007, 6.11132e-05, 14.99999, 3e-12
1513108543.490298, 2.000017, 6.05808e-05, 15.0, 6.65e-10
1513108543.5313005, 2.000022, 6.00952e-05, 15.0, 1.74e-10
1513108543.5833035, 1.999998, 5.9999e-05, 15.0, 3.19e-10
1513108543.625306, 2.000053, 6.14498e-05, 15.0, -3.92e-10
1513108543.6673083, 1.999943, 6.1511e-05, 14.99999, 5.3e-11
1513108543.713311, 2.000073, 6.08615e-05, 15.0, 1.56e-10
1513108543.7553134, 1.999881, 6.07273e-05, 15.0, 4.63e-10
1513108543.7973156, 2.000143, 5.91099e-05, 15.0, 1.19e-10
1513108543.839318, 2.000035, 6.04547e-05, 15.0, 3.44e-10
1513108543.8863208, 2.00005, 6.11026e-05, 15.0, -1.29e-10
1513108543.9293232, 2.000006, 6.08005e-05, 15.0, 4.13e-10
1513108543.9703255, 1.999979, 6.06896e-05, 15.0, -1.18e-10
1513108544.012328, 1.999986, 6.14972e-05, 14.99999, 7.31e-10
1513108544.0573304, 2.000031, 6.09328e-05, 15.0, -6e-12
1513108544.1223342, 1.999995, 6.03602e-05, 15.0, -3.21e-10
1513108544.1643367, 2.000013, 6.06052e-05, 15.0, 1.51e-10
1513108544.2063391, 1.999873, 6.1257e-05, 15.0, -4.94e-10
1513108544.2483416, 2.000114, 6.22353e-05, 14.99999, 7.35e-10
1513108544.2893438, 2.000014, 6.14252e-05, 15.0, 1e-10
1513108544.3333464, 1.999944, 6.09934e-05, 15.0, 1.228e-09
1513108544.3763487, 2.00003, 6.09819e-05, 15.0, 1.6e-10
1513108544.4193513, 1.999996, 6.13685e-05, 15.0, 7.09e-10
1513108544.4623537, 1.999986, 6.15009e-05, 15.0, 8.56e-10
1513108544.5053563, 2.00005, 6.09366e-05, 15.0, 2.28e-10
1513108544.5473588, 1.999988, 6.17035e-05, 15.0, 1.018e-09
1513108544.606362, 2.000025, 6.19623e-05, 15.0, -2.5e-10
1513108544.6483643, 2.000059, 6.18059e-05, 14.99999, 5.51e-10
1513108544.6893668, 2.00001, 6.1722e-05, 15.0, 2.91e-10
1513108544.7343693, 2.000014, 6.19028e-05, 15.0, 4.01e-10
1513108544.7773716, 2.000059, 6.22437e-05, 15.0, 1.33e-10
1513108544.819374, 2.000034, 6.14648e-05, 15.0, 6.18e-10
1513108544.8613765, 1.999979, 6.15832e-05, 15.0, 4.51e-10
1513108544.904379, 1.999937, 6.18619e-05, 15.0, -3.63e-10
1513108544.9453814, 1.999909, 6.18461e-05, 15.0, 6.1e-11
1513108544.9873838, 2.000004, 6.15381e-05, 15.0, 8.6e-11
1513108545.029386, 2.000091, 6.12603e-05, 15.0, 6.03e-10
1513108545.0713885, 2.000032, 6.23441e-05, 15.0, 7.57e-10
1513108545.1353922, 2.000021, 6.22753e-05, 14.99999, 1.344e-09
1513108545.1773946, 1.999983, 6.28156e-05, 15.0, -1.64e-10
1513108545.220397, 2.000015, 6.2498e-05, 15.0, 5.06e-10
1513108545.2623994, 2.000074, 6.24738e-05, 15.0, 6e-11
1513108545.3054018, 1.99998, 6.21506e-05, 15.0, 1.2e-10
1513108545.3484044, 2.000057, 6.21683e-05, 15.0, 5e-10
1513108545.3904068, 2.000002, 6.24666e-05, 14.99999, 4.95e-10
1513108545.4334092, 2.00001, 6.23963e-05, 15.0, 1.9e-11
1513108545.4744115, 2.000005, 6.29373e-05, 15.0, 3.21e-10
1513108545.516414, 1.999978, 6.29916e-05, 15.0, 4e-11
1513108545.5584164, 2.000042, 6.16979e-05, 15.0, 9.2e-11
1513108545.6194198, 2.000035, 6.21905e-05, 14.99999, 1.61e-10
1513108545.6624224, 2.000112, 6.16833e-05, 15.0, 2.26e-10
1513108545.7034247, 2.000032, 6.19314e-05, 15.0, 2.22e-10
1513108545.7534277, 2.020363, 6.23289e-05, 15.0, 2.94e-10
1513108545.80043, 2.040792, 6.31589e-05, 15.0, -4.02e-10
1513108545.846433, 2.061269, 6.42311e-05, 15.0, 2.06e-10
1513108545.8924356, 2.081659, 6.35964e-05, 14.99999, -1.073e-09
1513108545.9374382, 2.10197, 6.40621e-05, 14.99999, -2.53e-10
1513108545.9834406, 2.12243, 6.42701e-05, 15.0, 2.21e-10
1513108546.0294433, 2.14285, 6.61264e-05, 15.0, 1.79e-10
1513108546.0754461, 2.16329, 6.57884e-05, 15.0, -5.67e-10
1513108546.1444497, 2.18362, 6.70532e-05, 15.0, 2.67e-10
1513108546.1924527, 2.20411, 6.74049e-05, 14.99999, -7.1e-10
1513108546.2404554, 2.22451, 6.72781e-05, 14.99999, 5.85e-10
1513108546.2854578, 2.2449, 6.81499e-05, 15.0, 1.141e-09
1513108546.3314607, 2.26529, 6.92325e-05, 15.0, 8.1e-10
1513108546.3764632, 2.28567, 6.89725e-05, 15.0, 1.01e-10
1513108546.424466, 2.30617, 7.03302e-05, 15.0, 3.3e-10
1513108546.4694684, 2.32652, 7.06473e-05, 15.0, 1.621e-09
1513108546.5264716, 2.34692, 7.03932e-05, 15.0, 7.53e-10
1513108546.571474, 2.3673, 7.1263e-05, 14.99999, 7.58e-10
1513108546.6284778, 2.38777, 7.08629e-05, 15.0, 1.12e-10
1513108546.6734803, 2.40819, 7.24018e-05, 15.0, 3.15e-10
1513108546.719483, 2.42854, 7.25636e-05, 15.0, -2.51e-10
1513108546.7654853, 2.44899, 7.37991e-05, 15.0, 8.79e-10
1513108546.812488, 2.46934, 7.33814e-05, 15.0, -2.3e-10
1513108546.858491, 2.48986, 7.29179e-05, 15.0, -9e-11
1513108546.9044933, 2.51018, 7.30498e-05, 15.0, 2.197e-09
1513108546.949496, 2.5306, 7.56692e-05, 15.0, 5.35e-10
1513108546.9954984, 2.551, 7.59596e-05, 15.0, 1.855e-09
1513108547.0415013, 2.57151, 7.66771e-05, 15.0, -9.08e-10
1513108547.0885038, 2.59185, 7.78526e-05, 15.0, 3.4e-10
1513108547.156508, 2.6123, 7.87366e-05, 14.99999, 2.71e-10
1513108547.2015104, 2.6327, 7.81588e-05, 14.99999, -9.09e-10
1513108547.2495131, 2.65313, 8.29427e-05, 14.99999, -3.188e-09
1513108547.3005161, 2.67339, 8.17257e-05, 15.0, 4.66e-10
1513108547.3465188, 2.69387, 8.28784e-05, 15.0, 3.651e-09
1513108547.3915212, 2.7142, 8.6144e-05, 15.0, -8.46e-10
1513108547.437524, 2.73469, 8.81052e-05, 15.0, 1.39e-10
1513108547.4825265, 2.75514, 8.79024e-05, 15.0, -2.979e-09
1513108547.5285292, 2.77544, 8.86791e-05, 15.0, 8.77e-10
1513108547.5745316, 2.79585, 8.79263e-05, 15.0, -5.1e-10
1513108547.6405356, 2.81633, 8.83653e-05, 15.0, 3.9e-10
1513108547.686538, 2.83671, 8.90724e-05, 15.0, -1.76e-10
1513108547.7335408, 2.8571, 9.00574e-05, 15.0, 1.074e-09
1513108547.7795434, 2.87745, 9.26877e-05, 14.99999, -1.2e-11
1513108547.825546, 2.89786, 9.34179e-05, 15.0, 2.08e-10
1513108547.8715487, 2.91843, 9.41547e-05, 15.0, 5.49e-10
1513108547.9185512, 2.93872, 9.56822e-05, 14.99999, 2.5e-11
1513108547.964554, 2.9592, 9.51573e-05, 15.0, 2.1e-10
1513108548.0095565, 2.97953, 9.54902e-05, 15.0, 1.63e-10
1513108548.0545592, 3.00002, 9.45536e-05, 15.0, 6.67e-10
1513108548.0965617, 2.99998, 9.39285e-05, 14.99999, -3.1e-11
1513108548.1625655, 2.99995, 9.39163e-05, 14.99999, 3.1e-10
1513108548.204568, 2.9998, 9.49811e-05, 14.99999, 8.61e-10
1513108548.2465703, 2.99995, 9.68458e-05, 15.0, 4.15e-10
1513108548.2885728, 3.00004, 9.59644e-05, 15.0, 3e-10
1513108548.330575, 3.00006, 9.6417e-05, 15.0, -1.96e-10
1513108548.3735774, 2.99997, 9.67444e-05, 15.0, -2.157e-09
1513108548.4145796, 3.00008, 9.43268e-05, 15.0, 1.041e-09
1513108548.456582, 3.0, 9.47292e-05, 15.0, -1e-11
1513108548.4985845, 3.00006, 9.52635e-05, 15.0, -2.27e-10
1513108548.540587, 3.00011, 9.49466e-05, 15.0, 2.959e-09
1513108548.5825894, 2.99992, 9.55375e-05, 15.0, -1.93e-10
1513108548.646593, 3.0, 9.63929e-05, 14.99999, -4.64e-10
1513108548.6895955, 2.99995, 9.62553e-05, 15.0, 9.4e-11
1513108548.732598, 3.00003, 9.2551e-05, 14.99999, 1.184e-09
1513108548.7766006, 3.00001, 9.4192e-05, 15.0, -1.012e-09
1513108548.8176029, 2.99991, 9.41405e-05, 15.0, -6.04e-10
1513108548.8596053, 2.99996, 9.29612e-05, 15.0, 2.31e-10
1513108548.9036078, 3.00008, 9.42727e-05, 15.0, 9.7e-11
1513108548.9466102, 2.99998, 9.43142e-05, 15.0, 3.89e-10
1513108548.9886127, 3.0, 9.47979e-05, 15.0, -1.55e-09
1513108549.030615, 3.00004, 9.40312e-05, 15.0, 9.41e-10
1513108549.0726175, 3.00007, 9.62931e-05, 15.0, -1.58e-10
1513108549.11562, 2.99996, 9.65621e-05, 15.0, 3.6e-11
1513108549.1796234, 2.99997, 9.58937e-05, 15.0, 3.95e-10
1513108549.222626, 2.99998, 9.59236e-05, 15.0, -5.82e-10
1513108549.2646284, 3.00001, 9.53099e-05, 14.99999, 9.33e-10
1513108549.3056307, 3.0, 9.60113e-05, 15.0, -2.7e-11
1513108549.3476331, 2.99983, 9.3948e-05, 14.99998, -9.82e-10
1513108549.3886354, 3.00002, 9.23904e-05, 15.0, 2.981e-09
1513108549.432638, 2.99996, 9.44534e-05, 15.0, -1.794e-09
1513108549.4796405, 2.99999, 9.5849e-05, 14.99999, 9.4e-11
1513108549.521643, 2.99993, 9.54617e-05, 14.99999, -1.692e-09
1513108549.5636454, 3.00006, 9.5694e-05, 15.0, 1.435e-09
1513108549.6056478, 2.99995, 9.64317e-05, 15.0, 8.22e-10
1513108549.6636512, 3.00003, 9.52269e-05, 15.0, 2.89e-10
1513108549.7056534, 2.99994, 9.42692e-05, 14.99999, 8.66e-10
1513108549.7476559, 3.0, 9.45893e-05, 15.0, -1.099e-09
1513108549.7926588, 2.99996, 9.46166e-05, 15.0, 4.19e-10
1513108549.8336608, 2.99996, 9.36266e-05, 15.0, 1e-11
1513108549.8756633, 3.00006, 9.52972e-05, 15.0, 8.52e-10
1513108549.9176657, 3.0, 9.50187e-05, 14.99999, 8.37e-10
1513108549.958668, 3.0001, 9.58795e-05, 15.0, 3.74e-10
1513108550.0006704, 2.99998, 9.66273e-05, 14.99999, 4.15e-10
1513108550.0426729, 3.00007, 9.60883e-05, 15.0, -1.306e-09
1513108550.0836751, 2.99998, 9.61345e-05, 15.0, 2.149e-09
1513108550.1266778, 2.99999, 9.66043e-05, 15.0, 1.86e-10
1513108550.1926816, 2.99999, 9.62267e-05, 14.99999, -1.541e-09
1513108550.235684, 3.00002, 9.44978e-05, 14.99999, 1.127e-09
1513108550.2776864, 3.00006, 9.60098e-05, 14.99999, -5.62e-10
1513108550.321689, 2.99995, 9.6196e-05, 15.0, 5.62e-10
1513108550.3666914, 3.02041, 9.65773e-05, 15.0, 2.75e-10
1513108550.411694, 3.04087, 9.59114e-05, 15.0, 4.8e-10
1513108550.4576964, 3.06124, 9.66384e-05, 15.0, 1.46e-09
1513108550.5026994, 3.08163, 9.68168e-05, 14.99999, 7.67e-10
1513108550.5487018, 3.10194, 9.74568e-05, 14.99999, -1.88e-10
1513108550.5937045, 3.12251, 9.82912e-05, 15.0, 5.9e-11
1513108550.640707, 3.14292, 9.96653e-05, 14.99999, 3.2e-11
1513108550.708711, 3.16324, 9.92043e-05, 15.0, 5.8e-10
1513108550.7557137, 3.18366, 9.93256e-05, 15.0, -4.87e-10
1513108550.8037164, 3.20407, 0.0001000788, 15.0, 6.64e-10
1513108550.849719, 3.22449, 9.97811e-05, 14.99999, 5.41e-10
1513108550.933724, 3.245, 0.000100614, 15.0, -1.176e-09
1513108550.9797266, 3.2653, 0.0001003079, 15.0, 9.66e-10
1513108551.026729, 3.28569, 0.0001026846, 15.0, -8.4e-11
1513108551.072732, 3.3061, 0.0001035566, 15.0, -2.29e-10
1513108551.1217346, 3.32653, 0.000103912, 15.0, -1.9e-10
1513108551.1927388, 3.34694, 0.000105292, 14.99999, 4.84e-10
1513108551.2407415, 3.36735, 0.000104661, 15.0, -3.25e-10
1513108551.286744, 3.38776, 0.000105043, 15.0, 1.99e-10
1513108551.3317466, 3.40816, 0.000105394, 15.0, 3.25e-10
1513108551.3777492, 3.42857, 0.000106109, 14.99999, 3.41e-10
1513108551.4237518, 3.44898, 0.000105968, 15.0, 3.59e-10
1513108551.4697547, 3.46939, 0.000107875, 15.0, -1.554e-09
1513108551.515757, 3.4898, 0.000108767, 15.0, 1.752e-09
1513108551.5617597, 3.5102, 0.000108858, 15.0, 1.92e-10
1513108551.6077623, 3.53061, 0.000110364, 15.0, 1.32e-10
1513108551.670766, 3.55102, 0.000111483, 15.0, -8.72e-10
1513108551.7647712, 3.57143, 0.000112233, 15.0, 7.64e-10
1513108551.8097742, 3.59184, 0.000113265, 15.0, -3.49e-10
1513108551.8567767, 3.61224, 0.000113447, 15.0, 1.346e-09
1513108551.9017792, 3.63265, 0.000113395, 15.0, 4.65e-10
1513108551.9477818, 3.65306, 0.000113592, 15.0, 7.03e-10
1513108551.9927845, 3.67347, 0.000113625, 15.0, 1.22e-10
1513108552.039787, 3.69388, 0.000111553, 15.0, -1.413e-09
1513108552.0857897, 3.71429, 0.00011248, 15.0, 1.58e-09
1513108552.1327922, 3.73469, 0.000114291, 15.0, 1.373e-09
1513108552.216797, 3.7551, 0.000113183, 15.0, -8.53e-10
1513108552.2628, 3.77551, 0.000110503, 15.0, 6.3e-11
1513108552.3088026, 3.79592, 0.000110502, 15.0, 1.28e-10
1513108552.3558052, 3.81632, 0.000110938, 15.0, -1.22e-10
1513108552.4018078, 3.83673, 0.000111871, 15.0, -3.83e-10
1513108552.4468105, 3.85714, 0.000111518, 15.0, -1.52e-10
1513108552.492813, 3.87755, 0.000112304, 15.0, 2.54e-10
1513108552.5388157, 3.89796, 0.00011129, 15.0, 5.88e-10
1513108552.5858183, 3.91837, 0.000112491, 15.0, 1.02e-09
1513108552.6308208, 3.93878, 0.000113041, 15.0, 4.07e-10
1513108552.6768236, 3.95918, 0.000112657, 15.0, 1.58e-10
1513108552.7658286, 3.97959, 0.000114082, 15.0, 3.26e-10
1513108552.8118312, 4.0, 0.000115448, 15.0, 2.85e-10
1513108552.8538337, 4.0, 0.000116137, 15.0, 5.53e-10
1513108552.8978362, 4.0, 0.00011575, 15.0, 1.27e-10
1513108552.9398386, 4.0, 0.000114574, 15.0, 2.93e-10
1513108552.980841, 4.0, 0.000115033, 14.99999, 6.6e-11
1513108553.0228434, 4.0, 0.000114739, 15.0, 1.67e-10
1513108553.0648458, 4.0, 0.00011461, 15.0, -5.25e-10
1513108553.105848, 4.0, 0.000114951, 15.0, 3.65e-10
1513108553.1478505, 4.0, 0.000114714, 15.0, -3.25e-10
1513108553.2228549, 4.0, 0.000114666, 15.0, 2.29e-10
1513108553.2658572, 4.0, 0.000115141, 15.0, 5.64e-10
1513108553.3078597, 4.0, 0.000114622, 15.0, -9.5e-11
1513108553.348862, 4.0, 0.000115962, 15.0, 2.45e-10
1513108553.3918645, 4.0, 0.000115715, 14.99999, -8.3e-11
1513108553.4328668, 4.0, 0.000116345, 15.0, 1.15e-10
1513108553.4748693, 4.0, 0.000116516, 15.0, -1.556e-09
1513108553.5168717, 4.0, 0.000114773, 14.99999, 1.4e-11
1513108553.557874, 4.0, 0.000114209, 15.0, 6.26e-10
1513108553.5998764, 4.0, 0.000114819, 15.0, 4.42e-10
1513108553.6418788, 4.0, 0.000115179, 15.0, 1.072e-09
1513108553.6838813, 4.0, 0.000115584, 15.0, 3.17e-10
1513108553.7698863, 4.0, 0.000100801, 15.0, 2.7e-11
1513108553.8138885, 4.0, 0.000100011, 15.0, 1.162e-09
1513108553.854891, 4.0, 0.000100371, 14.99999, 7.4e-11
1513108553.8968933, 4.0, 9.9605e-05, 15.0, 9.06e-10
1513108553.9388957, 4.0, 9.8609e-05, 15.0, -9.6e-10
1513108553.9808981, 4.0, 9.9587e-05, 14.99999, -2.58e-10
1513108554.0229006, 4.0, 9.7565e-05, 15.0, -6.11e-10
1513108554.063903, 4.0, 9.7394e-05, 14.99999, -1.57e-10
1513108554.1059053, 4.0, 9.7412e-05, 14.99999, 4.862e-09
1513108554.1489077, 4.0, 9.8734e-05, 15.0, 1.7e-11
1513108554.2299123, 4.0, 9.9828e-05, 15.0, 1.532e-09
1513108554.2729146, 4.0, 0.000100024, 15.0, 7.37e-10
1513108554.3159173, 4.0, 9.9173e-05, 14.99999, 4.13e-10
1513108554.3579197, 4.0, 9.9469e-05, 15.0, -7.6e-11
1513108554.4049225, 4.0, 9.8897e-05, 15.0, 3.17e-10
1513108554.4459245, 4.0, 9.9079e-05, 14.99999, -2.1e-10
1513108554.5089283, 4.0, 9.9422e-05, 15.0, 2.72e-10
1513108554.5509307, 4.0, 9.936e-05, 15.0, -2.69e-10
1513108554.5949333, 4.0, 9.9208e-05, 15.0, -4.9e-11
1513108554.6389358, 4.0, 9.9513e-05, 14.99999, -1.07e-10
1513108554.6809382, 4.0, 9.9234e-05, 15.0, 2.15e-10
1513108554.746942, 4.0, 9.9609e-05, 15.0, 6.8e-10
1513108554.7899444, 4.0, 9.97e-05, 14.99999, -3.12e-10
1513108554.832947, 4.0, 9.9717e-05, 14.99999, 3.06e-10
1513108554.8749495, 4.0, 9.8468e-05, 15.0, 4.77e-10
1513108554.9159517, 4.0, 9.8529e-05, 15.0, 3.92e-10
1513108554.957954, 4.0, 9.8777e-05, 15.0, -1.21e-10
1513108554.9999564, 4.0, 9.8418e-05, 15.0, -9.57e-10
1513108555.0419588, 4.0, 9.6494e-05, 15.00001, -3.98e-10
1513108555.083961, 4.0, 9.674e-05, 15.0, 2.234e-09
1513108555.1259634, 4.0, 9.8793e-05, 14.99999, 1.345e-09
1513108555.1709664, 4.02041, 9.8447e-05, 14.99999, 1.082e-09
1513108555.2299697, 4.04082, 9.8877e-05, 15.0, 4.73e-10
1513108555.2769723, 4.06122, 9.944e-05, 14.99999, 6.39e-10
1513108555.322975, 4.08163, 9.9439e-05, 15.0, -1.0971e-08
1513108555.3689773, 4.10204, 9.3163e-05, 15.0, 5.86e-10
1513108555.4189804, 4.12245, 6.81823e-05, 15.0, 4.05e-10
 1513108590.6609962, -2.5e-06, -4.22796e-09, 15.0, 2.635e-09
1513108590.7169995, 0.0204104, 4.14137e-07, 15.0, 2.378e-09
1513108590.7630022, 0.0408001, 8.24824e-07, 15.0, 1.773e-09
1513108590.8160052, 0.0612271, 1.31725e-06, 15.0, 1.707e-09
1513108590.8620076, 0.0816348, 1.78989e-06, 15.0, 1.569e-09
1513108590.9080102, 0.102045, 2.23415e-06, 15.0, 1.435e-09
1513108590.9540129, 0.1224515, 2.6169e-06, 15.0, 1.341e-09
1513108590.9990153, 0.1428533, 3.06548e-06, 15.0, 1.278e-09
1513108591.0450182, 0.1632714, 3.41583e-06, 15.0, 1.219e-09
1513108591.0910208, 0.1836749, 3.8796e-06, 15.0, 1.142e-09
1513108591.1370234, 0.2040832, 4.29676e-06, 15.0, 1.118e-09
1513108591.2070274, 0.224488, 4.90317e-06, 15.0, 1.038e-09
1513108591.2530298, 0.2449, 4.98026e-06, 15.0, 1.008e-09
1513108591.3010328, 0.265303, 5.51806e-06, 15.0, 9.61e-10
1513108591.3470354, 0.285725, 5.695e-06, 15.0, 9.34e-10
1513108591.3950381, 0.306126, 6.00529e-06, 15.0, 9.33e-10
1513108591.4410408, 0.326527, 6.19586e-06, 15.0, 7.65e-10
1513108591.4870434, 0.346932, 6.90232e-06, 15.0, 7.58e-10
1513108591.533046, 0.367349, 7.16749e-06, 15.0, 7.41e-10
1513108591.5790486, 0.387772, 7.19819e-06, 15.0, 7.55e-10
1513108591.6250515, 0.408176, 7.53852e-06, 15.0, 7.28e-10
1513108591.6930552, 0.428582, 8.04085e-06, 15.0, 5.19e-10
1513108591.739058, 0.448974, 8.24639e-06, 15.0, 5.82e-10
1513108591.7850604, 0.469397, 8.59502e-06, 15.0, 4.42e-10
1513108591.8330631, 0.489794, 8.86535e-06, 15.0, 6.27e-10
1513108591.8780656, 0.510199, 9.46123e-06, 15.0, 6.32e-10
1513108591.9260685, 0.530629, 9.54248e-06, 15.0, 5.63e-10
1513108591.973071, 0.551033, 9.82623e-06, 15.0, 6.8e-10
1513108592.0230742, 0.571423, 1.02841e-05, 15.0, 5.82e-10
1513108592.0690768, 0.591834, 1.03832e-05, 15.0, 5.16e-10
1513108592.1140792, 0.612244, 1.03782e-05, 15.0, 5.2e-10
1513108592.1610818, 0.632651, 1.07707e-05, 15.0, 4.51e-10
1513108592.2300858, 0.653057, 1.09955e-05, 15.0, 3.8e-10
1513108592.2760885, 0.673465, 1.12693e-05, 15.0, 4.01e-10
1513108592.3240912, 0.693876, 1.1174e-05, 15.0, 1.45e-10
1513108592.369094, 0.714262, 1.17621e-05, 15.0, 3.87e-10
1513108592.4150965, 0.734714, 1.17979e-05, 15.0, 2.95e-10
1513108592.461099, 0.755075, 1.20346e-05, 15.0, -3.9e-11
1513108592.5071018, 0.775523, 1.18419e-05, 15.0, -1.58e-10
1513108592.5531044, 0.795931, 1.27319e-05, 15.0, 1.8e-10
1513108592.600107, 0.816323, 1.30003e-05, 15.0, 3e-12
1513108592.6461096, 0.836757, 1.29122e-05, 15.0, -9.2e-10
1513108592.7141135, 0.857148, 1.27493e-05, 15.0, 4.9e-10
1513108592.7601163, 0.877569, 1.34387e-05, 15.0, 4.09e-10
1513108592.8081188, 0.898004, 1.32785e-05, 15.0, 4.38e-10
1513108592.8541214, 0.91834, 1.40626e-05, 15.0, 3.75e-10
1513108592.900124, 0.938761, 1.413e-05, 15.0, 2.49e-10
1513108592.946127, 0.959147, 1.41215e-05, 15.0, 3.45e-10
1513108592.9921296, 0.979645, 1.43808e-05, 15.0, 5.73e-10
1513108593.037132, 0.99999, 1.51653e-05, 15.0, 3.12e-10
1513108593.0801344, 0.999967, 1.50776e-05, 15.0, 3.99e-10
1513108593.1221368, 1.000029, 1.50932e-05, 15.0, 3.96e-10
1513108593.1641393, 1.000009, 1.474e-05, 15.0, 4.68e-10
1513108593.2191424, 0.999984, 1.509e-05, 15.0, 5.32e-10
1513108593.2611449, 1.0, 1.45758e-05, 15.0, 5.22e-10
1513108593.3021472, 1.00004, 1.45214e-05, 15.0, 5.2e-10
1513108593.3471498, 1.000022, 1.45831e-05, 15.0, 5.43e-10
1513108593.3891523, 1.000015, 1.51071e-05, 15.0, 5.47e-10
1513108593.4321547, 0.999969, 1.4892e-05, 15.0, 5.63e-10
1513108593.474157, 0.999995, 1.5426e-05, 15.0, 5.29e-10
1513108593.5171595, 1.000042, 1.47967e-05, 15.0, 5e-10
1513108593.5621622, 0.999992, 1.4852e-05, 15.0, 5.19e-10
1513108593.6041646, 0.999999, 1.53252e-05, 15.0, 5.19e-10
1513108593.6451669, 1.000034, 1.51901e-05, 15.0, 5.1e-10
1513108593.6871693, 0.999994, 1.51117e-05, 15.0, 5.55e-10
1513108593.7531729, 0.999995, 1.54451e-05, 15.0, 4.93e-10
1513108593.7941751, 1.000006, 1.52555e-05, 15.0, 5.36e-10
1513108593.842178, 0.999974, 1.53789e-05, 15.0, 5.15e-10
1513108593.8841805, 0.999992, 1.54677e-05, 15.0, 5.43e-10
1513108593.926183, 1.000008, 1.54273e-05, 15.0, 5.28e-10
1513108593.9691854, 1.000003, 1.54397e-05, 15.0, 4.91e-10
1513108594.012188, 0.999997, 1.58354e-05, 15.0, 5.06e-10
1513108594.0541902, 0.999997, 1.58947e-05, 15.0, 5.01e-10
1513108594.0961926, 0.999988, 1.5218e-05, 15.0, 4.35e-10
1513108594.138195, 0.999941, 1.53379e-05, 15.0, 5.32e-10
1513108594.1801975, 1.000002, 1.54128e-05, 15.0, 4.88e-10
1513108594.2362008, 0.999956, 1.53634e-05, 15.0, 4.16e-10
1513108594.2782028, 0.999991, 1.56154e-05, 15.0, 4.76e-10
1513108594.3202052, 0.999995, 1.54309e-05, 15.0, 5.34e-10
1513108594.3652081, 1.000005, 1.55428e-05, 15.0, 4.98e-10
1513108594.4062104, 1.000015, 1.52352e-05, 15.0, 4.65e-10
1513108594.449213, 0.999972, 1.51241e-05, 15.0, 4.5e-10
1513108594.4922154, 0.999993, 1.57777e-05, 15.0, 4.62e-10
1513108594.5352178, 0.999969, 1.55539e-05, 15.0, 4.42e-10
1513108594.5772202, 0.999994, 1.56045e-05, 15.0, 4.9e-10
1513108594.6182225, 1.000009, 1.54235e-05, 15.0, 4.73e-10
1513108594.660225, 0.999991, 1.58197e-05, 15.0, 4.25e-10
1513108594.702227, 0.99999, 1.56759e-05, 15.0, 4.39e-10
1513108594.767231, 0.999992, 1.5775e-05, 15.0, 4.18e-10
1513108594.8082333, 1.000002, 1.58597e-05, 15.0, 4.89e-10
1513108594.8502357, 1.00004, 1.58153e-05, 15.0, 4.76e-10
1513108594.8922381, 1.000041, 1.57735e-05, 15.0, 4.6e-10
1513108594.9342406, 1.000068, 1.55534e-05, 15.0, 4.52e-10
1513108594.977243, 0.999979, 1.55637e-05, 15.0, 4.46e-10
1513108595.0192454, 1.000023, 1.65539e-05, 15.0, 4.14e-10
1513108595.0612478, 0.999998, 1.6493e-05, 15.0, 4.65e-10
1513108595.1032503, 1.000002, 1.68069e-05, 15.0, 4.98e-10
1513108595.1472528, 0.999966, 1.62108e-05, 15.0, 4.31e-10
1513108595.188255, 0.999988, 1.59783e-05, 15.0, 5.06e-10
1513108595.2512586, 0.99996, 1.62335e-05, 15.0, 4.35e-10
1513108595.293261, 1.000032, 1.58079e-05, 15.0, 4.98e-10
1513108595.3382635, 1.020417, 1.64032e-05, 15.0, 2.64e-10
1513108595.3862665, 1.040788, 1.63719e-05, 15.0, 2.22e-10
1513108595.4312692, 1.061198, 1.67622e-05, 15.0, 1.77e-10
1513108595.4772716, 1.081659, 1.71777e-05, 15.0, 1.07e-10
1513108595.524274, 1.101983, 1.75412e-05, 15.0, 1.91e-10
1513108595.5692768, 1.12247, 1.73018e-05, 15.0, 1.62e-10
1513108595.6152797, 1.142845, 1.74865e-05, 15.0, 1.45e-10
1513108595.6672823, 1.163159, 1.8276e-05, 15.0, 3.6e-10
1513108595.712285, 1.183756, 1.81335e-05, 15.0, 3.45e-10
1513108595.7812889, 1.204168, 1.77752e-05, 15.0, 4.18e-10
1513108595.8272917, 1.224518, 1.84433e-05, 15.0, 3.16e-10
1513108595.8762944, 1.244897, 1.90124e-05, 15.0, 3.38e-10
1513108595.922297, 1.265323, 1.86237e-05, 15.0, 1e-12
1513108595.9692998, 1.285689, 1.87473e-05, 15.0, -1.61e-10
1513108596.0153024, 1.306129, 1.87599e-05, 15.0, 6.5e-11
1513108596.062305, 1.326511, 1.9469e-05, 15.0, 1.85e-10
1513108596.1083076, 1.346956, 2.00844e-05, 15.0, 2.44e-10
1513108596.1553104, 1.367349, 1.96898e-05, 15.0, 2.07e-10
1513108596.201313, 1.387761, 2.03902e-05, 15.0, 1.6e-10
1513108596.2653167, 1.408177, 2.0954e-05, 15.0, -1.21e-10
1513108596.3113194, 1.428545, 2.13425e-05, 15.0, 2.78e-10
1513108596.358322, 1.449005, 2.12819e-05, 15.0, -3.01e-10
1513108596.4043245, 1.469386, 2.14499e-05, 15.0, 1.59e-10
1513108596.449327, 1.489805, 2.23657e-05, 15.0, 7.6e-11
1513108596.49633, 1.510227, 2.2242e-05, 15.0, 3.07e-10
1513108596.5423324, 1.530621, 2.2318e-05, 15.0, 1.97e-10
1513108596.587335, 1.551011, 2.27373e-05, 15.0, 1.22e-10
1513108596.6333375, 1.571428, 2.31099e-05, 15.0, 2.25e-10
1513108596.6793404, 1.591831, 2.40599e-05, 15.0, -5.1e-11
1513108596.725343, 1.61222, 2.37384e-05, 15.0, 6e-12
1513108596.793347, 1.632615, 2.40799e-05, 15.0, 1.42e-10
1513108596.8383493, 1.653055, 2.43099e-05, 15.0, 2.35e-10
1513108596.886352, 1.673515, 2.58331e-05, 15.0, 3.27e-10
1513108596.932355, 1.693894, 2.562e-05, 15.0, 2.53e-10
1513108596.9793575, 1.714255, 2.50063e-05, 15.0, 1.36e-10
1513108597.02536, 1.73469, 2.59476e-05, 15.0, -4e-11
1513108597.0713627, 1.755137, 2.55914e-05, 15.0, 4.8e-11
1513108597.1173656, 1.775578, 2.64583e-05, 15.0, -2.51e-10
1513108597.163368, 1.795912, 2.69262e-05, 15.0, 2.38e-10
1513108597.2093706, 1.816387, 2.69527e-05, 15.0, 2.61e-10
1513108597.2773747, 1.836742, 2.71956e-05, 15.0, 2.94e-10
1513108597.3233771, 1.857166, 2.79031e-05, 15.0, -3.2e-11
1513108597.3683798, 1.877555, 2.84821e-05, 15.0, 2.72e-10
1513108597.4143822, 1.897944, 2.83399e-05, 15.0, 1.52e-10
1513108597.460385, 1.91837, 2.94883e-05, 15.0, 7e-12
1513108597.5073876, 1.938769, 3.02139e-05, 15.0, 2.02e-10
1513108597.5533903, 1.959186, 3.05416e-05, 15.0, 2.8e-11
1513108597.5993931, 1.979591, 3.07467e-05, 15.0, 2.86e-10
1513108597.6443956, 1.999996, 3.09532e-05, 15.0, -2.15e-10
1513108597.686398, 1.999974, 3.20563e-05, 15.0, 1.28e-10
1513108597.7294004, 1.999997, 3.1669e-05, 15.0, 2.42e-10
1513108597.7794032, 1.999958, 3.17913e-05, 15.0, 1.82e-10
1513108597.8214056, 1.999976, 3.20861e-05, 15.0, 1.86e-10
1513108597.863408, 2.000009, 3.15591e-05, 15.0, 8e-11
1513108597.9074106, 2.000021, 3.15173e-05, 15.0, 3.21e-10
1513108597.949413, 1.999969, 3.14643e-05, 15.0, 3.23e-10
1513108597.9924154, 1.999999, 3.2307e-05, 15.0, 4.18e-10
1513108598.0344179, 2.000017, 3.14846e-05, 15.0, 2.75e-10
1513108598.0754201, 1.999983, 3.18852e-05, 15.0, 4.09e-10
1513108598.1174226, 1.999997, 3.21578e-05, 15.0, 3.43e-10
1513108598.159425, 2.000022, 3.2104e-05, 15.0, 3.9e-10
1513108598.2004275, 1.999945, 3.22086e-05, 15.0, 2.65e-10
1513108598.24343, 1.999993, 3.22455e-05, 15.0, 4.38e-10
1513108598.3084333, 1.999974, 3.30031e-05, 15.0, 3.92e-10
1513108598.3504357, 2.000009, 3.25162e-05, 15.0, 2.46e-10
1513108598.3924382, 1.999994, 3.28174e-05, 15.0, 4.38e-10
1513108598.4344406, 1.999981, 3.30922e-05, 15.0, 2.6e-10
1513108598.476443, 1.999997, 3.34023e-05, 15.0, 3.71e-10
1513108598.5234458, 2.0, 3.31913e-05, 15.0, 3.28e-10
1513108598.5654483, 2.000016, 3.30093e-05, 15.0, 3.18e-10
1513108598.6064508, 1.999971, 3.31758e-05, 15.0, 3.28e-10
1513108598.6484532, 1.999982, 3.28534e-05, 15.0, 2.31e-10
1513108598.6904552, 1.999996, 3.33998e-05, 15.0, 3.39e-10
1513108598.7324576, 1.99996, 3.29515e-05, 15.0, 3.56e-10
1513108598.7924614, 2.00005, 3.32853e-05, 15.0, 2.58e-10
1513108598.8344636, 1.999939, 3.326e-05, 15.0, 2.11e-10
1513108598.876466, 1.999921, 3.3939e-05, 15.0, 2.93e-10
1513108598.9214687, 2.000016, 3.32985e-05, 15.0, 2.96e-10
1513108598.9634712, 1.999945, 3.3254e-05, 15.0, 3.08e-10
1513108599.0064735, 1.999987, 3.31389e-05, 15.0, 3.69e-10
1513108599.050476, 1.999976, 3.34122e-05, 15.0, 4.84e-10
1513108599.0924785, 1.99995, 3.37062e-05, 15.0, 2.49e-10
1513108599.134481, 1.999966, 3.39021e-05, 15.0, 2.79e-10
1513108599.1754832, 2.000022, 3.37511e-05, 15.0, 4.49e-10
1513108599.2174857, 1.99999, 3.32267e-05, 15.0, 2.6e-10
1513108599.259488, 2.000002, 3.34279e-05, 15.0, 5.41e-10
1513108599.3254917, 2.000043, 3.33565e-05, 15.0, 2.7e-10
1513108599.3724942, 1.999972, 3.29384e-05, 15.0, 3.06e-10
1513108599.416497, 1.999955, 3.34896e-05, 15.0, 3.41e-10
1513108599.4604995, 1.99996, 3.32984e-05, 15.0, 3.75e-10
1513108599.503502, 2.000023, 3.34559e-05, 15.0, 3.89e-10
1513108599.5465043, 1.999989, 3.36869e-05, 15.0, 3.32e-10
1513108599.5885067, 2.000006, 3.38267e-05, 15.0, 3.67e-10
1513108599.6295092, 1.99996, 3.34105e-05, 15.0, 2.04e-10
1513108599.6725116, 2.00006, 3.27099e-05, 15.0, 4.3e-10
1513108599.714514, 1.999988, 3.33914e-05, 15.0, 3.22e-10
1513108599.7575164, 1.999995, 3.41254e-05, 15.0, 3.48e-10
1513108599.8095193, 2.000032, 3.39356e-05, 15.0, 4.03e-10
1513108599.8515217, 2.000014, 3.44029e-05, 15.0, 4.16e-10
1513108599.8935242, 2.00002, 3.42455e-05, 15.0, 3.7e-10
1513108599.9475274, 2.020366, 3.3978e-05, 15.0, 1.2e-10
1513108599.9925299, 2.040835, 3.42399e-05, 15.0, 1.49e-10
1513108600.0395327, 2.061246, 3.41179e-05, 15.0, -1.25e-10
1513108600.0855353, 2.081625, 3.47833e-05, 15.0, 2.93e-10
1513108600.131538, 2.10209, 3.48233e-05, 15.0, 8.5e-11
1513108600.1775403, 2.12247, 3.62624e-05, 15.0, 3.3e-11
1513108600.222543, 2.14287, 3.50051e-05, 15.0, 1.5e-10
1513108600.2695458, 2.16329, 3.59727e-05, 15.0, 1.1e-10
1513108600.3385496, 2.18371, 3.57522e-05, 15.0, 1.68e-10
1513108600.3845522, 2.20407, 3.67369e-05, 15.0, 3.17e-10
1513108600.432555, 2.22445, 3.73639e-05, 15.0, 3.01e-10
1513108600.4785576, 2.2449, 3.72536e-05, 15.0, 1.09e-10
1513108600.5235603, 2.2653, 3.71276e-05, 15.0, 1.72e-10
1513108600.569563, 2.28576, 3.74122e-05, 15.0, -1.28e-10
1513108600.6155655, 2.30607, 3.81478e-05, 15.0, 2.36e-10
1513108600.661568, 2.32649, 3.79824e-05, 15.0, 7e-12
1513108600.709571, 2.34693, 3.86975e-05, 15.0, 1.2e-10
1513108600.7545733, 2.36726, 3.97244e-05, 15.0, -1.1e-10
1513108600.8235774, 2.38774, 3.89635e-05, 15.0, -4.2e-11
1513108600.8715801, 2.40821, 3.96899e-05, 15.0, -1.6e-11
1513108600.9175828, 2.42856, 4.01296e-05, 15.0, -1.71e-10
1513108600.9645855, 2.44903, 4.02221e-05, 15.0, -8.2e-11
1513108601.0105882, 2.46941, 4.03743e-05, 15.0, 5.9e-11
1513108601.0575907, 2.4898, 4.10029e-05, 15.0, 4.7e-11
1513108601.1095939, 2.51022, 4.0873e-05, 15.0, -2.6e-11
1513108601.1555963, 2.53071, 4.17508e-05, 15.0, 2.1e-11
1513108601.201599, 2.55097, 4.24395e-05, 15.0, 2.61e-10
1513108601.2486017, 2.57142, 4.34247e-05, 15.0, 2.9e-11
1513108601.2946043, 2.59179, 4.30628e-05, 14.99999, -4.3e-11
1513108601.3646083, 2.61232, 4.34311e-05, 15.0, 4.08e-10
1513108601.412611, 2.63255, 4.45344e-05, 15.0, 2.52e-10
1513108601.461614, 2.65309, 4.38254e-05, 15.0, 5.68e-10
1513108601.5076165, 2.67346, 4.55109e-05, 15.0, -2e-10
1513108601.5536191, 2.69395, 4.47547e-05, 15.0, 1.8e-10
1513108601.5996218, 2.71424, 4.66869e-05, 15.0, 3.26e-10
1513108601.6456244, 2.73466, 4.58557e-05, 15.0, 4.15e-10
1513108601.691627, 2.75507, 4.69972e-05, 15.0, 3.96e-10
1513108601.7366295, 2.7755, 4.66515e-05, 15.0, 1.98e-10
1513108601.782632, 2.79589, 4.74336e-05, 15.0, 1.73e-10
1513108601.848636, 2.8163, 4.73688e-05, 15.0, -1.23e-10
1513108601.8956387, 2.83674, 4.88213e-05, 15.0, 3.57e-10
1513108601.9436417, 2.8572, 4.79413e-05, 15.0, 1.4e-11
1513108601.9886441, 2.87761, 4.87764e-05, 15.0, 3.58e-10
1513108602.0346467, 2.89801, 4.99878e-05, 15.0, -1.65e-10
1513108602.0806491, 2.91837, 4.99852e-05, 15.0, 1.35e-10
1513108602.126652, 2.9388, 5.03655e-05, 15.0, -2.19e-10
1513108602.1726546, 2.95923, 5.03359e-05, 15.0, -9.2e-11
1513108602.2196572, 2.97954, 5.05949e-05, 15.0, 6.8e-11
1513108602.2646596, 3.0, 5.09043e-05, 15.0, 1.17e-10
1513108602.306662, 3.00001, 5.14046e-05, 15.0, 5e-11
1513108602.3726661, 3.00002, 5.03235e-05, 15.0, -1.76e-10
1513108602.4146683, 3.00001, 5.05602e-05, 15.0, 4.75e-10
1513108602.4566708, 2.99993, 5.04944e-05, 15.0, 2.55e-10
1513108602.4996734, 3.00006, 5.06791e-05, 15.0, 2.5e-11
1513108602.5416758, 2.99994, 5.08472e-05, 15.0, 7e-11
1513108602.5846782, 3.00001, 5.09221e-05, 15.0, 1.89e-10
1513108602.6266806, 2.99998, 5.09837e-05, 15.0, 1.29e-10
1513108602.669683, 3.00003, 5.03726e-05, 15.0, 3.93e-10
1513108602.7116854, 2.99997, 5.10883e-05, 15.0, 1.7e-10
1513108602.7536879, 2.99998, 5.0555e-05, 15.0, 3.22e-10
1513108602.7956903, 3.00002, 5.18252e-05, 15.0, 3.36e-10
1513108602.8566937, 2.99992, 5.06719e-05, 15.0, 2.87e-10
1513108602.8986962, 3.00002, 5.02544e-05, 15.0, 8.9e-11
1513108602.9396985, 3.00007, 5.11676e-05, 15.0, 4.57e-10
1513108602.985701, 2.99998, 5.19016e-05, 15.0, 2.91e-10
1513108603.0287035, 2.99996, 5.19885e-05, 15.0, 8.59e-10
1513108603.070706, 3.00001, 5.07014e-05, 15.0, 1.22e-10
1513108603.1127083, 3.0, 5.11048e-05, 15.0, 3.68e-10
1513108603.1547108, 2.99995, 5.11206e-05, 15.0, 1.72e-10
1513108603.1967132, 2.99994, 5.08243e-05, 15.0, 2.35e-10
1513108603.2387154, 2.99996, 5.17779e-05, 15.0, 5.19e-10
1513108603.2807178, 3.0, 5.11744e-05, 15.0, 2.94e-10
1513108603.3227203, 2.99998, 5.11415e-05, 15.0, 1.31e-10
1513108603.386724, 3.00002, 5.19257e-05, 15.0, 2.04e-10
1513108603.4287262, 2.99995, 5.06292e-05, 15.0, 2.76e-10
1513108603.4707286, 2.99998, 5.10175e-05, 15.0, -7.8e-11
1513108603.512731, 3.00003, 5.21954e-05, 15.0, 5.6e-11
1513108603.5547335, 2.99998, 5.14504e-05, 15.0, 4.07e-10
1513108603.6257377, 3.00004, 5.2726e-05, 15.0, 3.67e-10
1513108603.66774, 2.99996, 5.38008e-05, 15.0, 2.83e-10
1513108603.7097425, 2.99999, 5.28842e-05, 15.0, 2.26e-10
1513108603.7507448, 3.00002, 5.27018e-05, 15.0, 3.03e-10
1513108603.7927473, 3.00003, 5.25362e-05, 15.0, 2.02e-10
1513108603.8347497, 3.00003, 5.21327e-05, 15.0, 1.61e-10
1513108603.8997533, 3.00001, 5.25344e-05, 15.0, 3.96e-10
1513108603.9417555, 2.99999, 5.23318e-05, 15.0, 4.46e-10
1513108603.983758, 3.0, 5.17353e-05, 15.0, 1.68e-10
1513108604.0247605, 2.99994, 5.25169e-05, 15.0, 4.9e-10
1513108604.066763, 2.99997, 5.16284e-05, 15.0, 1.18e-10
1513108604.117766, 3.00006, 5.11149e-05, 15.0, 4.57e-10
1513108604.1597683, 2.99999, 5.17505e-05, 15.0, 1.49e-10
1513108604.2027707, 3.00001, 5.17891e-05, 15.0, 4.23e-10
1513108604.245773, 3.00002, 5.10769e-05, 15.0, 7.2e-11
1513108604.2877755, 2.99999, 5.16697e-05, 15.0, 3.11e-10
1513108604.329778, 2.99996, 5.08421e-05, 15.0, 2.76e-10
1513108604.382781, 2.99993, 5.15735e-05, 15.0, 2.75e-10
1513108604.4257834, 3.0, 5.21821e-05, 15.0, 2.31e-10
1513108604.4677858, 2.99996, 5.26603e-05, 15.0, 3.3e-10
1513108604.5117884, 3.0, 5.22799e-05, 15.0, 3.75e-10
1513108604.555791, 3.00002, 5.29694e-05, 15.0, 1.65e-10
1513108604.6017935, 3.0204, 5.281e-05, 15.0, 9e-12
1513108604.646796, 3.04086, 5.34593e-05, 15.0, 3.19e-10
1513108604.6927986, 3.06117, 5.39464e-05, 15.0, 2.54e-10
1513108604.7378013, 3.08168, 5.43022e-05, 15.0, 5.5e-11
1513108604.783804, 3.10203, 5.45211e-05, 15.0, 4.32e-10
1513108604.8308065, 3.12241, 5.25004e-05, 15.0, -1.3e-10
1513108604.8928099, 3.14285, 5.36401e-05, 15.0, 4.04e-10
1513108604.941813, 3.16328, 5.48891e-05, 15.0, 3.12e-10
1513108604.9898157, 3.18368, 5.41845e-05, 15.0, 2.73e-10
1513108605.0348184, 3.20408, 5.42959e-05, 15.0, 3.4e-10
1513108605.080821, 3.22443, 5.60757e-05, 15.0, 3.29e-10
1513108605.1268234, 3.24484, 5.565e-05, 15.0, 3.41e-10
1513108605.172826, 3.26531, 5.51632e-05, 15.0, -7.1e-11
1513108605.2198288, 3.28578, 5.48423e-05, 15.0, 4.14e-10
1513108605.2648315, 3.30607, 5.5339e-05, 15.0, 1.85e-10
1513108605.310834, 3.32651, 5.56373e-05, 15.0, 2.35e-10
1513108605.3588367, 3.34691, 5.48693e-05, 15.0, 3.05e-10
1513108605.4568424, 3.36726, 5.63561e-05, 15.0, 2.14e-10
1513108605.5028448, 3.38778, 5.71783e-05, 15.0, 1.65e-10
1513108605.5498478, 3.40819, 5.74626e-05, 15.0, 4.42e-10
1513108605.5978506, 3.4286, 5.76269e-05, 15.0, 2.89e-10
1513108605.642853, 3.44898, 5.72564e-05, 15.0, 1.74e-10
1513108605.6908557, 3.46932, 5.77627e-05, 15.0, 3.71e-10
1513108605.7358584, 3.4897, 5.81286e-05, 15.0, 2.99e-10
1513108605.781861, 3.51022, 5.83009e-05, 14.99999, 5e-12
1513108605.8268635, 3.53062, 5.77254e-05, 15.0, 1.99e-10
1513108605.9098682, 3.55107, 5.67287e-05, 15.0, 2.24e-10
1513108605.9568708, 3.57141, 5.856e-05, 15.0, 2.94e-10
1513108606.0048738, 3.5918, 5.83792e-05, 15.0, 1.97e-10
1513108606.0498762, 3.61227, 5.86537e-05, 15.0, 2.84e-10
1513108606.0958788, 3.63257, 5.79275e-05, 15.0, 5.03e-10
1513108606.1418817, 3.65301, 5.98519e-05, 15.0, 5.48e-10
1513108606.1888843, 3.67346, 6.09092e-05, 15.0, 5.04e-10
1513108606.2338867, 3.69389, 6.10854e-05, 15.0, 2.59e-10
1513108606.2798893, 3.71432, 6.06318e-05, 15.0, 5.6e-11
1513108606.3248918, 3.73476, 6.13256e-05, 15.0, 5.6e-11
1513108606.3978963, 3.75501, 6.12836e-05, 15.0, 2.96e-10
1513108606.443899, 3.7756, 6.31219e-05, 15.0, 2.61e-10
1513108606.4909015, 3.79596, 6.2314e-05, 15.0, 2.45e-10
1513108606.536904, 3.81628, 6.22057e-05, 15.0, 4.8e-11
1513108606.5819068, 3.83679, 6.32177e-05, 15.0, 1.61e-10
1513108606.6289093, 3.85717, 6.31488e-05, 15.0, 4.31e-10
1513108606.674912, 3.87756, 6.23984e-05, 15.0, 3.98e-10
1513108606.7219148, 3.89801, 6.19098e-05, 15.0, 1.83e-10
1513108606.7669175, 3.9184, 6.23604e-05, 15.0, 6e-11
1513108606.81292, 3.93878, 6.3004e-05, 14.99999, -1.54e-10
1513108606.8589225, 3.95915, 6.396e-05, 15.0, 8.3e-11
1513108606.9279265, 3.9796, 6.426e-05, 15.0, 1.75e-10
1513108606.9759293, 4.00001, 6.39767e-05, 15.0, 2e-10
1513108607.021932, 3.99992, 6.29059e-05, 15.0, 1.02e-10
1513108607.0639343, 4.00006, 6.2453e-05, 15.0, 2.23e-10
1513108607.106937, 3.99984, 6.1553e-05, 15.0, 1.23e-10
1513108607.1499393, 3.99999, 6.41485e-05, 15.0, 2.56e-10
1513108607.1939418, 4.00006, 6.52306e-05, 15.0, 3.27e-10
1513108607.2369442, 3.99996, 6.448e-05, 15.0, 4.3e-10
1513108607.2809467, 3.99991, 6.31142e-05, 15.0, 4.97e-10
1513108607.3239493, 4.00006, 6.39089e-05, 15.0, 1.08e-10
1513108607.3659515, 3.99996, 6.45022e-05, 15.0, 2.6e-11
1513108607.4339557, 4.0, 6.48821e-05, 15.0, -1.4e-11
1513108607.477958, 3.99991, 6.40103e-05, 15.0, 1.56e-10
1513108607.5189605, 4.00001, 6.44953e-05, 15.0, 2.41e-10
1513108607.5619628, 4.0, 6.14845e-05, 15.0, 8.11e-10
1513108607.6039653, 3.99999, 5.5322e-05, 15.0, 3.86e-10
1513108607.6459677, 4.0, 5.59125e-05, 15.0, 1.83e-10
1513108607.68897, 4.00002, 5.58951e-05, 15.0, 2.71e-10
1513108607.7319727, 4.00003, 5.58859e-05, 15.0, 2.24e-10
1513108607.775975, 4.00009, 5.47896e-05, 15.0, 1.51e-10
1513108607.8179774, 3.99997, 5.63421e-05, 15.0, 3.03e-10
1513108607.85898, 4.00002, 5.54367e-05, 15.0, 7.3e-11
1513108607.9159832, 4.00005, 5.61336e-05, 15.0, 4.01e-10
1513108607.9579856, 3.99998, 5.67058e-05, 15.0, 3.62e-10
1513108608.000988, 4.0, 5.59244e-05, 15.0, 1.96e-10
1513108608.0449905, 4.00002, 5.5948e-05, 15.0, 3.58e-10
1513108608.087993, 4.00002, 5.64354e-05, 15.0, -1.02e-10
1513108608.1309955, 4.00007, 5.71582e-05, 15.0, 4.76e-10
1513108608.1739979, 3.99993, 5.66341e-05, 15.0, 3.12e-10
1513108608.2160003, 4.00005, 5.67657e-05, 15.0, 5.09e-10
1513108608.2570026, 3.99998, 5.63345e-05, 15.0, 3.73e-10
1513108608.299005, 3.99994, 5.74298e-05, 15.0, 1.56e-10
1513108608.3410075, 4.00001, 5.66895e-05, 15.0, 6.05e-10
1513108608.38301, 3.99999, 5.71847e-05, 15.0, 1.3e-11
1513108608.4470134, 4.00001, 5.74273e-05, 15.0, 2.65e-10
1513108608.4890158, 4.00001, 5.68575e-05, 15.0, 8e-11
1513108608.5320182, 3.99998, 5.66007e-05, 15.0, 1.6e-11
1513108608.5740206, 4.00001, 5.74559e-05, 14.99999, 4.39e-10
1513108608.616023, 4.00004, 5.71757e-05, 15.0, -3e-12
1513108608.6580255, 4.00001, 5.75611e-05, 15.0, 6.7e-11
1513108608.700028, 3.99994, 5.68982e-05, 15.0, 2.4e-11
1513108608.7680318, 4.00001, 5.74632e-05, 15.0, 3.74e-10
1513108608.8110342, 4.0, 5.76796e-05, 15.0, 3.03e-10
1513108608.856037, 4.00004, 5.74337e-05, 15.0, 7.2e-11
1513108608.9010394, 4.00001, 5.69627e-05, 15.0, 2.74e-10
1513108608.9660432, 4.00002, 5.72996e-05, 15.0, 2.08e-10
1513108609.0090456, 4.00003, 5.67046e-05, 15.0, 2.98e-10
1513108609.051048, 4.0, 5.64769e-05, 15.0, -4.01e-10
1513108609.0940504, 3.99999, 5.71328e-05, 15.0, 3.08e-10
1513108609.137053, 4.00001, 5.73464e-05, 15.0, 3.49e-10
1513108609.1790555, 3.99996, 5.70079e-05, 15.0, 3.08e-10
1513108609.223058, 3.99998, 5.73707e-05, 15.0, -1.58e-10
1513108609.2650602, 4.0, 5.77514e-05, 15.0, 4e-10
1513108609.3220637, 4.02034, 5.76242e-05, 15.0, 2.81e-10
1513108609.368066, 4.04078, 5.7558e-05, 15.0, 3.05e-10
1513108609.4130688, 4.06124, 5.82935e-05, 15.0, 1.35e-10
1513108609.4820726, 4.08168, 5.78341e-05, 15.0, 3.45e-10
1513108609.5280752, 4.10205, 5.80752e-05, 15.0, 1.6e-10
1513108609.577078, 4.12242, 5.87217e-05, 15.0, 3e-10
1513108609.6230807, 4.14291, 5.83637e-05, 15.0, 2.47e-10
1513108609.6700833, 4.1633, 5.77493e-05, 15.0, 4.5e-11
1513108609.716086, 4.18366, 5.84692e-05, 15.0, 1.89e-10
1513108609.7700891, 4.20416, 5.89481e-05, 15.0, 3.15e-10
1513108609.817092, 4.22451, 5.9485e-05, 15.0, 1.76e-10
1513108609.8630943, 4.24488, 5.97629e-05, 15.0, 3.54e-10
1513108609.9140973, 4.26531, 5.92569e-05, 15.0, 3e-11
1513108609.9661002, 4.28575, 5.88718e-05, 15.0, 4.24e-10
1513108610.0121028, 4.30609, 5.87203e-05, 15.0, 1.33e-10
1513108610.0601058, 4.32647, 5.99809e-05, 15.0, 2.41e-10
1513108610.1071084, 4.34693, 6.10005e-05, 14.99999, 1.28e-10
1513108610.153111, 4.36734, 6.02308e-05, 15.0, 3.4e-10
1513108610.1991138, 4.38781, 6.07359e-05, 15.0, 8.66e-10
1513108610.2451165, 4.40821, 6.18483e-05, 14.99999, 3.32e-10
1513108610.290119, 4.42857, 6.14637e-05, 15.0, 1.252e-09
1513108610.3361216, 4.44901, 3.90442e-05, 15.0, 3.51e-10
