{"runType": "AutoStaticBias", "Identifiers": {"user":"stevenjay", "project":"BiasStress1", "wafer":"C127", "chip":"X", "device":"15-16", "step":12}, "runConfigs":{"AutoStaticBias": {"numberOfStaticBiases": 24, "applyGateSweepBetweenBiases":true}, "StaticBias": {"totalBiasTime": 3600, "gateVoltageSetPoint": -15, "drainVoltageSetPoint": -0.5}}}
{"runType": "AutoStaticBias", "Identifiers": {"user":"stevenjay", "project":"BiasStress1", "wafer":"C127", "chip":"X", "device":"15-16", "step":12}, "runConfigs":{"AutoStaticBias": {"numberOfStaticBiases": 24, "applyGateSweepBetweenBiases":true}, "StaticBias": {"totalBiasTime": 3600, "gateVoltageSetPoint": -15, "drainVoltageSetPoint": -0.5}}}
{"runType": "AutoStaticBias", "Identifiers": {"user":"stevenjay", "project":"BiasStress1", "wafer":"C127", "chip":"X", "device":"15-16", "step":12}, "runConfigs":{"AutoStaticBias": {"numberOfStaticBiases": 24, "applyGateSweepBetweenBiases":true}, "StaticBias": {"totalBiasTime": 3600, "gateVoltageSetPoint": -15, "drainVoltageSetPoint": -0.5}}}
{"runType": "AutoStaticBias", "Identifiers": {"user":"stevenjay", "project":"BiasStress1", "wafer":"C127", "chip":"X", "device":"15-16", "step":12}, "runConfigs":{"AutoStaticBias": {"numberOfStaticBiases": 24, "applyGateSweepBetweenBiases":true}, "StaticBias": {"totalBiasTime": 3600, "gateVoltageSetPoint": -15, "drainVoltageSetPoint": -0.5}}}
{"runType": "AutoStaticBias", "Identifiers": {"user":"stevenjay", "project":"BiasStress1", "wafer":"C127", "chip":"X", "device":"15-16", "step":12}, "runConfigs":{"AutoStaticBias": {"numberOfStaticBiases": 24, "applyGateSweepBetweenBiases":true}, "StaticBias": {"totalBiasTime": 3600, "gateVoltageSetPoint": -15, "drainVoltageSetPoint": -0.5}}}
{"runType": "AutoStaticBias", "Identifiers": {"user":"stevenjay", "project":"BiasStress1", "wafer":"C127", "chip":"X", "device":"15-16", "step":12}, "runConfigs":{"AutoStaticBias": {"numberOfStaticBiases": 24, "applyGateSweepBetweenBiases":true}, "StaticBias": {"totalBiasTime": 3600, "gateVoltageSetPoint": -15, "drainVoltageSetPoint": -0.5}}}
{"runType": "AutoStaticBias", "Identifiers": {"user":"stevenjay", "project":"BiasStress1", "wafer":"C127", "chip":"X", "device":"15-16", "step":12}, "runConfigs":{"AutoStaticBias": {"numberOfStaticBiases": 24, "applyGateSweepBetweenBiases":true}, "StaticBias": {"totalBiasTime": 3600, "gateVoltageSetPoint": -15, "drainVoltageSetPoint": -0.5}}}
{"runType": "AutoStaticBias", "Identifiers": {"user":"stevenjay", "project":"BiasStress1", "wafer":"C127", "chip":"X", "device":"15-16", "step":12}, "runConfigs":{"AutoStaticBias": {"numberOfStaticBiases": 24, "applyGateSweepBetweenBiases":true}, "StaticBias": {"totalBiasTime": 3600, "gateVoltageSetPoint": -15, "drainVoltageSetPoint": -0.5}}}
{"runType": "AutoStaticBias", "Identifiers": {"user":"stevenjay", "project":"BiasStress1", "wafer":"C127", "chip":"X", "device":"15-16", "step":12}, "runConfigs":{"AutoStaticBias": {"numberOfStaticBiases": 24, "applyGateSweepBetweenBiases":true}, "StaticBias": {"totalBiasTime": 3600, "gateVoltageSetPoint": -15, "drainVoltageSetPoint": -0.5}}}
{"runType": "AutoStaticBias", "Identifiers": {"user":"stevenjay", "project":"BiasStress1", "wafer":"C127", "chip":"X", "device":"15-16", "step":12}, "runConfigs":{"AutoStaticBias": {"numberOfStaticBiases": 24, "applyGateSweepBetweenBiases":true}, "StaticBias": {"totalBiasTime": 3600, "gateVoltageSetPoint": -15, "drainVoltageSetPoint": -0.5}}}
{"runType": "AutoStaticBias", "Identifiers": {"user":"stevenjay", "project":"BiasStress1", "wafer":"C127", "chip":"X", "device":"15-16", "step":12}, "runConfigs":{"AutoStaticBias": {"numberOfStaticBiases": 24, "applyGateSweepBetweenBiases":true}, "StaticBias": {"totalBiasTime": 3600, "gateVoltageSetPoint": -15, "drainVoltageSetPoint": -0.5}}}
{"runType": "AutoStaticBias", "Identifiers": {"user":"stevenjay", "project":"BiasStress1", "wafer":"C127", "chip":"X", "device":"15-16", "step":12}, "runConfigs":{"AutoStaticBias": {"numberOfStaticBiases": 24, "applyGateSweepBetweenBiases":true}, "StaticBias": {"totalBiasTime": 3600, "gateVoltageSetPoint": -15, "drainVoltageSetPoint": -0.5}}}
{"runType": "AutoStaticBias", "Identifiers": {"user":"stevenjay", "project":"BiasStress1", "wafer":"C127", "chip":"X", "device":"15-16", "step":12}, "runConfigs":{"AutoStaticBias": {"numberOfStaticBiases": 24, "applyGateSweepBetweenBiases":true}, "StaticBias": {"totalBiasTime": 3600, "gateVoltageSetPoint": -15, "drainVoltageSetPoint": -0.5}}}
{"runType": "AutoStaticBias", "Identifiers": {"user":"stevenjay", "project":"BiasStress1", "wafer":"C127", "chip":"X", "device":"15-16", "step":12}, "runConfigs":{"AutoStaticBias": {"numberOfStaticBiases": 24, "applyGateSweepBetweenBiases":true}, "StaticBias": {"totalBiasTime": 3600, "gateVoltageSetPoint": -15, "drainVoltageSetPoint": -0.5}}}
