 1519930428.3154387, 0.499999, 5.019e-11, -15.00001, -4.8981e-10
1519930428.3854408, 0.499999, 2.697e-11, -15.00001, -4.2418e-10
1519930428.4756165, 0.499999, 1.16e-11, -14.69697, -3.4345e-10
1519930428.6587512, 0.499999, 2.243e-11, -14.69697, -2.8636e-10
1519930428.7501793, 0.499999, 2.08e-11, -14.39395, -2.4489e-10
1519930428.8103354, 0.499999, 1.703e-11, -14.39395, -2.418e-10
1519930428.9503586, 0.499999, 1.642e-11, -14.09092, -2.0708e-10
1519930429.010366, 0.499999, 1.678e-11, -14.09092, -2.0487e-10
1519930429.100363, 0.499999, 1.617e-11, -13.78788, -1.7735e-10
1519930429.1803653, 0.499999, 1.737e-11, -13.78788, -1.8215e-10
1519930429.4104197, 0.499999, 1.525e-11, -13.48485, -1.5902e-10
1519930429.5002446, 0.499999, 1.485e-11, -13.48485, -1.6087e-10
1519930429.6104097, 0.499999, 1.416e-11, -13.18182, -1.3703e-10
1519930429.6904438, 0.499999, 1.433e-11, -13.18182, -1.4145e-10
1519930429.7904513, 0.499999, 1.408e-11, -12.8788, -1.2133e-10
1519930429.880462, 0.499999, 1.477e-11, -12.8788, -1.2888e-10
1519930429.980463, 0.499999, 1.257e-11, -12.57577, -1.078e-10
1519930430.0504742, 0.499999, 2.504e-11, -12.57577, -1.1489e-10
1519930430.1504118, 0.499999, 5.2e-12, -12.27273, -9.937e-11
1519930430.2344785, 0.499999, 1.317e-11, -12.27273, -1.0892e-10
1519930430.3647964, 0.499999, 1.124e-11, -11.9697, -8.96e-11
1519930430.4447775, 0.499999, 9.61e-12, -11.9697, -1.0294e-10
1519930430.6548238, 0.499999, 1.467e-11, -11.66668, -8.092e-11
1519930430.7447994, 0.499999, 1.043e-11, -11.66668, -9.299e-11
1519930430.8648093, 0.499999, 1.133e-11, -11.36365, -7.213e-11
1519930430.9448497, 0.499999, 1.204e-11, -11.36365, -8.442e-11
1519930431.0648134, 0.499999, 1.108e-11, -11.06061, -6.808e-11
1519930431.1448767, 0.499999, 1.035e-11, -11.06061, -7.815e-11
1519930431.264824, 0.499999, 1.077e-11, -10.75758, -5.971e-11
1519930431.3548932, 0.499999, 1.067e-11, -10.75758, -6.941e-11
1519930431.4649189, 0.499999, 1.005e-11, -10.45456, -5.129e-11
1519930431.5449197, 0.499999, 1.024e-11, -10.45456, -6.483e-11
1519930431.8029418, 0.499999, 8.18e-12, -10.15152, -4.985e-11
1519930431.9299726, 0.499999, 7.41e-12, -10.15152, -6.236e-11
1519930432.0501266, 0.499999, 1.002e-11, -9.84849, -4.608e-11
1519930432.1201093, 0.499999, 9.34e-12, -9.84849, -5.533e-11
1519930432.4300153, 0.499999, 9.29e-12, -9.54545, -5.004e-11
1519930432.5200949, 0.499999, 9.42e-12, -9.54545, -5.464e-11
1519930432.6400342, 0.499999, 9.31e-12, -9.24243, -3.492e-11
1519930432.7200456, 0.499999, 8.62e-12, -9.24243, -4.538e-11
1519930432.8301988, 0.499999, 8.35e-12, -8.93939, -2.822e-11
1519930432.930242, 0.499999, 1.034e-11, -8.93939, -4.136e-11
1519930433.0402513, 0.499999, 9.79e-12, -8.63636, -2.105e-11
1519930433.130229, 0.499999, 1.043e-11, -8.63636, -3.498e-11
1519930433.250087, 0.499999, 7.79e-12, -8.33333, -1.652e-11
1519930433.3302784, 0.499999, 9.39e-12, -8.33333, -3.24e-11
1519930433.45299, 0.499999, 7.9e-12, -8.0303, -1.276e-11
1519930433.542946, 0.499999, 8.37e-12, -8.0303, -2.656e-11
1519930433.6630046, 0.499999, 7.84e-12, -7.72727, -1.258e-11
1519930433.7629051, 0.499999, 8.08e-12, -7.72727, -2.287e-11
1519930433.9329956, 0.499999, 7.58e-12, -7.42424, -1.681e-11
1519930434.0230036, 0.499999, 7.84e-12, -7.42424, -2.216e-11
1519930434.1530194, 0.499999, 7.33e-12, -7.12122, -6.41e-12
1519930434.2330208, 0.499999, 7.87e-12, -7.12122, -1.759e-11
1519930434.37303, 0.499999, 7.03e-12, -6.81819, -2.3e-13
1519930434.4428926, 0.499999, 7.15e-12, -6.81819, -1.369e-11
1519930434.563033, 0.499999, 7.06e-12, -6.51515, 1.58e-12
1519930434.6530938, 0.499999, 7.4e-12, -6.51515, -9.01e-12
1519930434.76305, 0.499999, 6.74e-12, -6.21212, 1.027e-11
1519930434.873012, 0.499999, 6.8e-12, -6.21212, -5.6e-12
1519930434.9803731, 0.499999, 6.44e-12, -5.9091, 1.298e-11
1519930435.0703127, 0.499999, 6.91e-12, -5.9091, -2.36e-12
1519930435.180495, 0.499999, 6e-12, -5.60607, 1.624e-11
1519930435.2804883, 0.499999, 6.1e-12, -5.60607, 2.94e-12
1519930435.4105723, 0.499999, 6.56e-12, -5.30303, 1.428e-11
1519930435.5004976, 0.499999, 6.31e-12, -5.30303, 3.67e-12
1519930435.6105509, 0.499999, 5.98e-12, -5.0, 2.233e-11
1519930435.7003696, 0.499999, 6.42e-12, -5.0, 7.44e-12
1519930435.8105354, 0.499999, 5.58e-12, -4.69697, 2.719e-11
1519930435.940597, 0.499999, 6.71e-12, -4.69697, 9.59e-12
1519930436.0703998, 0.499999, 5.63e-12, -4.39394, 2.572e-11
1519930436.1505709, 0.499999, 5.38e-12, -4.39394, 1.299e-11
1519930436.2605646, 0.499999, 5.16e-12, -4.09091, 3.2e-11
1519930436.3506184, 0.499999, 5.16e-12, -4.09091, 1.681e-11
1519930436.4605873, 0.499999, 5.02e-12, -3.78789, 3.612e-11
1519930436.555716, 0.499999, 5.2e-12, -3.78789, 2.154e-11
1519930436.6756449, 0.499999, 5.03e-12, -3.48485, 3.97e-11
1519930436.7755167, 0.499999, 5.68e-12, -3.48485, 2.331e-11
1519930436.905529, 0.499999, 4.42e-12, -3.18182, 3.485e-11
1519930437.0155377, 0.499999, 5.7e-12, -3.18182, 2.52e-11
1519930437.135675, 0.499999, 4.28e-12, -2.87879, 3.881e-11
1519930437.2157404, 0.499999, 4.41e-12, -2.87879, 2.681e-11
1519930437.3257015, 0.499999, 4.33e-12, -2.57577, 4.688e-11
1519930437.4455798, 0.499999, 4.85e-12, -2.57577, 2.902e-11
1519930437.5857692, 0.499999, 4.25e-12, -2.27274, 4.714e-11
1519930437.675747, 0.499999, 4.27e-12, -2.27274, 3.318e-11
1519930437.8157012, 0.499999, 4.05e-12, -1.969697, 4.792e-11
1519930437.93578, 0.499999, 4.85e-12, -1.969697, 3.333e-11
1519930438.065631, 0.499999, 3.25e-12, -1.666668, 5.26e-11
1519930438.1471753, 0.499999, 4.37e-12, -1.666668, 3.841e-11
1519930438.2473202, 0.499999, 3.94e-12, -1.363636, 5.433e-11
1519930438.317334, 0.499999, 3.67e-12, -1.363635, 4.213e-11
1519930438.4674103, 0.499999, 3.76e-12, -1.060607, 4.88e-11
1519930438.5373914, 0.499999, 4.4e-12, -1.060607, 4.405e-11
1519930438.6373672, 0.499999, 2.22e-12, -0.757577, 6.154e-11
1519930438.727232, 0.499999, 3.6e-12, -0.757577, 4.696e-11
1519930438.857235, 0.499999, 2.63e-12, -0.454545, 6.145e-11
1519930438.9672513, 0.499999, 3.23e-12, -0.454545, 4.718e-11
1519930439.1172647, 0.499999, 3.35e-12, -0.1515153, 6.167e-11
1519930439.2074, 0.499999, 3.41e-12, -0.1515151, 5.147e-11
1519930439.3172736, 0.499999, 2.71e-12, 0.1515151, 6.658e-11
1519930439.427463, 0.499999, 3.09e-12, 0.1515151, 5.632e-11
1519930439.5574307, 0.499999, 2.62e-12, 0.454544, 6.791e-11
1519930439.6574554, 0.499999, 2.72e-12, 0.454544, 5.438e-11
1519930439.7756665, 0.499999, 2.14e-12, 0.757576, 7.397e-11
1519930439.865661, 0.499999, 2.38e-12, 0.757576, 5.762e-11
1519930439.9956768, 0.499999, 2.34e-12, 1.060605, 7.706e-11
1519930440.1055324, 0.499999, 2.81e-12, 1.060605, 5.957e-11
1519930440.2157059, 0.499999, 2.05e-12, 1.363636, 7.827e-11
1519930440.3055508, 0.499999, 2.51e-12, 1.363636, 6.443e-11
1519930440.4757445, 0.499999, 2.25e-12, 1.666666, 7.047e-11
1519930440.545755, 0.499999, 2.42e-12, 1.666666, 6.419e-11
1519930440.6555789, 0.499999, 1.52e-12, 1.969697, 7.966e-11
1519930440.735775, 0.499999, 2.07e-12, 1.969697, 6.883e-11
1519930440.8556023, 0.499999, 1.18e-12, 2.27272, 8.563e-11
1519930440.985614, 0.499999, 1.71e-12, 2.27272, 6.94e-11
1519930441.1056218, 0.499999, 1.01e-12, 2.57575, 8.645e-11
1519930441.2156327, 0.499999, 1.61e-12, 2.57575, 7.132e-11
1519930441.3209562, 0.499999, 1.36e-12, 2.87878, 8.713e-11
1519930441.4508274, 0.499999, 1.99e-12, 2.87878, 7.846e-11
1519930441.5708354, 0.499999, 1.06e-12, 3.18182, 9.093e-11
1519930441.661038, 0.499999, 1.44e-12, 3.18182, 7.754e-11
1519930441.7910256, 0.499999, 8.5e-13, 3.48485, 9.056e-11
1519930441.881034, 0.499999, 1e-12, 3.48485, 7.76e-11
1519930442.001021, 0.499999, 2.2e-13, 3.78788, 9.666e-11
1519930442.0910137, 0.499999, 1.07e-12, 3.78788, 8.218e-11
1519930442.211069, 0.499999, 2.9e-13, 4.09091, 9.935e-11
1519930442.311066, 0.499999, 1.09e-12, 4.09091, 8.554e-11
1519930442.4710722, 0.499999, 5e-13, 4.39393, 9.068e-11
1519930442.5611138, 0.499999, 1.17e-12, 4.39393, 8.486e-11
1519930442.7410693, 0.499999, 6.3e-13, 4.69696, 9.897e-11
1519930442.8366876, 0.499999, 4.8e-13, 4.69696, 8.642e-11
1519930442.9697194, 0.499999, -1.5e-13, 4.99999, 9.728e-11
1519930443.0697262, 0.499999, 3.7e-13, 4.99999, 8.74e-11
1519930443.1897373, 0.499999, -3e-14, 5.30303, 1.027e-10
1519930443.2599204, 0.499999, -1.7e-13, 5.30303, 9.407e-11
1519930443.359824, 0.499999, -4e-13, 5.60606, 1.1182e-10
1519930443.4499445, 0.499999, -1e-14, 5.60606, 9.723e-11
1519930443.5499384, 0.499999, -6.7e-13, 5.90909, 1.1409e-10
1519930443.629947, 0.499999, -2e-13, 5.90909, 1.0069e-10
1519930443.7499447, 0.499999, -6.9e-13, 6.21212, 1.1487e-10
1519930443.8597975, 0.499999, -3.4e-13, 6.21212, 9.944e-11
1519930444.0499625, 0.499999, -7.8e-13, 6.51515, 1.1165e-10
1519930444.149824, 0.499999, -4.9e-13, 6.51515, 9.958e-11
1519930444.2998323, 0.499999, -1.43e-12, 6.81817, 1.1559e-10
1519930444.3902643, 0.499999, -7.6e-13, 6.81817, 1.0293e-10
1519930444.5315447, 0.499999, -1.4e-12, 7.12121, 1.2046e-10
1519930444.6114, 0.499999, -7e-13, 7.12121, 1.0633e-10
1519930444.7115564, 0.499999, -1.63e-12, 7.42423, 1.2447e-10
1519930444.7915614, 0.499999, -1.36e-12, 7.42423, 1.0982e-10
1519930444.9015768, 0.499999, -1.46e-12, 7.72726, 1.2344e-10
1519930445.0115833, 0.499999, -1.57e-12, 7.72726, 1.0976e-10
1519930445.1314468, 0.499999, -1.86e-12, 8.0303, 1.2708e-10
1519930445.2415943, 0.499999, -1.51e-12, 8.0303, 1.1061e-10
1519930445.3616507, 0.499999, -1.96e-12, 8.33332, 1.3006e-10
1519930445.5116723, 0.499999, -1.62e-12, 8.33332, 1.1044e-10
1519930445.631636, 0.499999, -2.19e-12, 8.63635, 1.2787e-10
1519930445.7416425, 0.499999, -1.31e-12, 8.63635, 1.1465e-10
1519930445.8717027, 0.499999, -2.51e-12, 8.93938, 1.3088e-10
1519930445.96152, 0.499999, -1.87e-12, 8.93938, 1.1749e-10
1519930446.0862603, 0.499999, -2.35e-12, 9.24242, 1.3131e-10
1519930446.1862407, 0.499999, -1.79e-12, 9.24242, 1.181e-10
1519930446.3162441, 0.499999, -3.01e-12, 9.54544, 1.3636e-10
1519930446.4162548, 0.499999, -2.29e-12, 9.54544, 1.1975e-10
1519930446.5561173, 0.499999, -2.77e-12, 9.84847, 1.3711e-10
1519930446.6562757, 0.499999, -2.15e-12, 9.84847, 1.2333e-10
1519930446.8061368, 0.499999, -3.14e-12, 10.15152, 1.3622e-10
1519930446.9062958, 0.499999, -2.49e-12, 10.15152, 1.2313e-10
1519930447.0563443, 0.499999, -3.19e-12, 10.45455, 1.3684e-10
1519930447.1563513, 0.499999, -2.59e-12, 10.45455, 1.2557e-10
1519930447.2863262, 0.499999, -3.47e-12, 10.75757, 1.4192e-10
1519930447.366186, 0.499999, -3.29e-12, 10.75757, 1.2819e-10
1519930447.5263326, 0.499999, -3e-12, 11.0606, 1.367e-10
1519930447.6324475, 0.499999, -3.14e-12, 11.0606, 1.2622e-10
1519930447.7722752, 0.499999, -3.89e-12, 11.36364, 1.4441e-10
1519930447.8724384, 0.499999, -2.88e-12, 11.36364, 1.3111e-10
1519930448.0724585, 0.499999, -3.7e-12, 11.66666, 1.4252e-10
1519930448.182313, 0.499999, -3.49e-12, 11.66666, 1.3137e-10
1519930448.332533, 0.499999, -4.03e-12, 11.9697, 1.4626e-10
1519930448.4225323, 0.499999, -3.3e-12, 11.9697, 1.3361e-10
1519930448.5725288, 0.499999, -3.83e-12, 12.27273, 1.4805e-10
1519930448.682354, 0.499999, -3.8e-12, 12.27273, 1.3519e-10
1519930448.8223674, 0.499999, -4.44e-12, 12.57576, 1.5144e-10
1519930448.9723809, 0.499999, -3.47e-12, 12.57576, 1.358e-10
1519930449.112389, 0.499999, -4.24e-12, 12.87878, 1.5254e-10
1519930449.1875675, 0.499999, -4.58e-12, 12.87878, 1.3989e-10
1519930449.2976298, 0.499999, -4.91e-12, 13.18182, 1.5493e-10
1519930449.377609, 0.499999, -4.58e-12, 13.18182, 1.4428e-10
1519930449.517622, 0.499999, -4.88e-12, 13.48484, 1.5387e-10
1519930449.5976372, 0.499999, -4.64e-12, 13.48484, 1.4539e-10
1519930449.7376428, 0.499999, -5.44e-12, 13.78787, 1.5858e-10
1519930449.8576896, 0.499999, -4.63e-12, 13.78787, 1.4373e-10
1519930450.0176673, 0.499999, -5.53e-12, 14.0909, 1.5556e-10
1519930450.1377118, 0.499999, -4.76e-12, 14.0909, 1.4483e-10
1519930450.287689, 0.499999, -5.56e-12, 14.39394, 1.5967e-10
1519930450.377729, 0.499999, -5.31e-12, 14.39394, 1.4885e-10
1519930450.5377097, 0.499999, -5.71e-12, 14.69696, 1.5884e-10
1519930450.617697, 0.499999, -5.38e-12, 14.69696, 1.4906e-10
1519930450.7641256, 0.499999, -5.64e-12, 14.99999, 1.6833e-10
1519930450.9341428, 0.499999, -5.35e-12, 14.99999, 1.504e-10
1519930451.0641518, 0.499999, -5.19e-12, 14.99999, 1.427e-10
1519930451.1741583, 0.499999, -5.01e-12, 14.99999, 1.3938e-10
1519930451.3041666, 0.499999, -4.54e-12, 14.69697, 1.1281e-10
1519930451.3743856, 0.499999, -4.67e-12, 14.69697, 1.2231e-10
1519930451.5741935, 0.499999, -4.38e-12, 14.39394, 1.0775e-10
1519930451.7044535, 0.499999, -4.6e-12, 14.39394, 1.1298e-10
1519930451.8342154, 0.499999, -3.96e-12, 14.09091, 9.118e-11
1519930451.934453, 0.499999, -3.94e-12, 14.09091, 1.0272e-10
1519930452.0944402, 0.499999, -3.43e-12, 13.78788, 8.204e-11
1519930452.204454, 0.499999, -3.75e-12, 13.78788, 9.424e-11
1519930452.3315868, 0.499999, -2.54e-12, 13.48485, 7.558e-11
1519930452.4215767, 0.499999, -3.28e-12, 13.48485, 8.758e-11
1519930452.5816104, 0.499999, -2.73e-12, 13.18181, 6.894e-11
1519930452.6816015, 0.499999, -3.06e-12, 13.18181, 8.274e-11
1519930452.8514843, 0.499999, -2.85e-12, 12.87878, 6.581e-11
1519930453.0214996, 0.499999, -3.03e-12, 12.87878, 7.878e-11
1519930453.1715102, 0.499999, -2.75e-12, 12.57575, 6.178e-11
1519930453.2915194, 0.499999, -3.44e-12, 12.57575, 7.292e-11
1519930453.3916776, 0.499999, -2.32e-12, 12.27273, 5.191e-11
1519930453.4715378, 0.499999, -2.62e-12, 12.27273, 6.509e-11
1519930453.6015549, 0.499999, -2.22e-12, 11.96969, 4.672e-11
1519930453.711564, 0.499999, -2.66e-12, 11.96969, 6.314e-11
1519930453.843371, 0.499999, -2.77e-12, 11.66667, 4.555e-11
1519930453.9341204, 0.499999, -2.37e-12, 11.66667, 5.824e-11
1519930454.0942686, 0.499999, -1.94e-12, 11.36363, 4.97e-11
1519930454.1841462, 0.499999, -2.11e-12, 11.36363, 5.5e-11
1519930454.3541572, 0.499999, -1.91e-12, 11.0606, 3.844e-11
1519930454.4541674, 0.499999, -2.3e-12, 11.0606, 5.115e-11
1519930454.6141787, 0.499999, -1.55e-12, 10.75757, 3.327e-11
1519930454.7143345, 0.499999, -1.7e-12, 10.75757, 4.69e-11
1519930454.8442018, 0.499999, -1.32e-12, 10.45454, 3.002e-11
1519930454.9343576, 0.499999, -1.45e-12, 10.45454, 4.203e-11
1519930455.1044052, 0.499999, -1.47e-12, 10.15152, 3.377e-11
1519930455.1942337, 0.499999, -1.44e-12, 10.15152, 4.092e-11
1519930455.3144183, 0.499999, -9.4e-13, 9.84847, 2.395e-11
1519930455.4806044, 0.499999, -1.76e-12, 9.84847, 3.94e-11
1519930455.670628, 0.499999, -1.09e-12, 9.54544, 2.278e-11
1519930455.8306682, 0.499999, -1.24e-12, 9.54544, 3.699e-11
1519930456.0906956, 0.499999, -9.2e-13, 9.24241, 2.689e-11
1519930456.2805288, 0.499999, -1.03e-12, 9.24241, 3.837e-11
1519930456.5006814, 0.499999, -5.3e-13, 8.93939, 1.977e-11
1519930456.6307173, 0.499999, -1.13e-12, 8.93939, 3.242e-11
1519930456.7507043, 0.499999, -6.8e-13, 8.63635, 1.187e-11
1519930456.8507278, 0.499999, -8.3e-13, 8.63635, 2.522e-11
1519930456.9708176, 0.499999, -6.6e-13, 8.33333, 5.87e-12
1519930457.0959969, 0.499999, -6.1e-13, 8.33333, 2.291e-11
1519930457.225802, 0.499999, -1.5e-13, 8.03029, 5.31e-12
1519930457.3259807, 0.499999, -4.3e-13, 8.03029, 1.817e-11
1519930457.4759734, 0.499999, -1.7e-13, 7.72727, 1.69e-12
1519930457.595981, 0.499999, -2.6e-13, 7.72727, 1.598e-11
1519930457.7159252, 0.499999, 2.1e-13, 7.42424, -4.14e-12
1519930457.8360057, 0.499999, -3.9e-13, 7.42424, 1.201e-11
1519930457.9759982, 0.499999, 5.7e-13, 7.1212, -5.77e-12
1519930458.0958793, 0.499999, -2.9e-13, 7.1212, 9.33e-12
1519930458.2558928, 0.499999, 4e-13, 6.81818, -6.34e-12
1519930458.3660576, 0.499999, 1.6e-13, 6.81818, 7.18e-12
1519930458.5160964, 0.499999, 5.8e-13, 6.51515, -9.34e-12
1519930458.611139, 0.499999, 1.4e-13, 6.51515, 2.89e-12
1519930458.7511082, 0.499999, 5.3e-13, 6.21212, -1.651e-11
1519930458.8710747, 0.499999, 4e-13, 6.21212, -5.9e-13
1519930459.1011093, 0.499999, 1.1e-12, 5.90908, -6.53e-12
1519930459.2311268, 0.499999, 2.6e-13, 5.90908, 1.66e-12
1519930459.3511558, 0.499999, 9.7e-13, 5.60606, -1.694e-11
1519930459.430983, 0.499999, 6.8e-13, 5.60606, -5.85e-12
1519930459.6011527, 0.499999, 1.29e-12, 5.30303, -1.539e-11
1519930459.7211707, 0.499999, 8.5e-13, 5.30303, -5.46e-12
1519930459.8811786, 0.499999, 1.22e-12, 5.0, -2.289e-11
1519930460.001185, 0.499999, 1.12e-12, 5.0, -9.65e-12
1519930460.1582558, 0.499999, 1.35e-12, 4.69697, -2.519e-11
1519930460.257486, 0.499999, 1.28e-12, 4.69697, -1.232e-11
1519930460.4075282, 0.499999, 1.59e-12, 4.39394, -2.802e-11
1519930460.5073113, 0.499999, 1.41e-12, 4.39394, -1.451e-11
1519930460.6574802, 0.499999, 2.02e-12, 4.0909, -3.413e-11
1519930460.7674825, 0.499999, 1.55e-12, 4.0909, -1.772e-11
1519930460.8975127, 0.499999, 2.06e-12, 3.78787, -3.643e-11
1519930461.0175562, 0.499999, 1.6e-12, 3.78787, -2.055e-11
1519930461.1475601, 0.499999, 2.2e-12, 3.48485, -3.958e-11
1519930461.2575705, 0.499999, 1.57e-12, 3.48485, -2.355e-11
1519930461.407385, 0.499999, 2.28e-12, 3.18182, -3.995e-11
1519930461.5176134, 0.499999, 1.62e-12, 3.18182, -2.6e-11
1519930461.6576216, 0.499999, 3.05e-12, 2.87879, -4.417e-11
1519930461.752577, 0.499999, 2.32e-12, 2.87879, -3.075e-11
1519930461.862718, 0.499999, 3.03e-12, 2.57575, -4.789e-11
1519930461.9727774, 0.499999, 2.36e-12, 2.57575, -3.248e-11
1519930462.1526077, 0.499999, 2.6e-12, 2.27273, -4.597e-11
1519930462.2528024, 0.499999, 1.6e-12, 2.27273, -3.417e-11
1519930462.4026372, 0.499999, 1.38e-12, 1.969697, -4.901e-11
1519930462.5628264, 0.499999, 1.47e-12, 1.969697, -3.394e-11
1519930462.7028368, 0.499999, 2.38e-12, 1.666666, -4.99e-11
1519930462.7828135, 0.499999, 2.12e-12, 1.666666, -3.924e-11
1519930462.9028225, 0.499999, 2.79e-12, 1.363635, -5.515e-11
1519930462.9926853, 0.499999, 3.22e-12, 1.363635, -4.181e-11
1519930463.152842, 0.499999, 3.58e-12, 1.060605, -5.954e-11
1519930463.2427037, 0.499999, 3.18e-12, 1.060605, -4.475e-11
1519930463.3600717, 0.499999, 3.77e-12, 0.757575, -6.355e-11
1519930463.4402332, 0.499999, 3.01e-12, 0.757575, -4.814e-11
1519930463.6402545, 0.499999, 3.59e-12, 0.454545, -5.487e-11
1519930463.7602391, 0.499999, 2.57e-12, 0.454545, -4.652e-11
1519930463.9003189, 0.499999, 3.46e-12, 0.1515152, -6.15e-11
1519930464.010337, 0.499999, 3.7e-12, 0.1515151, -4.872e-11
1519930464.180148, 0.499999, 3.76e-12, -0.1515153, -6.457e-11
1519930464.3001568, 0.499999, 3.49e-12, -0.1515153, -5.007e-11
1519930464.4202955, 0.499999, 4.03e-12, -0.454546, -6.695e-11
1519930464.5004084, 0.499999, 3.57e-12, -0.454546, -5.562e-11
1519930464.6701913, 0.499999, 4.06e-12, -0.757575, -6.267e-11
1519930464.7703662, 0.499999, 3.85e-12, -0.757575, -5.473e-11
1519930464.9037132, 0.499999, 4.67e-12, -1.060606, -7.442e-11
1519930465.0138495, 0.499999, 4.1e-12, -1.060606, -5.841e-11
1519930465.183882, 0.499999, 4.47e-12, -1.363637, -7.533e-11
1519930465.29389, 0.499999, 4.1e-12, -1.363637, -6.09e-11
1519930465.4339356, 0.499999, 4.72e-12, -1.666666, -7.568e-11
1519930465.5440123, 0.499999, 4.33e-12, -1.666667, -6.216e-11
1519930465.6839585, 0.499999, 5.09e-12, -1.969697, -7.832e-11
1519930465.77393, 0.499999, 4.83e-12, -1.969697, -6.657e-11
1519930465.883978, 0.499999, 4.96e-12, -2.27274, -8.487e-11
1519930465.993955, 0.499999, 4.95e-12, -2.27274, -6.88e-11
1519930466.184013, 0.499999, 5.02e-12, -2.57577, -7.589e-11
1519930466.2940238, 0.499999, 4.71e-12, -2.57577, -6.736e-11
1519930466.4240186, 0.499999, 5.51e-12, -2.8788, -8.77e-11
1519930466.5300548, 0.499999, 5.18e-12, -2.8788, -7.136e-11
1519930466.7000933, 0.499999, 5.31e-12, -3.18182, -8.826e-11
1519930466.8100822, 0.499999, 4.85e-12, -3.18182, -7.274e-11
1519930466.950087, 0.499999, 5.52e-12, -3.48485, -8.9e-11
1519930467.050196, 0.499999, 5.45e-12, -3.48485, -7.603e-11
1519930467.2001998, 0.499999, 6.03e-12, -3.78789, -9.182e-11
1519930467.3101907, 0.499999, 5.82e-12, -3.78789, -7.791e-11
1519930467.4499848, 0.499999, 6.04e-12, -4.09091, -9.614e-11
1519930467.560126, 0.499999, 5.77e-12, -4.09091, -8.075e-11
1519930467.6901507, 0.499999, 6.6e-12, -4.39394, -9.822e-11
1519930467.8001437, 0.499999, 5.91e-12, -4.39394, -8.304e-11
1519930467.9402092, 0.499999, 6.51e-12, -4.69698, -9.774e-11
1519930468.0452685, 0.499999, 6.27e-12, -4.69698, -8.437e-11
1519930468.2054346, 0.499999, 6.26e-12, -5.00001, -9.927e-11
1519930468.2854505, 0.499999, 6.39e-12, -5.00001, -8.849e-11
1519930468.385441, 0.499999, 7.04e-12, -5.30304, -1.0465e-10
1519930468.4554482, 0.499999, 6.7e-12, -5.30304, -9.323e-11
1519930468.5454903, 0.499999, 7.52e-12, -5.60606, -1.1153e-10
1519930468.625496, 0.499999, 6.77e-12, -5.60606, -9.901e-11
1519930468.7353275, 0.499999, 7.19e-12, -5.90909, -1.1158e-10
1519930468.8054893, 0.499999, 6.56e-12, -5.90909, -1.0041e-10
1519930468.9154735, 0.499999, 7.83e-12, -6.21213, -1.1743e-10
1519930469.0054977, 0.499999, 7.19e-12, -6.21213, -1.0281e-10
1519930469.1354945, 0.499999, 7.54e-12, -6.51515, -1.1641e-10
1519930469.205531, 0.499999, 7.03e-12, -6.51515, -1.0379e-10
1519930469.3155425, 0.499999, 7.62e-12, -6.81818, -1.1821e-10
1519930469.3955169, 0.499999, 7.52e-12, -6.81818, -1.0591e-10
1519930469.5354006, 0.499999, 7.9e-12, -7.12121, -1.2059e-10
1519930469.6918266, 0.499999, 7.74e-12, -7.12121, -1.0212e-10
1519930469.8416326, 0.499999, 7.9e-12, -7.42424, -1.1889e-10
1519930469.9416406, 0.499999, 8.19e-12, -7.42424, -1.0489e-10
1519930470.081811, 0.499999, 8.57e-12, -7.72728, -1.2061e-10
1519930470.2116623, 0.499999, 7.97e-12, -7.72728, -1.0686e-10
1519930470.3318334, 0.499999, 8.34e-12, -8.03031, -1.239e-10
1519930470.491687, 0.499999, 7.85e-12, -8.03031, -1.0608e-10
1519930470.671915, 0.499999, 8.24e-12, -8.33334, -1.144e-10
1519930470.7919033, 0.499999, 7.98e-12, -8.33334, -1.0631e-10
1519930470.9119086, 0.499999, 8.7e-12, -8.63637, -1.2623e-10
1519930471.021914, 0.499999, 8.41e-12, -8.63637, -1.1006e-10
1519930471.1904428, 0.499999, 8.63e-12, -8.9394, -1.2175e-10
1519930471.2868547, 0.499999, 8.45e-12, -8.9394, -1.116e-10
1519930471.4168172, 0.499999, 8.9e-12, -9.24243, -1.2821e-10
1519930471.5368478, 0.499999, 8.95e-12, -9.24243, -1.1572e-10
1519930471.6768532, 0.499999, 9.01e-12, -9.54545, -1.2654e-10
1519930471.7768297, 0.499999, 8.75e-12, -9.54545, -1.1606e-10
1519930471.9168475, 0.499999, 9.16e-12, -9.84848, -1.3188e-10
1519930472.0267026, 0.499999, 9.4e-12, -9.84848, -1.1853e-10
1519930472.206902, 0.499999, 8.93e-12, -10.15153, -1.2925e-10
1519930472.3169124, 0.499999, 9.05e-12, -10.15153, -1.1873e-10
1519930472.4667418, 0.499999, 9.56e-12, -10.45456, -1.3515e-10
1519930472.5869455, 0.499999, 9.48e-12, -10.45456, -1.2107e-10
1519930472.7467728, 0.499999, 9.67e-12, -10.75758, -1.3897e-10
1519930472.8743248, 0.499999, 9.24e-12, -10.75758, -1.2136e-10
1519930473.0345333, 0.499999, 1.025e-11, -11.06062, -1.375e-10
1519930473.1345203, 0.499999, 9.49e-12, -11.06062, -1.2532e-10
1519930473.264521, 0.499999, 1.01e-11, -11.36364, -1.4135e-10
1519930473.3943684, 0.499999, 9.79e-12, -11.36364, -1.2709e-10
1519930473.5345345, 0.499999, 1.038e-11, -11.66668, -1.4465e-10
1519930473.674538, 0.499999, 9.58e-12, -11.66668, -1.2712e-10
1519930473.8244064, 0.499999, 1.046e-11, -11.96971, -1.4533e-10
1519930473.944614, 0.499999, 1.038e-11, -11.96971, -1.2924e-10
1519930474.094597, 0.499999, 1.064e-11, -12.27273, -1.4546e-10
1519930474.234592, 0.499999, 1.021e-11, -12.27273, -1.3126e-10
1519930474.3588536, 0.499999, 1.095e-11, -12.57576, -1.4908e-10
1519930474.4690475, 0.499999, 1.069e-11, -12.57576, -1.3495e-10
1519930474.60887, 0.499999, 1.104e-11, -12.87879, -1.4945e-10
1519930474.7290344, 0.499999, 1.069e-11, -12.87879, -1.3504e-10
1519930474.859047, 0.499999, 1.077e-11, -13.18183, -1.5261e-10
1519930474.9790406, 0.499999, 1.057e-11, -13.18183, -1.3794e-10
1519930475.119071, 0.499999, 1.101e-11, -13.48486, -1.565e-10
1519930475.2291102, 0.499999, 1.1e-11, -13.48486, -1.4001e-10
1519930475.3791223, 0.499999, 1.138e-11, -13.78789, -1.5492e-10
1519930475.499105, 0.499999, 1.105e-11, -13.78789, -1.4044e-10
1519930475.6291187, 0.499999, 1.198e-11, -14.09091, -1.5993e-10
1519930475.759168, 0.499999, 1.155e-11, -14.09091, -1.4278e-10
1519930475.9235206, 0.499999, 1.181e-11, -14.39395, -1.5901e-10
1519930476.0240414, 0.499999, 1.149e-11, -14.39395, -1.4473e-10
1519930476.1540568, 0.499999, 1.211e-11, -14.69698, -1.6276e-10
1519930476.2540638, 0.499999, 1.184e-11, -14.69698, -1.4881e-10
1519930476.3840764, 0.499999, 1.266e-11, -15.00001, -1.6567e-10
1519930476.4840848, 0.499999, 1.19e-11, -15.00001, -1.5094e-10
 1520012951.2238069, 0.499999, 1.804e-11, -15.00001, -4.2224e-10
1520012951.3039317, 0.499999, 1.458e-11, -15.00001, -3.3924e-10
1520012951.3938186, 0.499999, 1.455e-11, -14.69698, -2.6296e-10
1520012951.4639895, 0.499999, 1.524e-11, -14.69698, -2.4553e-10
1520012951.5539536, 0.499999, 1.253e-11, -14.39394, -2.0256e-10
1520012951.6239913, 0.499999, 1.162e-11, -14.39394, -1.9992e-10
1520012951.7141557, 0.499999, 1.16e-11, -14.09091, -1.6649e-10
1520012951.824144, 0.499999, 1.2e-11, -14.09091, -1.6586e-10
1520012951.9240234, 0.499999, 1.1e-11, -13.78789, -1.3719e-10
1520012952.0141346, 0.499999, 1.076e-11, -13.78789, -1.4215e-10
1520012952.114196, 0.499999, 9.6e-12, -13.48486, -1.1682e-10
1520012952.1942558, 0.499999, 9.16e-12, -13.48486, -1.2438e-10
1520012952.3442855, 0.499999, 8.61e-12, -13.18182, -1.0921e-10
1520012952.464223, 0.499999, 8.58e-12, -13.18182, -1.1103e-10
1520012952.6240914, 0.499999, 8.09e-12, -12.8788, -8.766e-11
1520012952.7440958, 0.499999, 8.61e-12, -12.8788, -9.646e-11
1520012952.9041111, 0.499999, 8.45e-12, -12.57576, -7.533e-11
1520012952.984275, 0.499999, 8.53e-12, -12.57576, -8.465e-11
1520012953.0743017, 0.499999, 7.49e-12, -12.27273, -6.433e-11
1520012953.1543205, 0.499999, 8.06e-12, -12.27273, -7.542e-11
1520012953.3584385, 0.499999, 6.77e-12, -11.96971, -6.632e-11
1520012953.4782104, 0.499999, 7.08e-12, -11.96971, -7.163e-11
1520012953.5882215, 0.499999, 6.36e-12, -11.66668, -5.084e-11
1520012953.718231, 0.499999, 6.8e-12, -11.66668, -6.33e-11
1520012953.8884218, 0.499999, 6.13e-12, -11.36365, -4.53e-11
1520012953.978386, 0.499999, 6.67e-12, -11.36365, -5.608e-11
1520012954.0984461, 0.499999, 6.61e-12, -11.06061, -3.791e-11
1520012954.2084055, 0.499999, 6.13e-12, -11.06061, -5.175e-11
1520012954.378287, 0.499999, 6.06e-12, -10.75758, -3.315e-11
1520012954.5184853, 0.499999, 5.99e-12, -10.75758, -4.702e-11
1520012954.6883163, 0.499999, 5.59e-12, -10.45455, -2.851e-11
1520012954.863041, 0.499999, 5.82e-12, -10.45455, -4.341e-11
1520012955.0030496, 0.499999, 5.71e-12, -10.15152, -2.382e-11
1520012955.1130607, 0.499999, 5.5e-12, -10.15152, -3.716e-11
1520012955.2532012, 0.499999, 5.47e-12, -9.84849, -2.005e-11
1520012955.363242, 0.499999, 5.36e-12, -9.84849, -3.266e-11
1520012955.4832442, 0.499999, 5.03e-12, -9.54545, -1.461e-11
1520012955.5832818, 0.499999, 5.16e-12, -9.54545, -2.888e-11
1520012955.7131119, 0.499999, 3.78e-12, -9.24242, -1.144e-11
1520012955.8132722, 0.499999, 5.82e-12, -9.24242, -2.383e-11
1520012955.9233136, 0.499999, 2.16e-12, -8.9394, -1.038e-11
1520012956.0231423, 0.499999, -8.1e-13, -8.9394, -2.069e-11
1520012956.143161, 0.499999, 6.33e-12, -8.63637, -3.56e-12
1520012956.2333376, 0.499999, 2.04e-12, -8.63637, -1.65e-11
1520012956.3948832, 0.499999, 3.07e-12, -8.33334, -7.84e-12
1520012956.9569623, 0.499999, 4.54e-12, -8.33334, -2.486e-11
1520012957.2671127, 0.499999, 3.86e-12, -8.0303, -4.01e-12
1520012957.5471766, 0.499999, 3.97e-12, -8.0303, -2.222e-11
1520012957.6471882, 0.499999, 4.14e-12, -7.72728, -1.5e-12
1520012957.7370322, 0.499999, 4.6e-12, -7.72728, -1.173e-11
1520012957.8872333, 0.499999, 3.28e-12, -7.42425, 4.95e-12
1520012957.9914396, 0.499999, 4.06e-12, -7.42425, -8.76e-12
1520012958.121431, 0.499999, 3.76e-12, -7.12122, 7.56e-12
1520012958.2212722, 0.499999, 4.17e-12, -7.12122, -4.27e-12
1520012958.381472, 0.499999, 4.19e-12, -6.81818, 3.67e-12
1520012958.4914277, 0.499999, 4.02e-12, -6.81818, -5.69e-12
1520012958.6213052, 0.499999, 3.88e-12, -6.51515, 1.152e-11
1520012958.741464, 0.499999, 4.26e-12, -6.51515, -6.3e-13
1520012958.9214869, 0.499999, 3.1e-12, -6.21212, 1.241e-11
1520012959.0414965, 0.499999, 3.72e-12, -6.21212, 8.5e-13
1520012959.1713734, 0.499999, 3.11e-12, -5.9091, 1.756e-11
1520012959.2713604, 0.499999, 3.36e-12, -5.9091, 4.74e-12
1520012959.421375, 0.499999, 3.75e-12, -5.60607, 1.935e-11
1520012959.5015388, 0.499999, 3.73e-12, -5.60607, 8.75e-12
1520012959.6250982, 0.499999, 3.22e-12, -5.30303, 2.457e-11
1520012959.7249565, 0.499999, 3.14e-12, -5.30303, 1.083e-11
1520012959.904974, 0.499999, 3.22e-12, -5.0, 1.666e-11
1520012960.0051336, 0.499999, 2.32e-12, -5.0, 1.005e-11
1520012960.134988, 0.499999, 3.22e-12, -4.69697, 2.521e-11
1520012960.2052453, 0.499999, 3.14e-12, -4.69697, 1.58e-11
1520012960.3050025, 0.499999, 3.09e-12, -4.39394, 3.441e-11
1520012960.4051633, 0.499999, 3.2e-12, -4.39394, 1.852e-11
1520012960.5252116, 0.499999, 2.67e-12, -4.09091, 3.526e-11
1520012960.6451867, 0.499999, 3.07e-12, -4.09091, 1.932e-11
1520012960.7951818, 0.499999, 2.79e-12, -3.78789, 3.602e-11
1520012960.915194, 0.499999, 2.93e-12, -3.78789, 2.106e-11
1520012961.055222, 0.499999, 2.51e-12, -3.48485, 3.808e-11
1520012961.1687868, 0.499999, 2.58e-12, -3.48485, 2.26e-11
1520012961.318875, 0.499999, 2.92e-12, -3.18182, 3.915e-11
1520012961.4289534, 0.499999, 4.76e-12, -3.18182, 2.541e-11
1520012961.568817, 0.499999, 1.87e-12, -2.87879, 4.054e-11
1520012961.6788235, 0.499999, 2.03e-12, -2.87879, 2.639e-11
1520012961.8189962, 0.499999, 2.52e-12, -2.57577, 4.317e-11
1520012961.938993, 0.499999, 2.72e-12, -2.57577, 2.736e-11
1520012962.0289886, 0.499999, 2.01e-12, -2.27274, 4.588e-11
1520012962.0990405, 0.499999, 2.84e-12, -2.27274, 3.446e-11
1520012962.1988747, 0.499999, 2.25e-12, -1.969698, 4.915e-11
1520012962.2688763, 0.499999, 2.26e-12, -1.969698, 3.749e-11
1520012962.4188905, 0.499999, 1.51e-12, -1.666668, 4.286e-11
1520012962.4890442, 0.499999, 2.37e-12, -1.666668, 3.699e-11
1520012962.5890603, 0.499999, 2.18e-12, -1.363637, 5.386e-11
1520012962.7199543, 0.499999, 2.28e-12, -1.363637, 3.693e-11
1520012962.8701658, 0.499999, 1.76e-12, -1.060606, 4.807e-11
1520012962.9901228, 0.499999, 1.9e-12, -1.060606, 3.716e-11
1520012963.1601605, 0.499999, 1.42e-12, -0.757576, 5.358e-11
1520012963.2401965, 0.499999, 1.56e-12, -0.757576, 4.046e-11
1520012963.3601742, 0.499999, 1.52e-12, -0.454546, 5.761e-11
1520012963.480185, 0.499999, 1.71e-12, -0.454546, 4.087e-11
1520012963.6302035, 0.499999, 1.32e-12, -0.1515153, 5.561e-11
1520012963.7700603, 0.499999, 1.75e-12, -0.1515152, 4.111e-11
1520012963.9502091, 0.499999, 1.63e-12, 0.1515154, 5.55e-11
1520012964.050324, 0.499999, 1.81e-12, 0.1515152, 4.356e-11
1520012964.1702826, 0.499999, 1.37e-12, 0.454544, 5.999e-11
1520012964.2747917, 0.499999, 1.57e-12, 0.454544, 4.616e-11
1520012964.446493, 0.499999, 1.01e-12, 0.757575, 5.232e-11
1520012964.5465162, 0.499999, 1.51e-12, 0.757575, 4.511e-11
1520012964.676521, 0.499999, 1.13e-12, 1.060606, 6.211e-11
1520012964.7963486, 0.499999, 1.02e-12, 1.060606, 4.77e-11
1520012964.946364, 0.499999, 9.1e-13, 1.363636, 5.823e-11
1520012965.0363743, 0.499999, 1.58e-12, 1.363636, 4.97e-11
1520012965.146508, 0.499999, 1.13e-12, 1.666666, 6.663e-11
1520012965.2365172, 0.499999, 1.58e-12, 1.666666, 5.388e-11
1520012965.3465784, 0.499999, 9.7e-13, 1.969696, 6.979e-11
1520012965.4764085, 0.499999, 1.39e-12, 1.969696, 5.416e-11
1520012965.596575, 0.499999, 5.6e-13, 2.27272, 7.012e-11
1520012965.736439, 0.499999, 8.5e-13, 2.27272, 5.509e-11
1520012965.9305725, 0.499999, 7.2e-13, 2.57575, 6.978e-11
1520012966.0506966, 0.499999, 7e-13, 2.57575, 5.365e-11
1520012966.2006764, 0.499999, 8.3e-13, 2.87878, 7.057e-11
1520012966.3305364, 0.499999, 8e-14, 2.87878, 5.478e-11
1520012966.5007389, 0.499999, 6e-13, 3.18181, 7.262e-11
1520012966.6207142, 0.499999, 3.9e-13, 3.18181, 5.642e-11
1520012966.7807274, 0.499999, -1.02e-12, 3.48485, 6.899e-11
1520012966.970591, 0.499999, 6.6e-13, 3.48485, 5.483e-11
1520012967.0807343, 0.499999, -2.1e-13, 3.78787, 7.085e-11
1520012967.1707418, 0.499999, 8.1e-13, 3.78787, 6.023e-11
1520012967.2707996, 0.499999, 0.0, 4.09091, 7.731e-11
1520012967.3607824, 0.499999, 8e-14, 4.09091, 6.397e-11
1520012967.5143418, 0.499999, 4e-14, 4.39394, 7.802e-11
1520012967.644539, 0.499999, 2.5e-13, 4.39394, 6.273e-11
1520012967.8245037, 0.499999, 1.5e-13, 4.69696, 7.586e-11
1520012967.974379, 0.499999, -6e-13, 4.69696, 6.161e-11
1520012968.0945375, 0.499999, -9.3e-13, 5.0, 7.867e-11
1520012968.214589, 0.499999, 3.3e-13, 5.0, 6.514e-11
1520012968.3645675, 0.499999, 5.5e-13, 5.30302, 8.177e-11
1520012968.5046115, 0.499999, 4.4e-13, 5.30302, 6.543e-11
1520012968.6545925, 0.499999, 2e-14, 5.60606, 8.188e-11
1520012968.8046372, 0.499999, -1.19e-12, 5.60606, 6.435e-11
1520012968.9981668, 0.499999, -2e-13, 5.90908, 7.295e-11
1520012969.0981765, 0.499999, 4.6e-13, 5.90908, 6.792e-11
1520012969.2483685, 0.499999, -2.9e-13, 6.21212, 8.353e-11
1520012969.3681996, 0.499999, -1.42e-12, 6.21212, 6.864e-11
1520012969.5383399, 0.499999, -8.9e-13, 6.51514, 8.513e-11
1520012969.6584072, 0.499999, 4.8e-13, 6.51514, 7.044e-11
1520012969.8083923, 0.499999, -4.7e-13, 6.81818, 8.633e-11
1520012969.9484334, 0.499999, 6.4e-13, 6.81818, 7.185e-11
1520012970.0982618, 0.499999, -9.1e-13, 7.12121, 8.605e-11
1520012970.2584562, 0.499999, 4e-13, 7.12121, 7.062e-11
1520012970.3982875, 0.499999, -5e-13, 7.42424, 8.821e-11
1520012970.5669742, 0.499999, -6.1e-13, 7.42424, 7.112e-11
1520012970.7125044, 0.499999, -1.37e-12, 7.72726, 8.84e-11
1520012970.862515, 0.499999, -8.2e-13, 7.72726, 7.202e-11
1520012971.0425363, 0.499999, -7.7e-13, 8.03029, 9.01e-11
1520012971.1625416, 0.499999, -1.08e-12, 8.03029, 7.463e-11
1520012971.3125556, 0.499999, -1.13e-12, 8.33333, 9.133e-11
1520012971.462727, 0.499999, -2.4e-13, 8.33333, 7.582e-11
1520012971.6125805, 0.499999, -9.9e-13, 8.63635, 9.191e-11
1520012971.7225933, 0.499999, -6.6e-13, 8.63635, 7.78e-11
1520012971.872759, 0.499999, -6.1e-13, 8.93939, 9.527e-11
1520012972.022622, 0.499999, -1.6e-13, 8.93939, 7.771e-11
 1520012999.7573957, 0.5, 7.21109e-06, -15.0, -7.21141e-06
1520012999.8671849, 0.5, 7.16712e-06, -15.0, -7.16714e-06
1520012999.9671926, 0.5, 6.88602e-06, -14.69697, -6.88586e-06
1520013000.0571973, 0.5, 6.86775e-06, -14.69697, -6.86757e-06
1520013000.1572058, 0.5, 6.60009e-06, -14.39394, -6.59979e-06
1520013000.3572252, 0.5, 6.57193e-06, -14.39394, -6.57164e-06
1520013000.4572332, 0.5, 6.31578e-06, -14.09091, -6.31547e-06
1520013000.601286, 0.5, 6.3077e-06, -14.09091, -6.30739e-06
1520013000.7012916, 0.5, 6.0534e-06, -13.78788, -6.05309e-06
1520013000.8413086, 0.5, 6.04242e-06, -13.78788, -6.04211e-06
1520013000.9213138, 0.5, 5.80348e-06, -13.48485, -5.80317e-06
1520013000.9913185, 0.5, 5.79899e-06, -13.48485, -5.79869e-06
1520013001.071326, 0.5, 5.56552e-06, -13.18182, -5.56518e-06
1520013001.1413336, 0.5, 5.56223e-06, -13.18182, -5.56192e-06
1520013001.2113366, 0.5, 5.3343e-06, -12.87879, -5.33398e-06
1520013001.281344, 0.5, 5.33151e-06, -12.87879, -5.3312e-06
1520013001.3813517, 0.5, 5.10782e-06, -12.57576, -5.10742e-06
1520013001.4513586, 0.5, 5.10579e-06, -12.57576, -5.1054e-06
1520013001.5213697, 0.5, 4.88843e-06, -12.27273, -4.88798e-06
1520013001.6315613, 0.5, 4.8852e-06, -12.27273, -4.88482e-06
1520013001.76139, 0.5, 4.6712e-06, -11.9697, -4.67071e-06
1520013001.871403, 0.5, 4.6687e-06, -11.9697, -4.66826e-06
1520013002.0014086, 0.5, 4.4597e-06, -11.66667, -4.4592e-06
1520013002.1177685, 0.5, 4.45757e-06, -11.66667, -4.45712e-06
1520013002.2578063, 0.5, 4.25357e-06, -11.36364, -4.25309e-06
1520013002.3877842, 0.5, 4.25194e-06, -11.36364, -4.25151e-06
1520013002.5178187, 0.5, 4.05324e-06, -11.06061, -4.05272e-06
1520013002.7076738, 0.5, 4.05111e-06, -11.06061, -4.05069e-06
1520013002.907685, 0.5, 3.85647e-06, -10.75758, -3.85598e-06
1520013003.0878606, 0.5, 3.85469e-06, -10.75758, -3.85425e-06
1520013003.217883, 0.5, 3.66569e-06, -10.45455, -3.66525e-06
1520013003.367908, 0.5, 3.66477e-06, -10.45455, -3.66437e-06
1520013003.4878657, 0.5, 3.481e-06, -10.15152, -3.4805e-06
1520013003.607746, 0.5, 3.48075e-06, -10.15152, -3.4803e-06
1520013003.7292902, 0.5, 3.30189e-06, -9.84848, -3.30143e-06
1520013003.8693037, 0.5, 3.30209e-06, -9.84848, -3.30166e-06
1520013003.9794438, 0.5, 3.12788e-06, -9.54545, -3.12743e-06
1520013004.039451, 0.5, 3.12797e-06, -9.54545, -3.12755e-06
1520013004.1094892, 0.5, 2.95914e-06, -9.24242, -2.95868e-06
1520013004.2095144, 0.5, 2.9597e-06, -9.24242, -2.95929e-06
1520013004.3793504, 0.5, 2.79514e-06, -8.93939, -2.79471e-06
1520013004.509492, 0.499999, 2.79544e-06, -8.93939, -2.79509e-06
1520013004.629528, 0.5, 2.63545e-06, -8.63636, -2.63503e-06
1520013004.7495308, 0.5, 2.63609e-06, -8.63636, -2.63573e-06
1520013004.8795447, 0.5, 2.48105e-06, -8.33333, -2.48065e-06
1520013004.989405, 0.5, 2.48144e-06, -8.33333, -2.48107e-06
1520013005.0895932, 0.5, 2.33089e-06, -8.0303, -2.33052e-06
1520013005.1913064, 0.5, 2.33129e-06, -8.0303, -2.33096e-06
1520013005.2922971, 0.499999, 2.18572e-06, -7.72727, -2.18534e-06
1520013005.402156, 0.499999, 2.18624e-06, -7.72727, -2.18593e-06
1520013005.54235, 0.5, 2.04512e-06, -7.42424, -2.04475e-06
1520013005.6823125, 0.5, 2.04589e-06, -7.42424, -2.0456e-06
1520013005.892201, 0.5, 1.90957e-06, -7.12121, -1.90923e-06
1520013006.0123932, 0.5, 1.91026e-06, -7.12121, -1.90998e-06
1520013006.1223702, 0.5, 1.77846e-06, -6.81818, -1.77813e-06
1520013006.232227, 0.5, 1.77915e-06, -6.81818, -1.77888e-06
1520013006.3822389, 0.5, 1.65206e-06, -6.51515, -1.65176e-06
1520013006.5124428, 0.5, 1.65306e-06, -6.51515, -1.6528e-06
1520013006.622408, 0.5, 1.53048e-06, -6.21212, -1.53018e-06
1520013006.7322683, 0.5, 1.53129e-06, -6.21212, -1.53104e-06
1520013006.8860347, 0.5, 1.4138e-06, -5.90909, -1.41354e-06
1520013006.9760299, 0.5, 1.41439e-06, -5.90909, -1.41414e-06
1520013007.1058443, 0.5, 1.30162e-06, -5.60606, -1.30136e-06
1520013007.1958451, 0.499999, 1.30229e-06, -5.60606, -1.30208e-06
1520013007.2958546, 0.5, 1.19424e-06, -5.30303, -1.19398e-06
1520013007.3858638, 0.5, 1.19499e-06, -5.30303, -1.19476e-06
1520013007.4758725, 0.5, 1.09166e-06, -5.0, -1.09139e-06
1520013007.566028, 0.5, 1.09238e-06, -5.0, -1.09217e-06
1520013007.685889, 0.5, 9.9383e-07, -4.69697, -9.9357e-07
1520013007.8959086, 0.5, 9.9486e-07, -4.69697, -9.9464e-07
1520013008.0059178, 0.5, 9.0146e-07, -4.39394, -9.0118e-07
1520013008.1059268, 0.5, 9.0213e-07, -4.39394, -9.019e-07
1520013008.1959355, 0.5, 8.13178e-07, -4.09091, -8.13043e-07
1520013008.2759411, 0.5, 8.13748e-07, -4.09091, -8.13663e-07
1520013008.3989873, 0.5, 7.29629e-07, -3.78788, -7.29508e-07
1520013008.4889972, 0.5, 7.30199e-07, -3.78788, -7.30116e-07
1520013008.579006, 0.5, 6.50654e-07, -3.48485, -6.50529e-07
1520013008.6490119, 0.5, 6.51208e-07, -3.48485, -6.51128e-07
1520013008.7390203, 0.5, 5.76377e-07, -3.18182, -5.76264e-07
1520013008.799024, 0.5, 5.76836e-07, -3.18182, -5.76753e-07
1520013008.8890312, 0.5, 5.06574e-07, -2.87879, -5.06439e-07
1520013009.0390477, 0.5, 5.07212e-07, -2.87879, -5.07137e-07
1520013009.2690687, 0.5, 4.4173e-07, -2.57576, -4.41612e-07
1520013009.529089, 0.5, 4.42673e-07, -2.57576, -4.42614e-07
1520013009.6190956, 0.5, 3.8101e-07, -2.27274, -3.80897e-07
1520013009.6991029, 0.5, 3.81332e-07, -2.27273, -3.81255e-07
1520013009.7891147, 0.5, 3.24019e-07, -1.969697, -3.23899e-07
1520013009.889119, 0.5, 3.2441e-07, -1.969697, -3.24332e-07
1520013009.982672, 0.5, 2.71183e-07, -1.666667, -2.71056e-07
1520013010.072678, 0.499999, 2.71501e-07, -1.666667, -2.71427e-07
1520013010.1526852, 0.5, 2.22327e-07, -1.363636, -2.22189e-07
1520013010.2426932, 0.499999, 2.22577e-07, -1.363636, -2.22498e-07
1520013010.412708, 0.5, 1.77415e-07, -1.060606, -1.77298e-07
1520013010.4827125, 0.5, 1.77643e-07, -1.060606, -1.77565e-07
1520013010.5627172, 0.5, 1.3604e-07, -0.757576, -1.35921e-07
1520013010.6327248, 0.5, 1.36192e-07, -0.757576, -1.361e-07
1520013010.7227328, 0.5, 9.8166e-08, -0.454545, -9.8028e-08
1520013010.802741, 0.5, 9.8309e-08, -0.454545, -9.8228e-08
1520013010.9427567, 0.499999, 6.37628e-08, -0.1515153, -6.36271e-08
1520013011.0127583, 0.499999, 6.38367e-08, -0.1515153, -6.3721e-08
1520013011.092897, 0.499999, 3.23524e-08, 0.1515154, -3.21891e-08
1520013011.1627707, 0.499999, 3.2402e-08, 0.1515152, -3.22794e-08
1520013011.282948, 0.5, 3.96728e-09, 0.454544, -3.8313e-09
1520013011.3527877, 0.5, 3.97475e-09, 0.454544, -3.85793e-09
1520013011.723876, 0.499999, -2.1687e-08, 0.757576, 2.18104e-08
1520013011.9038897, 0.499999, -2.1731e-08, 0.757576, 2.18285e-08
1520013012.023897, 0.499999, -4.47748e-08, 1.060605, 4.49091e-08
1520013012.1539125, 0.499999, -4.48563e-08, 1.060605, 4.49617e-08
1520013012.4639342, 0.499999, -6.55239e-08, 1.363635, 6.56475e-08
1520013012.5739439, 0.499999, -6.56616e-08, 1.363635, 6.57624e-08
1520013012.6739562, 0.499999, -8.39502e-08, 1.666666, 8.40874e-08
1520013012.76396, 0.499999, -8.4059e-08, 1.666666, 8.41731e-08
1520013012.8939738, 0.5, -1.00332e-07, 1.969697, 1.00441e-07
1520013012.9739807, 0.5, -1.00457e-07, 1.969697, 1.00539e-07
1520013013.0630062, 0.5, -1.14688e-07, 2.27273, 1.14823e-07
1520013013.1400356, 0.5, -1.14873e-07, 2.27273, 1.1497e-07
1520013013.5800683, 0.5, -1.27842e-07, 2.57576, 1.27949e-07
1520013013.720328, 0.5, -1.281e-07, 2.57576, 1.28182e-07
1520013013.9101002, 0.5, -1.38973e-07, 2.87879, 1.39101e-07
1520013014.0102766, 0.5, -1.39317e-07, 2.87879, 1.39399e-07
1520013014.130118, 0.5, -1.48761e-07, 3.18182, 1.48892e-07
1520013014.2803152, 0.5, -1.49117e-07, 3.18182, 1.49213e-07
1520013014.4201403, 0.5, -1.57354e-07, 3.48485, 1.57476e-07
1520013014.5101578, 0.5, -1.57593e-07, 3.48485, 1.57702e-07
1520013014.6101573, 0.5, -1.64562e-07, 3.78788, 1.64714e-07
1520013014.6992002, 0.5, -1.6484e-07, 3.78788, 1.64947e-07
1520013014.7892077, 0.5, -1.70759e-07, 4.09091, 1.70918e-07
1520013014.8892183, 0.5, -1.71044e-07, 4.09091, 1.7116e-07
1520013014.9892268, 0.5, -1.76171e-07, 4.39394, 1.76329e-07
1520013015.0692341, 0.5, -1.76457e-07, 4.39394, 1.76584e-07
1520013015.1692388, 0.5, -1.80764e-07, 4.69697, 1.80937e-07
1520013015.2492483, 0.5, -1.81062e-07, 4.69697, 1.81191e-07
1520013015.3392565, 0.5, -1.84689e-07, 5.0, 1.84868e-07
1520013015.4594061, 0.5, -1.85081e-07, 5.0, 1.85219e-07
1520013015.5492723, 0.5, -1.88119e-07, 5.30303, 1.88303e-07
1520013015.6794102, 0.5, -1.88551e-07, 5.30303, 1.88682e-07
1520013015.8092968, 0.5, -1.9119e-07, 5.60606, 1.91373e-07
1520013015.9493115, 0.5, -1.91655e-07, 5.60606, 1.91785e-07
1520013016.0593197, 0.5, -1.93818e-07, 5.90909, 1.93997e-07
1520013016.1594543, 0.5, -1.94109e-07, 5.90909, 1.94251e-07
1520013016.257347, 0.5, -1.95905e-07, 6.21212, 1.96086e-07
1520013016.357355, 0.5, -1.96183e-07, 6.21212, 1.96328e-07
1520013016.467531, 0.5, -1.97772e-07, 6.51515, 1.97956e-07
1520013016.5473673, 0.5, -1.98019e-07, 6.51515, 1.9817e-07
1520013016.6475322, 0.5, -1.99309e-07, 6.81818, 1.99514e-07
1520013016.7374952, 0.5, -1.99553e-07, 6.81818, 1.99722e-07
1520013016.8173969, 0.5, -2.00572e-07, 7.12121, 2.00795e-07
1520013016.9374046, 0.5, -2.00949e-07, 7.12121, 2.01107e-07
1520013017.0374122, 0.5, -2.01845e-07, 7.42423, 2.02052e-07
1520013017.1074204, 0.5, -2.02046e-07, 7.42423, 2.02218e-07
1520013017.2074292, 0.5, -2.02809e-07, 7.72727, 2.03024e-07
1520013017.2974384, 0.5, -2.03048e-07, 7.72727, 2.0322e-07
1520013017.3974454, 0.5, -2.03696e-07, 8.0303, 2.03912e-07
1520013017.497453, 0.5, -2.03964e-07, 8.03029, 2.04147e-07
1520013017.5974598, 0.5, -2.04535e-07, 8.33333, 2.04768e-07
1520013017.6874712, 0.5, -2.04758e-07, 8.33333, 2.04953e-07
1520013017.801019, 0.5, -2.05309e-07, 8.63636, 2.05535e-07
1520013017.9011886, 0.5, -2.05524e-07, 8.63636, 2.05714e-07
1520013018.001034, 0.5, -2.05998e-07, 8.93939, 2.06235e-07
1520013018.0910425, 0.5, -2.06206e-07, 8.93939, 2.064e-07
1520013018.19105, 0.5, -2.06649e-07, 9.24242, 2.06875e-07
1520013018.2810643, 0.5, -2.06865e-07, 9.24242, 2.0704e-07
1520013018.3810651, 0.5, -2.07188e-07, 9.54545, 2.07416e-07
1520013018.471208, 0.5, -2.07402e-07, 9.54545, 2.07598e-07
1520013018.5612493, 0.5, -2.07682e-07, 9.84848, 2.07925e-07
1520013018.6312544, 0.5, -2.07845e-07, 9.84848, 2.0805e-07
1520013018.711103, 0.5, -2.08117e-07, 10.15152, 2.08374e-07
1520013018.8511093, 0.5, -2.08386e-07, 10.15152, 2.08594e-07
1520013018.971269, 0.5, -2.08692e-07, 10.45455, 2.08955e-07
1520013019.091317, 0.5, -2.08965e-07, 10.45455, 2.09158e-07
1520013019.2213259, 0.5, -2.09277e-07, 10.75758, 2.09527e-07
1520013019.331338, 0.5, -2.09458e-07, 10.75758, 2.09674e-07
1520013019.4745214, 0.5, -2.09797e-07, 11.06061, 2.10053e-07
1520013019.5845659, 0.5, -2.10008e-07, 11.06061, 2.1021e-07
1520013019.7145746, 0.5, -2.10229e-07, 11.36364, 2.10502e-07
1520013019.8143995, 0.5, -2.10428e-07, 11.36364, 2.10648e-07
1520013019.9745653, 0.5, -2.10762e-07, 11.66667, 2.10992e-07
1520013020.0745776, 0.5, -2.10939e-07, 11.66667, 2.11161e-07
1520013020.1846414, 0.5, -2.11164e-07, 11.9697, 2.1143e-07
1520013020.284579, 0.5, -2.11334e-07, 11.9697, 2.11565e-07
1520013020.3845835, 0.5, -2.11505e-07, 12.27273, 2.11794e-07
1520013020.4946797, 0.5, -2.11693e-07, 12.27273, 2.11906e-07
1520013020.6847153, 0.5, -2.1205e-07, 12.57576, 2.12316e-07
1520013020.8046327, 0.5, -2.12194e-07, 12.57576, 2.12432e-07
1520013020.9979026, 0.5, -2.12538e-07, 12.87879, 2.12805e-07
1520013021.107908, 0.5, -2.12695e-07, 12.87879, 2.1292e-07
1520013021.2380986, 0.5, -2.12916e-07, 13.18182, 2.13193e-07
1520013021.3579288, 0.5, -2.1312e-07, 13.18182, 2.13359e-07
1520013021.4881208, 0.5, -2.13328e-07, 13.48485, 2.13591e-07
1520013021.578139, 0.5, -2.13462e-07, 13.48485, 2.13685e-07
1520013021.6681378, 0.5, -2.13566e-07, 13.78788, 2.13872e-07
1520013021.7581475, 0.5, -2.13736e-07, 13.78788, 2.13954e-07
1520013021.8879766, 0.5, -2.13908e-07, 14.09091, 2.14208e-07
1520013022.0279882, 0.5, -2.1412e-07, 14.09091, 2.14346e-07
1520013022.1879995, 0.5, -2.14324e-07, 14.39394, 2.14644e-07
1520013022.3081477, 0.5, -2.1449e-07, 14.39394, 2.14751e-07
1520013022.4080193, 0.5, -2.14653e-07, 14.69697, 2.14953e-07
1520013022.5218096, 0.5, -2.14779e-07, 14.69697, 2.15005e-07
1520013022.6316774, 0.5, -2.14982e-07, 15.0, 2.15286e-07
1520013022.7316825, 0.5, -2.15084e-07, 15.0, 2.15391e-07
1520013022.821693, 0.5, -2.15204e-07, 15.0, 2.15455e-07
1520013022.9216995, 0.5, -2.15394e-07, 15.0, 2.15632e-07
1520013023.0318747, 0.5, -2.15507e-07, 14.69697, 2.15642e-07
1520013023.091876, 0.5, -2.15625e-07, 14.69697, 2.15803e-07
1520013023.2519143, 0.5, -2.15766e-07, 14.39394, 2.15873e-07
1520013023.371895, 0.5, -2.15955e-07, 14.39394, 2.16108e-07
1520013023.5319066, 0.5, -2.16129e-07, 14.09091, 2.16277e-07
1520013023.6519494, 0.5, -2.16323e-07, 14.09091, 2.1646e-07
1520013023.7717707, 0.5, -2.16474e-07, 13.78788, 2.16533e-07
1520013023.8817797, 0.5, -2.16549e-07, 13.78788, 2.16666e-07
1520013024.0219553, 0.5, -2.16878e-07, 13.48485, 2.1695e-07
1520013024.1528502, 0.5, -2.17342e-07, 13.48485, 2.17464e-07
1520013024.2730458, 0.5, -2.174e-07, 13.18182, 2.17435e-07
1520013024.3828716, 0.5, -2.1742e-07, 13.18182, 2.17516e-07
1520013024.4928796, 0.5, -2.17541e-07, 12.87879, 2.17539e-07
1520013024.58307, 0.5, -2.17651e-07, 12.87879, 2.1772e-07
1520013024.683057, 0.5, -2.17705e-07, 12.57576, 2.17714e-07
1520013024.7730596, 0.5, -2.17854e-07, 12.57576, 2.17897e-07
1520013024.863059, 0.5, -2.17924e-07, 12.27273, 2.17908e-07
1520013024.962921, 0.5, -2.18e-07, 12.27273, 2.18056e-07
1520013025.0631146, 0.5, -2.18152e-07, 11.9697, 2.18119e-07
1520013025.1831243, 0.5, -2.18238e-07, 11.9697, 2.18271e-07
1520013025.3229525, 0.5, -2.18354e-07, 11.66667, 2.18318e-07
1520013025.5532212, 0.5, -2.18621e-07, 11.66667, 2.18657e-07
1520013025.6431122, 0.5, -2.18706e-07, 11.36364, 2.18682e-07
1520013025.7300105, 0.5, -2.18786e-07, 11.36364, 2.18803e-07
1520013025.8400216, 0.5, -2.18869e-07, 11.06061, 2.18818e-07
1520013025.9200323, 0.5, -2.18947e-07, 11.06061, 2.18959e-07
1520013026.0900462, 0.5, -2.19115e-07, 10.75758, 2.19048e-07
1520013026.2600598, 0.5, -2.19233e-07, 10.75758, 2.19237e-07
1520013026.460297, 0.5, -2.19414e-07, 10.45455, 2.19354e-07
1520013026.6602838, 0.5, -2.19559e-07, 10.45455, 2.19569e-07
1520013026.8401103, 0.5, -2.19699e-07, 10.15152, 2.19656e-07
1520013026.960121, 0.5, -2.19875e-07, 10.15152, 2.19855e-07
1520013027.090368, 0.5, -2.19923e-07, 9.84848, 2.19862e-07
1520013027.236718, 0.5, -2.20063e-07, 9.84848, 2.20067e-07
1520013027.3569117, 0.5, -2.20118e-07, 9.54545, 2.20053e-07
1520013027.456925, 0.5, -2.20211e-07, 9.54545, 2.20203e-07
1520013027.5568943, 0.5, -2.20242e-07, 9.24242, 2.20158e-07
1520013027.666768, 0.5, -2.20311e-07, 9.24242, 2.20283e-07
1520013027.766789, 0.5, -2.20305e-07, 8.93939, 2.20221e-07
1520013027.8669581, 0.5, -2.20417e-07, 8.93939, 2.20379e-07
1520013027.9769309, 0.5, -2.20361e-07, 8.63636, 2.20268e-07
1520013028.0770102, 0.5, -2.20458e-07, 8.63636, 2.20408e-07
1520013028.1769834, 0.5, -2.20335e-07, 8.33333, 2.2024e-07
1520013028.2770321, 0.5, -2.20413e-07, 8.33333, 2.20373e-07
1520013028.3769655, 0.5, -2.20301e-07, 8.0303, 2.20196e-07
1520013028.4770427, 0.5, -2.20366e-07, 8.0303, 2.20308e-07
1520013028.5770488, 0.5, -2.20125e-07, 7.72727, 2.20012e-07
1520013028.687058, 0.5, -2.20234e-07, 7.72727, 2.20176e-07
1520013028.8058906, 0.5, -2.19927e-07, 7.42423, 2.19826e-07
1520013028.908096, 0.5, -2.19983e-07, 7.42423, 2.19923e-07
1520013029.0680768, 0.5, -2.19546e-07, 7.12121, 2.19463e-07
1520013029.1879382, 0.5, -2.19577e-07, 7.12121, 2.1952e-07
1520013029.3680804, 0.5, -2.19032e-07, 6.81818, 2.18919e-07
1520013029.5481803, 0.5, -2.19195e-07, 6.81818, 2.19143e-07
1520013029.698117, 0.5, -2.18411e-07, 6.51515, 2.18303e-07
1520013029.8281436, 0.5, -2.1843e-07, 6.51515, 2.18369e-07
1520013029.9581716, 0.5, -2.17387e-07, 6.21212, 2.17279e-07
1520013030.098016, 0.5, -2.17432e-07, 6.21212, 2.1737e-07
1520013030.1980262, 0.5, -2.16121e-07, 5.90909, 2.15997e-07
1520013030.3081682, 0.5, -2.16128e-07, 5.90909, 2.16053e-07
1520013030.4322474, 0.5, -2.14413e-07, 5.60606, 2.14284e-07
1520013030.5822947, 0.5, -2.14395e-07, 5.60606, 2.1432e-07
1520013030.702275, 0.5, -2.12224e-07, 5.30303, 2.1209e-07
1520013030.8121357, 0.5, -2.12215e-07, 5.30303, 2.12133e-07
1520013030.9423244, 0.5, -2.09515e-07, 5.0, 2.09383e-07
1520013031.082304, 0.5, -2.09477e-07, 5.0, 2.09404e-07
1520013031.2323515, 0.5, -2.06115e-07, 4.69697, 2.05985e-07
1520013031.3523283, 0.5, -2.06053e-07, 4.69697, 2.05967e-07
1520013031.462316, 0.5, -2.01902e-07, 4.39394, 2.01763e-07
1520013031.5921981, 0.5, -2.01822e-07, 4.39394, 2.01728e-07
1520013031.7023904, 0.5, -1.96743e-07, 4.09091, 1.96607e-07
1520013031.822348, 0.5, -1.96633e-07, 4.09091, 1.96546e-07
1520013031.9957814, 0.5, -1.90484e-07, 3.78788, 1.90334e-07
1520013032.095789, 0.5, -1.90399e-07, 3.78788, 1.90303e-07
1520013032.2058017, 0.5, -1.83012e-07, 3.48485, 1.82867e-07
1520013032.295946, 0.5, -1.82888e-07, 3.48485, 1.82789e-07
1520013032.4059608, 0.5, -1.74079e-07, 3.18182, 1.73925e-07
1520013032.5358293, 0.5, -1.73948e-07, 3.18182, 1.73851e-07
1520013032.6359754, 0.5, -1.6349e-07, 2.87879, 1.63339e-07
1520013032.725981, 0.5, -1.63362e-07, 2.87879, 1.63248e-07
1520013032.8458495, 0.5, -1.51088e-07, 2.57576, 1.50923e-07
1520013032.9058566, 0.5, -1.50994e-07, 2.57576, 1.50864e-07
1520013032.9858675, 0.5, -1.36691e-07, 2.27273, 1.36522e-07
1520013033.126092, 0.5, -1.36524e-07, 2.27273, 1.364e-07
1520013033.1960523, 0.5, -1.19935e-07, 1.969697, 1.19755e-07
1520013033.25601, 0.5, -1.19848e-07, 1.969697, 1.19708e-07
1520013033.345898, 0.5, -1.00773e-07, 1.666667, 1.00579e-07
1520013033.456144, 0.5, -1.00632e-07, 1.666667, 1.00503e-07
1520013033.6394782, 0.499999, -7.87694e-08, 1.363635, 7.86505e-08
1520013033.7694921, 0.499999, -7.86773e-08, 1.363635, 7.85876e-08
1520013033.919501, 0.499999, -5.40178e-08, 1.060605, 5.38954e-08
1520013034.0095093, 0.499999, -5.39717e-08, 1.060605, 5.38757e-08
1520013034.1295228, 0.499999, -2.62064e-08, 0.757576, 2.60774e-08
1520013034.2295303, 0.499999, -2.61827e-08, 0.757576, 2.60806e-08
1520013034.349704, 0.499999, 4.86646e-09, 0.454545, -4.99474e-09
1520013034.429547, 0.499999, 4.85998e-09, 0.454545, -4.96927e-09
1520013034.6195614, 0.499999, 3.93546e-08, 0.1515151, -3.94646e-08
1520013034.699568, 0.499999, 3.93193e-08, 0.1515152, -3.94191e-08
1520013034.7995777, 0.499999, 7.74444e-08, -0.1515154, -7.75783e-08
1520013034.8695881, 0.499999, 7.73796e-08, -0.1515152, -7.74912e-08
1520013034.9495952, 0.5, 1.19218e-07, -0.454545, -1.19404e-07
1520013035.0495985, 0.5, 1.191e-07, -0.454545, -1.19258e-07
1520013035.1226392, 0.5, 1.64837e-07, -0.757576, -1.65036e-07
1520013035.192645, 0.5, 1.64707e-07, -0.757576, -1.64873e-07
1520013035.272654, 0.5, 2.14423e-07, -1.060606, -2.14633e-07
1520013035.332659, 0.5, 2.14234e-07, -1.060606, -2.1439e-07
1520013035.4126644, 0.499999, 2.67976e-07, -1.363636, -2.68176e-07
1520013035.4728115, 0.5, 2.67765e-07, -1.363636, -2.67929e-07
1520013035.562677, 0.5, 3.25483e-07, -1.666667, -3.2566e-07
1520013035.682688, 0.5, 3.25048e-07, -1.666667, -3.25201e-07
1520013035.8028588, 0.5, 3.86905e-07, -1.969698, -3.87085e-07
1520013035.9128606, 0.5, 3.86447e-07, -1.969697, -3.8659e-07
1520013036.052995, 0.5, 4.52374e-07, -2.27273, -4.52546e-07
1520013036.1629186, 0.5, 4.51755e-07, -2.27273, -4.51877e-07
1520013036.2827415, 0.5, 5.21819e-07, -2.57576, -5.22011e-07
1520013036.3929057, 0.5, 5.21253e-07, -2.57576, -5.21393e-07
1520013036.5029445, 0.5, 5.95575e-07, -2.87879, -5.95755e-07
1520013036.622772, 0.5, 5.94902e-07, -2.87879, -5.95035e-07
1520013036.746332, 0.5, 6.73485e-07, -3.18182, -6.73652e-07
1520013036.8565335, 0.5, 6.72698e-07, -3.18182, -6.7283e-07
1520013037.0565653, 0.5, 7.55235e-07, -3.48485, -7.55398e-07
1520013037.156387, 0.5, 7.54258e-07, -3.48485, -7.54368e-07
1520013037.2765305, 0.5, 8.41331e-07, -3.78788, -8.41494e-07
1520013037.3765357, 0.5, 8.40458e-07, -3.78788, -8.40582e-07
1520013037.4965825, 0.5, 9.31724e-07, -4.09091, -9.3169e-07
1520013037.616561, 0.5, 9.30573e-07, -4.09091, -9.3051e-07
1520013037.7366025, 0.5, 1.02611e-06, -4.39394, -1.02609e-06
1520013037.8565786, 0.499999, 1.02498e-06, -4.39394, -1.0249e-06
1520013037.9666016, 0.5, 1.12476e-06, -4.69697, -1.12473e-06
1520013038.1164577, 0.5, 1.12318e-06, -4.69697, -1.1231e-06
1520013038.2379858, 0.5, 1.22722e-06, -5.0, -1.22721e-06
1520013038.3401697, 0.5, 1.22592e-06, -5.0, -1.22585e-06
1520013038.4202058, 0.5, 1.33457e-06, -5.30303, -1.33459e-06
1520013038.5001974, 0.5, 1.33333e-06, -5.30303, -1.33331e-06
1520013038.650233, 0.499999, 1.44556e-06, -5.60606, -1.44553e-06
1520013038.7603996, 0.5, 1.44397e-06, -5.60606, -1.44392e-06
1520013038.8802335, 0.5, 1.5607e-06, -5.90909, -1.56064e-06
1520013039.0000775, 0.5, 1.55904e-06, -5.90909, -1.55895e-06
1520013039.1402164, 0.5, 1.67975e-06, -6.21212, -1.67967e-06
1520013039.2301168, 0.5, 1.67812e-06, -6.21212, -1.678e-06
1520013039.3303196, 0.5, 1.80372e-06, -6.51515, -1.80364e-06
1520013039.4303553, 0.5, 1.80193e-06, -6.51515, -1.8018e-06
1520013039.530357, 0.499999, 1.93202e-06, -6.81818, -1.93195e-06
1520013039.640345, 0.5, 1.92973e-06, -6.81818, -1.92958e-06
1520013039.7303073, 0.5, 2.06399e-06, -7.12121, -2.06391e-06
1520013039.8508859, 0.5, 2.06144e-06, -7.12121, -2.0613e-06
1520013039.9711175, 0.5, 2.19952e-06, -7.42424, -2.19941e-06
1520013040.1209037, 0.5, 2.19601e-06, -7.42424, -2.19587e-06
1520013040.2410998, 0.5, 2.33876e-06, -7.72727, -2.33863e-06
1520013040.3511393, 0.5, 2.33574e-06, -7.72727, -2.3356e-06
1520013040.4611044, 0.5, 2.48252e-06, -8.0303, -2.4824e-06
1520013040.651107, 0.5, 2.47796e-06, -8.0303, -2.47777e-06
1520013040.8211684, 0.5, 2.62791e-06, -8.33333, -2.62778e-06
1520013040.9809854, 0.5, 2.62388e-06, -8.33333, -2.62367e-06
1520013041.1411922, 0.5, 2.77826e-06, -8.63636, -2.7781e-06
1520013041.251216, 0.5, 2.77519e-06, -8.63636, -2.77496e-06
1520013041.3712063, 0.5, 2.93467e-06, -8.93939, -2.93448e-06
1520013041.4878354, 0.5, 2.93077e-06, -8.93939, -2.93053e-06
1520013041.6479354, 0.5, 3.0939e-06, -9.24242, -3.09366e-06
1520013041.7579439, 0.5, 3.08994e-06, -9.24242, -3.08967e-06
1520013041.9077382, 0.5, 3.25695e-06, -9.54545, -3.2567e-06
1520013042.1378777, 0.5, 3.24935e-06, -9.54545, -3.24909e-06
1520013042.237974, 0.5, 3.42197e-06, -9.84848, -3.42176e-06
1520013042.3379812, 0.5, 3.41853e-06, -9.84848, -3.41825e-06
1520013042.4579654, 0.5, 3.59477e-06, -10.15152, -3.59451e-06
1520013042.5879254, 0.5, 3.59015e-06, -10.15152, -3.5898e-06
1520013042.727808, 0.5, 3.76914e-06, -10.45455, -3.76886e-06
1520013042.857823, 0.5, 3.76363e-06, -10.45455, -3.76327e-06
1520013042.9713511, 0.5, 3.94856e-06, -10.75758, -3.94824e-06
1520013043.0414894, 0.5, 3.94491e-06, -10.75758, -3.94452e-06
1520013043.1615558, 0.5, 4.13303e-06, -11.06061, -4.13267e-06
1520013043.2415278, 0.5, 4.12955e-06, -11.06061, -4.12919e-06
1520013043.3215606, 0.5, 4.32312e-06, -11.36364, -4.32281e-06
1520013043.4015644, 0.5, 4.31865e-06, -11.36364, -4.31833e-06
1520013043.4815395, 0.5, 4.51633e-06, -11.66667, -4.516e-06
1520013043.561543, 0.5, 4.51145e-06, -11.66667, -4.51108e-06
1520013043.6514227, 0.5, 4.71276e-06, -11.9697, -4.71242e-06
1520013043.7315698, 0.5, 4.70761e-06, -11.9697, -4.70724e-06
1520013043.8514388, 0.5, 4.91132e-06, -12.27273, -4.91102e-06
1520013043.9715846, 0.5, 4.90331e-06, -12.27273, -4.90291e-06
1520013044.151683, 0.5, 5.10782e-06, -12.57576, -5.10747e-06
1520013044.271611, 0.5, 5.09989e-06, -12.57576, -5.09952e-06
1520013044.3914871, 0.5, 5.31208e-06, -12.87879, -5.31179e-06
1520013044.5116916, 0.5, 5.30356e-06, -12.87879, -5.3032e-06
1520013044.6248682, 0.5, 5.51912e-06, -13.18182, -5.5188e-06
1520013044.7148964, 0.5, 5.5129e-06, -13.18182, -5.51254e-06
1520013044.8248894, 0.5, 5.73316e-06, -13.48485, -5.73284e-06
1520013044.9249475, 0.5, 5.72525e-06, -13.48485, -5.7249e-06
1520013045.034928, 0.5, 5.95024e-06, -13.78788, -5.94989e-06
1520013045.1749241, 0.5, 5.93842e-06, -13.78788, -5.93804e-06
1520013045.2848027, 0.5, 6.16738e-06, -14.09091, -6.16702e-06
1520013045.3749547, 0.5, 6.15844e-06, -14.09091, -6.15797e-06
1520013045.494972, 0.5, 6.3897e-06, -14.39394, -6.38927e-06
1520013045.6648338, 0.5, 6.37489e-06, -14.39394, -6.37439e-06
1520013045.8048453, 0.5, 6.61003e-06, -14.69697, -6.60953e-06
1520013045.9248543, 0.5, 6.59708e-06, -14.69697, -6.59657e-06
1520013046.035011, 0.5, 6.83784e-06, -15.0, -6.83732e-06
1520013046.1985605, 0.5, 6.82248e-06, -15.0, -6.82193e-06
