 1520293188.8242948, -1.81e-05, -1.15586e-08, 15.00001, 1.61926e-08
1520293188.871368, 0.0204062, 5.31798e-08, 15.0, 8.6199e-09
1520293188.942288, 0.0408164, 1.16548e-07, 14.99999, 4.65379e-09
1520293188.9877849, 0.0612244, 1.78259e-07, 14.99999, 3.08708e-09
1520293189.033311, 0.0816326, 2.39274e-07, 14.99999, 1.94034e-09
1520293189.0788531, 0.1020405, 3.04723e-07, 14.99999, 1.23602e-09
1520293189.124604, 0.122449, 3.73857e-07, 14.99999, 6.8634e-10
1520293189.170115, 0.1428569, 4.38503e-07, 14.99999, 2.5614e-10
1520293189.216038, 0.1632656, 5.20881e-07, 14.99999, -9.869e-11
1520293189.276892, 0.1836738, 5.88406e-07, 14.99999, -4.1939e-10
1520293189.322603, 0.2040805, 6.66905e-07, 14.99999, -5.6902e-10
1520293189.370104, 0.22449, 7.66597e-07, 14.99999, -6.7614e-10
1520293189.4161642, 0.244898, 8.45272e-07, 14.99999, -6.9304e-10
1520293189.46204, 0.265307, 9.34946e-07, 14.99999, -6.8993e-10
1520293189.515625, 0.285714, 1.02529e-06, 14.99999, -6.777e-10
1520293189.561582, 0.306122, 1.11431e-06, 14.99999, -8.3212e-10
1520293189.607224, 0.326531, 1.21434e-06, 14.99999, -8.2365e-10
1520293189.652915, 0.346938, 1.29026e-06, 14.99999, -7.8865e-10
1520293189.698669, 0.367347, 1.38369e-06, 14.99999, -8.8466e-10
1520293189.7443788, 0.387754, 1.51155e-06, 14.99999, -8.4759e-10
1520293189.814353, 0.408162, 1.61488e-06, 14.99999, -6.5034e-10
1520293189.860054, 0.428571, 1.71793e-06, 14.99999, -7.5877e-10
1520293189.9078, 0.44898, 1.81121e-06, 14.99999, -1.00451e-09
1520293189.9537358, 0.469388, 1.92207e-06, 14.99999, -1.15333e-09
1520293189.9993758, 0.489795, 2.02759e-06, 14.99999, -1.05567e-09
1520293190.044874, 0.510204, 2.13008e-06, 15.0, -1.21326e-09
1520293190.090353, 0.530612, 2.24981e-06, 14.99999, -2.76844e-09
1520293190.135916, 0.55102, 2.36114e-06, 14.99999, -3.04172e-09
1520293190.1817348, 0.571429, 2.48563e-06, 14.99999, -2.5477e-09
1520293190.227639, 0.591837, 2.62239e-06, 14.99999, -2.23903e-09
1520293190.2732532, 0.612244, 2.73945e-06, 14.99999, -2.16664e-09
1520293190.3716, 0.632653, 2.88105e-06, 14.99999, -2.46132e-09
1520293190.417123, 0.653061, 2.99297e-06, 14.99999, -2.60544e-09
1520293190.462991, 0.673469, 3.12891e-06, 14.99999, -2.68852e-09
1520293190.5083468, 0.693878, 3.23173e-06, 14.99999, -2.04006e-09
1520293190.5536692, 0.714286, 3.36339e-06, 14.99999, -1.83248e-09
1520293190.5990982, 0.734694, 3.5259e-06, 14.99999, -1.77804e-09
1520293190.644425, 0.755102, 3.67536e-06, 14.99999, -1.94158e-09
1520293190.689613, 0.77551, 3.80863e-06, 14.99999, -2.10886e-09
1520293190.735339, 0.795918, 3.94124e-06, 14.99999, -1.94453e-09
1520293190.8225641, 0.816326, 4.09723e-06, 14.99999, -1.78491e-09
1520293190.868064, 0.836735, 4.17509e-06, 14.99999, -1.53206e-09
1520293190.914059, 0.857143, 4.33612e-06, 14.99999, -1.91382e-09
1520293190.959887, 0.877551, 4.48245e-06, 14.99999, -1.89603e-09
1520293191.00513, 0.897959, 4.64742e-06, 15.0, -2.2531e-09
1520293191.083883, 0.918367, 4.81844e-06, 15.0, -2.24886e-09
1520293191.1292548, 0.938775, 4.99554e-06, 15.0, -1.84923e-09
1520293191.174499, 0.959183, 5.15137e-06, 15.00001, -1.68375e-09
1520293191.219965, 0.979592, 5.30838e-06, 15.0, -1.43728e-09
1520293191.2656, 0.999999, 5.47088e-06, 15.0, -1.95659e-09
1520293191.332272, 0.999999, 5.48827e-06, 15.0, -1.58935e-09
1520293191.374024, 0.999999, 5.55958e-06, 15.0, -1.13511e-09
1520293191.415744, 1.0, 5.44389e-06, 15.0, -9.4675e-10
1520293191.457692, 0.999999, 5.41499e-06, 15.00001, -6.7402e-10
1520293191.4993129, 0.999999, 5.39924e-06, 15.0, -3.4326e-10
1520293191.5412061, 1.0, 5.48592e-06, 15.00001, -1.616e-10
1520293191.582751, 0.999998, 5.47836e-06, 15.0, 1.8806e-10
1520293191.624309, 0.999999, 5.43369e-06, 14.99999, 2.176e-11
1520293191.6658938, 1.0, 5.46073e-06, 15.0, 1.7425e-10
1520293191.707527, 0.999999, 5.47128e-06, 15.0, 2.0465e-10
1520293191.749728, 0.999999, 5.38915e-06, 15.0, 1.6786e-10
1520293191.817714, 1.0, 5.42865e-06, 15.00001, 1.2096e-10
1520293191.859453, 1.0, 5.39354e-06, 15.0, 9.445e-11
1520293191.901113, 0.999999, 5.42872e-06, 15.0, 4.886e-11
1520293191.945544, 0.999999, 5.41579e-06, 15.0, 2.24e-11
1520293191.9872289, 0.999999, 5.42841e-06, 15.00001, 2.638e-11
1520293192.029033, 0.999999, 5.36212e-06, 15.0, 6.972e-11
1520293192.07065, 1.0, 5.41792e-06, 15.00001, 7.189e-11
1520293192.112285, 0.999999, 5.42744e-06, 15.00001, 2.843e-11
1520293192.154007, 1.0, 5.41841e-06, 15.00001, 1.1569e-10
1520293192.1955059, 0.999999, 5.42976e-06, 15.00001, 1.3211e-10
1520293192.2372649, 0.999999, 5.38985e-06, 15.0, 1.3384e-10
1520293192.2791529, 0.999999, 5.36928e-06, 15.0, 1.8267e-10
1520293192.345149, 1.0, 5.38271e-06, 15.00001, 2.1604e-10
1520293192.3867579, 0.999999, 5.42592e-06, 15.0, 1.7232e-10
1520293192.42814, 0.999999, 5.41794e-06, 15.00001, 2.0522e-10
1520293192.469905, 1.0, 5.44149e-06, 15.0, 2.2033e-10
1520293192.511002, 1.0, 5.41745e-06, 15.0, 1.9146e-10
1520293192.552505, 1.0, 5.44214e-06, 15.00001, 1.8841e-10
1520293192.594233, 1.0, 5.44955e-06, 15.00001, 2.203e-10
1520293192.636039, 1.0, 5.46596e-06, 15.00001, 2.5803e-10
1520293192.677738, 1.0, 5.45456e-06, 15.0, 2.7044e-10
1520293192.719289, 1.0, 5.45187e-06, 15.00001, 2.6853e-10
1520293192.76127, 0.999999, 5.42787e-06, 15.0, 2.7224e-10
1520293192.802939, 0.999999, 5.42309e-06, 15.0, 1.8869e-10
1520293192.89766, 0.999999, 5.39003e-06, 15.00001, 2.4476e-10
1520293192.9393358, 1.0, 5.38804e-06, 15.0, 2.4678e-10
1520293192.981359, 0.999999, 5.37048e-06, 15.0, 2.1072e-10
1520293193.023028, 0.999999, 5.3906e-06, 15.0, 2.2055e-10
1520293193.0653062, 0.999999, 5.37808e-06, 15.0, 2.2338e-10
1520293193.1069272, 0.999999, 5.40132e-06, 15.0, 2.2941e-10
1520293193.1486678, 0.999999, 5.38429e-06, 15.0, 1.7644e-10
1520293193.190283, 0.999999, 5.36064e-06, 15.0, 2.0208e-10
1520293193.2316852, 0.999999, 5.37751e-06, 15.00001, 1.951e-10
1520293193.2732558, 0.999999, 5.41138e-06, 15.0, 2.3407e-10
1520293193.354341, 1.0, 5.40459e-06, 15.0, 2.2559e-10
1520293193.3960829, 0.999999, 5.35022e-06, 15.0, 2.3724e-10
1520293193.4378948, 0.999999, 5.35629e-06, 15.00001, 2.283e-10
1520293193.47998, 1.0, 5.38361e-06, 15.00001, 2.0373e-10
1520293193.521597, 0.999999, 5.38318e-06, 15.0, 2.0633e-10
1520293193.563411, 0.999999, 5.36863e-06, 15.0, 2.2478e-10
1520293193.608864, 1.020408, 5.54495e-06, 15.00001, -4.122e-11
1520293193.654345, 1.040816, 5.71538e-06, 15.00001, -2.0675e-10
1520293193.699809, 1.061224, 5.87731e-06, 15.0, -3.3562e-10
1520293193.745266, 1.081633, 6.0553e-06, 15.0, -4.3306e-10
1520293193.791233, 1.102041, 6.21976e-06, 15.00001, -5.0534e-10
1520293193.8618932, 1.122449, 6.37705e-06, 15.0, -4.9293e-10
1520293193.9075892, 1.142857, 6.61393e-06, 15.0, -5.9273e-10
1520293193.955319, 1.163266, 6.82622e-06, 15.0, -7.0398e-10
1520293194.000745, 1.183673, 6.95192e-06, 15.00001, -7.7353e-10
1520293194.046546, 1.204081, 7.10463e-06, 15.0, -9.4756e-10
1520293194.092094, 1.224489, 7.51528e-06, 15.0, -8.4803e-10
1520293194.137538, 1.244899, 7.66382e-06, 15.00001, -9.6692e-10
1520293194.183176, 1.265306, 7.85682e-06, 15.0, -1.04831e-09
1520293194.228582, 1.285713, 8.1853e-06, 15.0, -1.11775e-09
1520293194.2741702, 1.306124, 8.48521e-06, 14.99999, -1.00556e-09
1520293194.3197281, 1.326529, 8.37096e-06, 14.99999, -1.25157e-09
1520293194.4176042, 1.346937, 9.38086e-06, 15.0, 7.68e-12
1520293194.46311, 1.367346, 9.75218e-06, 15.0, -2.436e-10
1520293194.5269918, 1.387755, 1.02626e-05, 15.0, -1.3215e-10
1520293194.572473, 1.408162, 1.01739e-05, 14.99999, -6.3738e-10
1520293194.618003, 1.428572, 1.01389e-05, 15.00001, -5.1695e-10
1520293194.663733, 1.44898, 1.10287e-05, 15.0, -6.4583e-10
1520293194.709216, 1.469389, 1.16078e-05, 14.99999, -8.2483e-10
1520293194.754507, 1.4898, 1.24364e-05, 15.00001, -7.6168e-10
1520293194.800262, 1.510205, 1.26002e-05, 15.00001, -4.5755e-10
1520293194.87856, 1.530616, 1.31311e-05, 15.00002, -6.1094e-10
1520293194.9242308, 1.551021, 1.34355e-05, 15.00001, -5.2429e-10
1520293194.970135, 1.57143, 1.36865e-05, 15.0, -8.284e-10
1520293195.015557, 1.591835, 1.40074e-05, 15.0, -8.4372e-10
1520293195.0609431, 1.612243, 1.45585e-05, 15.0, -6.7531e-10
1520293195.106601, 1.632654, 1.4923e-05, 15.00001, -7.2183e-10
1520293195.152148, 1.653061, 1.53567e-05, 15.0, -5.7692e-10
1520293195.197572, 1.673472, 1.54523e-05, 15.00001, -7.2719e-10
1520293195.263736, 1.693877, 1.57629e-05, 15.0, -6.3164e-10
1520293195.309727, 1.714287, 1.59501e-05, 15.00001, -4.3023e-10
1520293195.379594, 1.734692, 1.56306e-05, 15.0, -1.9884e-10
1520293195.424989, 1.755106, 1.71651e-05, 15.00002, -7.4247e-10
1520293195.472485, 1.775508, 1.75956e-05, 15.00001, -2.3397e-10
1520293195.518205, 1.795918, 1.72039e-05, 15.0, -3.8203e-10
1520293195.5637639, 1.816328, 1.55098e-05, 14.99999, -1.61636e-09
1520293195.609302, 1.836734, 1.59617e-05, 15.00001, -5.9128e-10
1520293195.713523, 1.857144, 1.407e-05, 14.99999, -1.7019e-09
1520293195.783794, 1.877554, 1.2643e-05, 14.99999, -4.42382e-09
1520293195.8295062, 1.897962, 1.27237e-05, 14.99999, -4.20377e-09
1520293195.9333498, 1.918369, 1.32376e-05, 15.0, -5.39788e-09
1520293195.978823, 1.938781, 1.35666e-05, 14.99999, -6.43176e-09
1520293196.0575519, 1.959184, 1.38313e-05, 14.99999, -6.16998e-09
1520293196.136416, 1.979594, 1.39884e-05, 14.99999, -5.30137e-09
1520293196.181569, 2.0, 1.37207e-05, 14.99999, -5.49666e-09
1520293196.223146, 1.999998, 1.32446e-05, 14.99999, -4.91487e-09
1520293196.264866, 2.0, 1.30945e-05, 14.99999, -4.30665e-09
1520293196.306762, 1.999998, 1.32734e-05, 14.99999, -3.62125e-09
1520293196.348737, 1.999999, 1.31458e-05, 14.99999, -3.18502e-09
1520293196.415444, 1.999995, 1.35643e-05, 14.99999, -2.56423e-09
1520293196.457282, 2.0, 1.31958e-05, 14.99999, -2.46065e-09
1520293196.499458, 2.0, 1.29608e-05, 14.99999, -2.25145e-09
1520293196.54124, 1.999998, 1.29387e-05, 14.99999, -2.02771e-09
1520293196.583053, 1.999998, 1.30365e-05, 14.99999, -1.82923e-09
1520293196.6248262, 2.000004, 1.29477e-05, 14.99999, -1.62358e-09
1520293196.6667461, 2.0, 1.3052e-05, 14.99999, -1.40828e-09
1520293196.708538, 2.000001, 1.3211e-05, 14.99998, -1.28867e-09
1520293196.750153, 1.999999, 1.30386e-05, 14.99999, -1.06685e-09
1520293196.7918231, 2.000001, 1.32173e-05, 15.0, -9.5895e-10
1520293196.833496, 2.000002, 1.31749e-05, 14.99999, -7.3179e-10
1520293196.900521, 2.000001, 1.34142e-05, 14.99999, -6.6951e-10
1520293196.942195, 1.999999, 1.31993e-05, 14.99999, -3.7519e-10
1520293196.983901, 2.000002, 1.31533e-05, 14.99999, -3.6818e-10
1520293197.0282822, 2.0, 1.2903e-05, 14.99999, -2.3043e-10
1520293197.06984, 2.0, 1.30197e-05, 14.99999, -1.0426e-10
1520293197.111319, 1.999999, 1.2643e-05, 14.99999, -8.683e-11
1520293197.1525471, 2.000001, 1.23276e-05, 14.99999, -1.8903e-10
1520293197.19385, 2.000004, 1.23225e-05, 14.99999, -6.576e-11
1520293197.2353852, 2.000003, 1.32041e-05, 14.99999, 2.056e-11
1520293197.2769752, 1.999999, 1.30009e-05, 14.99999, 2.963e-11
1520293197.3188312, 2.0, 1.29191e-05, 14.99999, 7.835e-11
1520293197.3607638, 2.0, 1.29344e-05, 14.99999, 5.884e-11
1520293197.426764, 2.0, 1.27648e-05, 14.99999, 1.133e-10
1520293197.468232, 1.999995, 1.27793e-05, 14.99999, 1.0792e-10
1520293197.5099788, 1.999996, 1.26533e-05, 14.99999, 1.3755e-10
1520293197.551446, 1.999997, 1.27127e-05, 14.99999, 1.6026e-10
1520293197.59282, 2.000001, 1.3036e-05, 14.99999, 1.6643e-10
1520293197.634476, 2.0, 1.28838e-05, 15.0, 1.42e-10
1520293197.676374, 2.0, 1.29731e-05, 14.99999, 9.238e-11
1520293197.7181618, 1.999999, 1.30932e-05, 14.99999, 1.296e-10
1520293197.759867, 2.000003, 1.30864e-05, 15.0, 1.6279e-10
1520293197.801514, 2.0, 1.31215e-05, 15.0, 1.7608e-10
1520293197.843314, 2.0, 1.30686e-05, 14.99999, 1.601e-10
1520293197.885292, 2.000001, 1.31318e-05, 14.99999, 1.3731e-10
1520293197.9793081, 2.0, 1.30693e-05, 14.99999, 1.8368e-10
1520293198.02123, 1.999999, 1.31036e-05, 14.99999, 2.0955e-10
1520293198.062887, 2.0, 1.31376e-05, 14.99999, 2.9226e-10
1520293198.104537, 1.999999, 1.31413e-05, 14.99999, 2.0209e-10
1520293198.146357, 1.999998, 1.31296e-05, 14.99999, 2.3234e-10
1520293198.188195, 1.999999, 1.30422e-05, 14.99999, 1.9045e-10
1520293198.229995, 2.0, 1.28783e-05, 15.0, 2.3659e-10
1520293198.271774, 2.0, 1.29809e-05, 14.99999, 1.9233e-10
1520293198.313452, 1.999999, 1.28436e-05, 14.99999, 2.6922e-10
1520293198.355308, 1.999999, 1.28952e-05, 14.99999, 1.9678e-10
1520293198.433934, 2.0, 1.2805e-05, 14.99999, 2.0793e-10
1520293198.475862, 2.000001, 1.29399e-05, 14.99999, 1.8761e-10
1520293198.521183, 2.020408, 1.31479e-05, 14.99999, -4.598e-11
1520293198.566772, 2.040816, 1.331e-05, 14.99999, -1.5537e-10
1520293198.612284, 2.061224, 1.3661e-05, 14.99999, -2.3878e-10
1520293198.657847, 2.08163, 1.40117e-05, 14.99999, -2.8888e-10
1520293198.704064, 2.10204, 1.41629e-05, 14.99999, -3.9996e-10
1520293198.749749, 2.12245, 1.43205e-05, 14.99999, -4.7399e-10
1520293198.795291, 2.14286, 1.45091e-05, 14.99999, -4.6453e-10
1520293198.840978, 2.16327, 1.45046e-05, 14.99999, -5.7828e-10
1520293198.886854, 2.18367, 1.48976e-05, 14.99999, -4.7092e-10
1520293198.958036, 2.20408, 1.51139e-05, 14.99999, -4.3088e-10
1520293199.003906, 2.22449, 1.51907e-05, 14.99999, -5.6415e-10
1520293199.052597, 2.24489, 1.56239e-05, 14.99999, -5.0707e-10
1520293199.098052, 2.2653, 1.6088e-05, 14.99999, -5.3879e-10
1520293199.14372, 2.28571, 1.63712e-05, 15.0, -5.732e-10
1520293199.1890502, 2.30612, 1.66988e-05, 14.99999, -7.6211e-10
1520293199.234878, 2.32653, 1.69375e-05, 14.99999, -6.7973e-10
1520293199.280612, 2.34694, 1.68579e-05, 14.99999, -8.5593e-10
1520293199.326126, 2.36735, 1.72179e-05, 14.99999, -8.9235e-10
1520293199.3717692, 2.38776, 1.7538e-05, 14.99999, -9.3199e-10
1520293199.443351, 2.40816, 1.7534e-05, 14.99999, -9.3954e-10
1520293199.4888299, 2.42857, 1.74726e-05, 14.99999, -1.25413e-09
1520293199.534357, 2.44898, 1.73015e-05, 14.99999, -3.17205e-09
1520293199.57995, 2.46939, 1.74343e-05, 14.99999, -3.14134e-09
1520293199.658675, 2.4898, 1.77669e-05, 15.0, -3.65541e-09
1520293199.704174, 2.51019, 1.78803e-05, 15.0, -2.05131e-09
1520293199.749857, 2.53061, 1.78803e-05, 15.0, -1.71109e-09
1520293199.795346, 2.55103, 1.75155e-05, 15.0, -1.47879e-09
1520293199.8409522, 2.57143, 1.55269e-05, 15.00001, -1.26314e-09
1520293199.8865962, 2.59184, 1.55345e-05, 15.00001, -2.87995e-09
1520293199.946361, 2.61224, 1.52778e-05, 15.00001, -3.36323e-09
1520293200.025033, 2.63264, 1.49862e-05, 14.99999, -3.31276e-09
1520293200.073396, 2.65306, 1.53125e-05, 15.0, -3.3591e-09
1520293200.118881, 2.67347, 1.53965e-05, 14.99999, -2.42814e-09
1520293200.16457, 2.69388, 1.57951e-05, 14.99999, -1.87017e-09
1520293200.210031, 2.71429, 1.57027e-05, 15.0, -1.6674e-09
1520293200.2556522, 2.73469, 1.56376e-05, 15.0, -1.56827e-09
1520293200.301091, 2.7551, 1.56757e-05, 15.0, -1.67485e-09
1520293200.346623, 2.77551, 1.59698e-05, 15.0, -1.5608e-09
1520293200.3921359, 2.79592, 1.60023e-05, 15.0, -1.58452e-09
1520293200.449346, 2.81633, 1.5972e-05, 15.0, -1.52919e-09
1520293200.494823, 2.83673, 1.63562e-05, 15.0, -1.54729e-09
1520293200.5405922, 2.85713, 1.6372e-05, 15.0, -1.6182e-09
1520293200.585927, 2.87755, 1.60017e-05, 15.0, -1.69981e-09
1520293200.631406, 2.89795, 1.60283e-05, 14.99999, -1.76363e-09
1520293200.676825, 2.91837, 1.61923e-05, 15.0, -1.81601e-09
1520293200.7219672, 2.93878, 1.6648e-05, 14.99999, -1.7885e-09
1520293200.767623, 2.95918, 1.62826e-05, 14.99999, -1.92351e-09
1520293200.812783, 2.97959, 1.61476e-05, 15.0, -1.94599e-09
1520293200.858408, 2.99999, 1.65944e-05, 15.0, -1.84424e-09
1520293200.900459, 3.0, 1.64066e-05, 14.99999, -1.83383e-09
1520293200.95025, 3.0, 1.62063e-05, 14.99999, -1.7806e-09
1520293200.993147, 2.99999, 1.62303e-05, 15.0, -1.62161e-09
1520293201.034803, 3.0, 1.61884e-05, 15.0, -1.46873e-09
1520293201.079254, 3.0, 1.62865e-05, 15.0, -1.56298e-09
1520293201.12137, 3.0, 1.6058e-05, 14.99999, -1.77618e-09
1520293201.163109, 3.0, 1.60355e-05, 15.0, -2.43782e-09
1520293201.204882, 2.99999, 1.60541e-05, 15.0, -2.61918e-09
1520293201.2466528, 3.0, 1.62549e-05, 15.0, -2.44726e-09
1520293201.2886982, 2.99999, 1.63852e-05, 15.0, -2.19882e-09
1520293201.3305018, 3.0, 1.63145e-05, 15.0, -1.98402e-09
1520293201.3722408, 2.99996, 1.94376e-05, 15.0, -1.75673e-09
1520293201.4141362, 3.00006, 1.67059e-05, 14.99999, -1.92245e-09
1520293201.4808168, 2.99999, 1.63783e-05, 14.99999, -1.84216e-09
1520293201.523016, 2.99999, 1.82237e-05, 15.0, -1.47044e-09
1520293201.564885, 2.99999, 1.87602e-05, 15.0, -1.15453e-09
1520293201.606637, 2.99999, 1.87671e-05, 15.0, -9.9444e-10
1520293201.648692, 3.0, 1.88442e-05, 15.0, -9.5328e-10
1520293201.690528, 3.0, 1.88552e-05, 15.0, -6.9633e-10
1520293201.7323751, 2.99999, 1.94011e-05, 14.99999, -5.8697e-10
1520293201.774176, 3.0, 1.9633e-05, 14.99999, -3.7828e-10
1520293201.815992, 2.99999, 2.00692e-05, 15.0, -2.9348e-10
1520293201.8577979, 2.99999, 2.04697e-05, 15.0, -4.0352e-10
1520293201.899696, 3.0, 2.06023e-05, 15.0, -3.3978e-10
1520293201.966061, 2.99999, 2.0983e-05, 15.0, -2.5767e-10
1520293202.007793, 2.99999, 2.10451e-05, 15.0, -2.9976e-10
1520293202.0494888, 3.0, 2.1203e-05, 15.0, -2.877e-10
1520293202.094033, 2.99999, 2.09384e-05, 15.0, -2.1525e-10
1520293202.1358778, 2.99999, 2.07551e-05, 15.0, -2.6876e-10
1520293202.177711, 2.99999, 2.02065e-05, 15.0, -1.6536e-10
1520293202.219452, 3.0, 1.99518e-05, 14.99999, -2.7514e-10
1520293202.261503, 2.99999, 1.97569e-05, 15.0, -2.0802e-10
1520293202.3033862, 2.99999, 1.97178e-05, 15.0, -1.4359e-10
1520293202.3452852, 2.99999, 1.96198e-05, 14.99999, -2.0868e-10
1520293202.38717, 2.99999, 1.97748e-05, 15.0, -2.7069e-10
1520293202.429334, 3.0, 1.95751e-05, 14.99999, -2.4634e-10
1520293202.4964821, 3.0, 1.94942e-05, 15.0, -3.9716e-10
1520293202.5385118, 3.0, 1.95032e-05, 14.99999, -2.7643e-10
1520293202.580396, 3.0, 1.96216e-05, 14.99999, -2.9375e-10
1520293202.622095, 3.0, 1.95368e-05, 14.99999, -1.3669e-10
1520293202.663927, 2.99999, 1.97344e-05, 14.99999, -1.2285e-10
1520293202.705704, 3.0, 1.96768e-05, 15.0, -4.155e-11
1520293202.747643, 2.99999, 1.95605e-05, 15.0, -7.154e-11
1520293202.789493, 3.0, 1.95395e-05, 15.0, -7.779e-11
1520293202.831132, 2.99999, 1.93978e-05, 15.0, -9.461e-11
1520293202.872842, 2.99999, 1.94316e-05, 14.99999, -6.3e-11
1520293202.9148421, 2.99999, 1.93427e-05, 15.0, -8.162e-11
1520293202.981847, 3.0, 1.94654e-05, 15.0, -2.942e-11
1520293203.0238001, 3.0, 1.94625e-05, 15.0, -2.235e-11
1520293203.065896, 3.0, 1.93453e-05, 15.0, -2.89e-12
1520293203.1104572, 3.0, 1.96178e-05, 15.0, -4.588e-11
1520293203.156149, 3.02041, 1.9754e-05, 15.0, -2.5033e-10
1520293203.202027, 3.04082, 2.00178e-05, 14.99999, -4.6166e-10
1520293203.247454, 3.06123, 1.99505e-05, 15.0, -5.9811e-10
1520293203.293067, 3.08163, 2.05083e-05, 15.0, -6.2644e-10
1520293203.338754, 3.10204, 2.03061e-05, 15.0, -8.4707e-10
1520293203.3844218, 3.12245, 2.06677e-05, 14.99999, -7.7694e-10
1520293203.4298592, 3.14285, 2.19752e-05, 14.99999, -8.0811e-10
1520293203.500293, 3.16327, 2.19636e-05, 15.00001, -8.1837e-10
1520293203.546072, 3.18366, 2.23007e-05, 14.99999, -9.5678e-10
1520293203.593601, 3.20408, 2.47354e-05, 15.0, -1.06839e-09
1520293203.6390662, 3.2245, 2.44469e-05, 15.0, -1.18034e-09
1520293203.6846578, 3.24489, 2.31007e-05, 15.0, -1.25719e-09
1520293203.7302132, 3.2652, 2.60075e-05, 15.0, -1.10559e-09
1520293203.7756631, 3.2857, 4.06482e-05, 15.0, -1.15705e-09
1520293203.8209002, 3.30611, 4.05302e-05, 15.0, -1.25088e-09
1520293203.8662221, 3.32653, 4.04394e-05, 15.0, -1.46874e-09
1520293203.9119291, 3.34693, 4.11925e-05, 14.99999, -1.34987e-09
1520293203.957603, 3.36734, 4.24344e-05, 14.99999, -1.46963e-09
1520293204.056548, 3.38775, 4.27685e-05, 15.0, -1.28177e-09
1520293204.112858, 3.40816, 4.26858e-05, 14.99999, -1.45267e-09
1520293204.158292, 3.42855, 4.61154e-05, 15.0, -1.25144e-09
1520293204.203997, 3.44899, 4.24391e-05, 15.0, -1.63492e-09
1520293204.249523, 3.46938, 4.24949e-05, 15.0, -1.53843e-09
1520293204.2952251, 3.48981, 4.21719e-05, 14.99999, -1.72086e-09
1520293204.340736, 3.51019, 4.11313e-05, 14.99999, -1.51897e-09
1520293204.386225, 3.5306, 4.23244e-05, 15.0, -1.5629e-09
1520293204.432022, 3.55101, 4.35221e-05, 14.99999, -1.57994e-09
1520293204.5117598, 3.57143, 4.35605e-05, 15.0, -1.79217e-09
1520293204.557611, 3.59187, 3.86923e-05, 14.99999, -1.94244e-09
1520293204.603206, 3.61224, 3.63649e-05, 14.99999, -1.86409e-09
1520293204.6486452, 3.63265, 3.50045e-05, 15.00001, -1.8089e-09
1520293204.694093, 3.65306, 3.60889e-05, 15.0, -1.95835e-09
1520293204.739892, 3.67346, 3.67303e-05, 15.0, -2.06308e-09
1520293204.7854102, 3.69386, 3.67705e-05, 14.99999, -2.04026e-09
1520293204.831258, 3.71429, 3.62161e-05, 15.0, -2.02288e-09
1520293204.876817, 3.73468, 3.70712e-05, 14.99999, -2.246e-09
1520293204.922421, 3.7551, 3.6708e-05, 14.99999, -2.25515e-09
1520293205.001472, 3.77551, 3.73534e-05, 15.0, -2.28753e-09
1520293205.047824, 3.79591, 3.70363e-05, 15.0, -2.13143e-09
1520293205.093463, 3.81633, 3.7147e-05, 15.0, -2.25823e-09
1520293205.1393821, 3.83673, 3.74938e-05, 15.0, -2.31725e-09
1520293205.184918, 3.85714, 3.81981e-05, 15.0, -2.59914e-09
1520293205.230834, 3.87755, 3.83937e-05, 15.0, -2.53525e-09
1520293205.276454, 3.89795, 3.93604e-05, 15.0, -3.31515e-09
1520293205.3221629, 3.91837, 3.83673e-05, 14.99999, -3.66897e-09
1520293205.367776, 3.93877, 3.80565e-05, 15.0, -3.18107e-09
1520293205.446887, 3.95918, 3.84186e-05, 14.99999, -2.21251e-09
1520293205.517386, 3.97959, 3.83546e-05, 15.0, -1.74052e-09
1520293205.563264, 4.0, 3.91961e-05, 14.99999, -2.16239e-09
1520293205.60513, 4.0, 3.82376e-05, 14.99999, -1.68597e-09
1520293205.647208, 4.00001, 3.40172e-05, 14.99999, -1.59446e-09
1520293205.689006, 4.0, 3.30183e-05, 14.99999, -1.44981e-09
1520293205.730992, 3.99998, 3.49667e-05, 14.99999, -1.5199e-09
1520293205.773087, 4.00001, 3.25604e-05, 14.99999, -1.3186e-09
1520293205.814968, 4.0, 3.28039e-05, 14.99999, -1.08689e-09
1520293205.8569012, 4.00001, 3.30294e-05, 14.99999, -1.18624e-09
1520293205.898771, 4.0, 3.22834e-05, 14.99999, -1.04316e-09
1520293205.9410062, 4.0, 3.43329e-05, 14.99999, -1.16313e-09
1520293206.0035388, 4.00001, 3.48268e-05, 15.0, -1.06677e-09
1520293206.0456388, 4.0, 3.35208e-05, 14.99999, -1.13008e-09
1520293206.087577, 4.0, 3.3421e-05, 14.99999, -1.2557e-09
1520293206.132066, 4.00001, 3.36062e-05, 14.99999, -9.8139e-10
1520293206.174127, 4.0, 3.31508e-05, 14.99999, -1.07605e-09
1520293206.216108, 4.0, 3.23424e-05, 14.99999, -1.05444e-09
1520293206.2579331, 4.0, 3.26195e-05, 14.99999, -9.6114e-10
1520293206.299754, 4.0, 3.23231e-05, 14.99999, -8.0876e-10
1520293206.341802, 4.0, 3.25803e-05, 14.99999, -8.6494e-10
1520293206.383668, 3.99999, 3.24927e-05, 14.99999, -6.0472e-10
1520293206.425569, 4.0, 3.21944e-05, 14.99999, -6.9144e-10
1520293206.467573, 3.99999, 3.18953e-05, 14.99999, -6.0933e-10
1520293206.5349052, 4.00001, 3.214e-05, 14.99999, -7.264e-10
1520293206.576899, 4.0, 3.21595e-05, 14.99999, -6.8079e-10
1520293206.618716, 4.0, 3.21592e-05, 14.99999, -6.4927e-10
1520293206.660707, 3.99999, 3.26853e-05, 15.0, -6.7706e-10
1520293206.702524, 4.0, 3.17624e-05, 15.0, -7.2792e-10
1520293206.744517, 4.0, 3.0957e-05, 14.99999, -7.4219e-10
1520293206.786438, 4.0, 3.12267e-05, 14.99998, -7.0527e-10
1520293206.8283331, 4.0, 3.30776e-05, 14.99999, -5.1951e-10
1520293206.8913841, 4.00001, 3.27081e-05, 14.99999, -5.1211e-10
1520293206.933252, 4.0, 3.14041e-05, 15.0, -5.7366e-10
1520293206.975518, 4.00001, 3.14261e-05, 14.99999, -2.6432e-10
1520293207.0418088, 3.99999, 3.08821e-05, 14.99999, -4.8307e-10
1520293207.083479, 3.99999, 3.06392e-05, 14.99999, -3.2238e-10
1520293207.125371, 3.99999, 3.1036e-05, 14.99999, -4.8119e-10
1520293207.167354, 4.0, 3.11858e-05, 14.99998, -2.726e-10
1520293207.2091908, 4.0, 3.0797e-05, 14.99999, -4.1322e-10
1520293207.251231, 4.0, 3.11927e-05, 14.99999, -3.8456e-10
1520293207.2931159, 4.0, 3.10358e-05, 14.99999, -3.0049e-10
1520293207.334956, 4.00001, 3.11189e-05, 14.99999, -2.7369e-10
1520293207.376765, 4.0, 3.12677e-05, 14.99999, -1.3606e-10
1520293207.418538, 4.0, 3.12704e-05, 14.99999, -2.8987e-10
1520293207.4605188, 4.0, 3.07828e-05, 14.99999, -2.5581e-10
1520293207.528352, 4.0, 3.13586e-05, 14.99999, -1.6187e-10
1520293207.5707252, 4.0, 3.13013e-05, 14.99999, -2.3048e-10
1520293207.612755, 4.0, 3.14588e-05, 14.99999, -1.3274e-10
1520293207.65733, 4.0, 3.12301e-05, 15.0, -1.903e-10
1520293207.6994429, 4.0, 3.14011e-05, 14.99999, -2.1971e-10
1520293207.741948, 3.99999, 3.09877e-05, 14.99999, -1.186e-10
1520293207.783942, 4.0, 3.08015e-05, 14.99999, -2.0463e-10
1520293207.8259552, 4.0, 3.09235e-05, 14.99999, -1.3383e-10
1520293207.8721862, 4.0204, 3.14725e-05, 14.99999, -3.28e-10
1520293207.917996, 4.04082, 3.16387e-05, 14.99999, -4.6812e-10
1520293207.9640498, 4.06122, 3.25416e-05, 14.99999, -5.7572e-10
1520293208.0314932, 4.08163, 3.21255e-05, 14.99999, -7.8369e-10
1520293208.077514, 4.10204, 3.24021e-05, 14.99999, -7.5505e-10
1520293208.123539, 4.12245, 3.27165e-05, 14.99999, -7.9537e-10
1520293208.1695921, 4.14286, 3.28195e-05, 14.99998, -9.6131e-10
1520293208.2156212, 4.16326, 3.2934e-05, 14.99999, -9.0157e-10
1520293208.2622578, 4.18367, 3.44919e-05, 14.99999, -1.02317e-09
1520293208.308566, 4.20408, 3.46415e-05, 14.99999, -1.02734e-09
1520293208.354165, 4.22449, 3.41466e-05, 14.99999, -1.20817e-09
1520293208.399866, 4.24489, 3.45965e-05, 14.99999, -1.18339e-09
1520293208.4457211, 4.26531, 3.54024e-05, 14.99999, -1.50374e-09
1520293208.491764, 4.28571, 3.52258e-05, 14.99999, -1.56135e-09
1520293208.562676, 4.30612, 3.52125e-05, 14.99999, -1.90822e-09
1520293208.608531, 4.32653, 3.59958e-05, 14.99999, -1.93359e-09
1520293208.6563342, 4.34693, 3.4769e-05, 14.99999, -2.19794e-09
1520293208.7020779, 4.36735, 3.50303e-05, 15.0, -2.12073e-09
1520293208.747843, 4.38775, 3.49897e-05, 14.99999, -1.97112e-09
1520293208.7936041, 4.40815, 3.59303e-05, 14.99999, -2.34987e-09
1520293208.839166, 4.42856, 3.57046e-05, 14.99999, -2.23903e-09
1520293208.885061, 4.44897, 3.64034e-05, 14.99999, -2.22807e-09
1520293208.930832, 4.46939, 3.64536e-05, 14.99999, -2.45821e-09
1520293208.976407, 4.4898, 3.72164e-05, 14.99999, -2.30783e-09
1520293209.048743, 4.51019, 3.71574e-05, 14.99999, -2.34911e-09
1520293209.0946429, 4.53061, 3.71398e-05, 14.99999, -2.24232e-09
1520293209.140557, 4.55102, 3.82365e-05, 14.99999, -2.31718e-09
1520293209.1865752, 4.57143, 3.7639e-05, 14.99999, -2.53239e-09
1520293209.23298, 4.59183, 3.73197e-05, 15.0, -2.38525e-09
1520293209.278999, 4.61223, 3.80346e-05, 14.99999, -2.17146e-09
1520293209.324808, 4.63264, 3.94978e-05, 14.99999, -2.27667e-09
1520293209.37104, 4.65306, 3.95043e-05, 14.99999, -2.34735e-09
1520293209.4503648, 4.67348, 4.00311e-05, 15.0, -2.16054e-09
1520293209.496324, 4.69387, 3.95808e-05, 15.0, -2.09782e-09
1520293209.566638, 4.71428, 4.05512e-05, 15.00001, -2.24416e-09
1520293209.612821, 4.73469, 4.10267e-05, 15.0, -2.83767e-09
1520293209.66066, 4.75509, 4.25485e-05, 15.0, -2.61429e-09
1520293209.7065558, 4.7755, 4.1935e-05, 14.99999, -2.40297e-09
1520293209.785731, 4.79592, 4.66357e-05, 14.99999, -2.25097e-09
1520293209.8315148, 4.81634, 4.45446e-05, 14.99999, -2.67522e-09
1520293209.877752, 4.83673, 4.51648e-05, 14.99999, -2.9859e-09
1520293209.923914, 4.85714, 4.50183e-05, 14.99999, -2.82275e-09
1520293210.002987, 4.87756, 4.52767e-05, 15.0, -2.3161e-09
1520293210.073468, 4.89795, 4.54083e-05, 15.0, -2.03849e-09
1520293210.119391, 4.91837, 4.58918e-05, 15.0, -2.21127e-09
1520293210.1675131, 4.93878, 4.70591e-05, 15.0, -2.31552e-09
1520293210.213335, 4.95918, 4.62136e-05, 15.0, -2.35501e-09
1520293210.259388, 4.97958, 4.70634e-05, 15.0, -2.4265e-09
1520293210.305299, 4.99999, 4.72342e-05, 15.0, -2.37657e-09
1520293210.347231, 4.99999, 4.75695e-05, 15.00001, -2.03715e-09
1520293210.389432, 4.99999, 4.9842e-05, 15.00001, -1.781e-09
1520293210.431484, 4.99998, 4.92389e-05, 15.00001, -1.74514e-09
1520293210.473513, 5.00001, 5.41973e-05, 15.0, -1.80251e-09
1520293210.515639, 5.0, 4.35004e-05, 15.0, -1.96032e-09
1520293210.5823119, 5.00002, 5.17075e-05, 15.00001, -1.50342e-09
1520293210.6245382, 4.99999, 5.40993e-05, 15.0, -1.10028e-09
1520293210.666673, 4.99999, 5.4929e-05, 15.0, -8.9337e-10
1520293210.708931, 5.00001, 5.49696e-05, 15.0, -8.3479e-10
1520293210.751113, 5.0, 5.43099e-05, 15.0, -7.8053e-10
1520293210.793269, 5.0, 5.43393e-05, 15.0, -8.0975e-10
1520293210.8353589, 4.99999, 5.49449e-05, 15.0, -7.5884e-10
1520293210.877527, 4.99998, 5.47763e-05, 14.99999, -6.5504e-10
1520293210.919893, 4.99998, 5.57382e-05, 15.0, -3.7485e-10
1520293210.962154, 5.0, 5.50862e-05, 15.0, -5.7193e-10
1520293211.004266, 5.0, 5.54564e-05, 15.00001, -4.4509e-10
1520293211.069563, 5.0, 5.53794e-05, 15.00001, -4.513e-10
1520293211.111837, 5.00001, 5.29974e-05, 15.0, -5.2797e-10
1520293211.15384, 5.00001, 5.11929e-05, 15.0, -4.2772e-10
1520293211.198763, 4.99999, 5.45508e-05, 15.00001, -2.4666e-10
1520293211.240872, 5.0, 5.32035e-05, 15.00001, -4.6402e-10
1520293211.283308, 4.99999, 5.17462e-05, 15.0, -2.2957e-10
1520293211.32562, 5.00001, 5.09277e-05, 15.00001, -2.8151e-10
1520293211.3677042, 5.0, 4.79672e-05, 15.00001, -3.2308e-10
1520293211.41001, 4.99999, 4.749e-05, 15.00001, -1.9991e-10
1520293211.4519958, 4.99999, 4.78956e-05, 15.00001, -2.8685e-10
1520293211.49422, 5.00001, 4.84955e-05, 15.0, -2.2922e-10
1520293211.536342, 5.0, 5.05873e-05, 15.0, -1.8767e-10
1520293211.6042502, 5.0, 5.23138e-05, 15.0, -1.4398e-10
1520293211.646427, 5.0, 5.26958e-05, 15.0, -8.816e-11
1520293211.6886022, 5.0, 5.37764e-05, 15.0, -7.657e-11
1520293211.730751, 5.0, 5.32484e-05, 15.0, -3.653e-11
1520293211.772751, 5.0, 5.37386e-05, 15.00001, -1.2754e-10
1520293211.814986, 4.99999, 5.45389e-05, 15.00001, -2.5725e-10
1520293211.857024, 4.99999, 5.49303e-05, 15.0, -1.0821e-10
1520293211.8993652, 5.0, 5.58922e-05, 15.0, -8.669e-11
1520293211.9416351, 5.0, 5.48796e-05, 15.0, -1.2221e-10
1520293211.983846, 4.99999, 5.45736e-05, 15.00001, -9.641e-11
1520293212.026156, 5.0, 5.47997e-05, 15.00001, -2.645e-10
1520293212.08982, 5.0, 5.47133e-05, 15.0, -5.227e-11
1520293212.131951, 5.0, 5.44624e-05, 15.00001, -1.356e-10
1520293212.173972, 5.0, 5.23777e-05, 15.00001, -1.688e-10
1520293212.218771, 5.0, 5.20754e-05, 15.00001, -9.435e-11
1520293212.260867, 5.0, 5.31238e-05, 15.00001, -7.997e-11
1520293212.302921, 5.0, 5.46875e-05, 15.00001, -1.3179e-10
1520293212.34505, 5.0, 5.53274e-05, 15.00001, -1.3576e-10
1520293212.387168, 5.0, 5.44219e-05, 15.0, -1.2864e-10
1520293212.429642, 4.99999, 5.36576e-05, 15.0, -7.673e-11
1520293212.471736, 5.0, 5.44824e-05, 15.0, -8.426e-11
1520293212.5139399, 5.0, 5.49808e-05, 15.0, -7.157e-11
1520293212.55601, 4.99999, 5.30318e-05, 15.00001, -1.571e-11
1520293212.626786, 5.02042, 5.14076e-05, 15.00001, -2.9398e-10
1520293212.6724548, 5.04082, 5.27077e-05, 15.00001, -4.7742e-10
1520293212.719906, 5.06122, 5.36804e-05, 15.00001, -5.1852e-10
1520293212.765397, 5.08162, 5.51232e-05, 15.0, -6.2263e-10
1520293212.810961, 5.10205, 5.36143e-05, 15.0, -7.8804e-10
1520293212.8569112, 5.12246, 5.45678e-05, 14.99999, -8.6292e-10
1520293212.902789, 5.14285, 5.40796e-05, 15.0, -7.9869e-10
1520293212.948664, 5.16327, 5.49938e-05, 15.0, -9.2614e-10
1520293212.9945889, 5.18367, 5.53505e-05, 15.0, -9.9185e-10
1520293213.040619, 5.20407, 5.58261e-05, 15.0, -1.08248e-09
1520293213.1131048, 5.2245, 5.66657e-05, 15.00001, -1.10447e-09
1520293213.1590662, 5.2449, 5.60654e-05, 15.00001, -1.05498e-09
1520293213.204997, 5.26531, 5.33458e-05, 15.00001, -1.09113e-09
1520293213.2511868, 5.2857, 5.34476e-05, 15.0, -1.07196e-09
1520293213.2971048, 5.30611, 5.26658e-05, 15.00001, -1.20342e-09
1520293213.343117, 5.32653, 5.19053e-05, 15.0, -1.59517e-09
1520293213.3888798, 5.34694, 5.24675e-05, 15.0, -1.68796e-09
1520293213.4345999, 5.36735, 5.24618e-05, 15.0, -1.79909e-09
1520293213.480232, 5.38775, 5.19064e-05, 15.00001, -1.92453e-09
1520293213.526061, 5.40816, 5.41431e-05, 15.00001, -2.38368e-09
1520293213.616189, 5.42857, 4.93649e-05, 15.0, -2.61872e-09
1520293213.662248, 5.44897, 5.50997e-05, 14.99999, -2.60936e-09
1520293213.708066, 5.46939, 5.60132e-05, 15.0, -2.56705e-09
1520293213.787426, 5.4898, 5.32076e-05, 15.00001, -2.38858e-09
1520293213.833385, 5.51021, 5.5343e-05, 15.0, -2.72143e-09
1520293213.8794, 5.53059, 5.55498e-05, 15.00001, -2.63135e-09
1520293213.925366, 5.55101, 5.69516e-05, 15.0, -2.533e-09
1520293214.004747, 5.57142, 5.57416e-05, 15.00001, -2.41814e-09
1520293214.050724, 5.59183, 5.66869e-05, 15.0, -2.74059e-09
1520293214.118647, 5.61223, 5.77969e-05, 15.00001, -2.60113e-09
1520293214.164764, 5.63266, 5.74392e-05, 15.0, -2.61214e-09
1520293214.210686, 5.65306, 5.7778e-05, 14.99999, -2.49819e-09
1520293214.257022, 5.67346, 5.8164e-05, 15.00001, -2.25478e-09
1520293214.303141, 5.69387, 6.00511e-05, 15.0, -2.34985e-09
1520293214.34917, 5.71428, 6.07876e-05, 15.0, -2.42737e-09
1520293214.3949308, 5.73469, 6.17565e-05, 15.0, -2.47076e-09
1520293214.4739468, 5.7551, 5.68219e-05, 15.0, -2.37725e-09
1520293214.520237, 5.77552, 5.1999e-05, 15.00001, -2.54285e-09
1520293214.566394, 5.79591, 5.23629e-05, 15.00001, -2.40428e-09
1520293214.637961, 5.81631, 5.27204e-05, 15.0, -2.62954e-09
1520293214.684145, 5.83672, 3.52219e-05, 15.0, -3.1343e-09
