 1517526455.624918, -3.3e-06, -8.0775e-09, 15.0, 9.236e-09
1517526455.6699204, 0.0204108, 6.95148e-08, 15.0, 7.763e-09
1517526455.7289238, 0.0408163, 1.46558e-07, 15.0, 6.281e-09
1517526455.7739265, 0.0612242, 2.22625e-07, 15.0, 4.872e-09
1517526455.8199291, 0.0816338, 2.96064e-07, 15.0, 4.24e-09
1517526455.8649318, 0.1020403, 3.80367e-07, 15.0, 3.705e-09
1517526455.9099343, 0.1224496, 4.58689e-07, 15.0, 3.578e-09
1517526455.955937, 0.1428576, 5.45424e-07, 15.0, 3.568e-09
1517526456.0009396, 0.1632663, 6.25391e-07, 15.0, 2.532e-09
1517526456.045942, 0.1836739, 7.20322e-07, 15.0, 2.489e-09
1517526456.1169462, 0.2040805, 8.00781e-07, 15.0, 2.364e-09
1517526456.164949, 0.22449, 8.94072e-07, 15.0, 2.106e-09
1517526456.2219522, 0.244898, 9.7621e-07, 15.0, 2.144e-09
1517526456.2669547, 0.265306, 1.08416e-06, 15.0, 1.877e-09
1517526456.3119574, 0.285714, 1.18761e-06, 15.0, 1.84e-09
1517526456.35796, 0.306122, 1.24261e-06, 15.0, 1.808e-09
1517526456.4039626, 0.326531, 1.34853e-06, 15.0, 1.648e-09
1517526456.448965, 0.346939, 1.44055e-06, 15.0, 1.717e-09
1517526456.4939675, 0.367347, 1.53297e-06, 15.0, 1.676e-09
1517526456.5409706, 0.387755, 1.61759e-06, 15.0, 1.692e-09
1517526456.6119745, 0.408163, 1.71736e-06, 15.0, 1.397e-09
1517526456.6599772, 0.42857, 1.83594e-06, 15.0, 1.396e-09
1517526456.7069798, 0.448979, 1.9686e-06, 15.0, 1.279e-09
1517526456.7539828, 0.469388, 2.08465e-06, 15.0, 1.207e-09
1517526456.7999852, 0.489795, 2.13624e-06, 15.0, 1.167e-09
1517526456.8459878, 0.510203, 2.26996e-06, 15.0, 1.087e-09
1517526456.8909903, 0.530611, 2.38882e-06, 15.0, 1.026e-09
1517526456.9369931, 0.55102, 2.49709e-06, 15.0, 1.051e-09
1517526456.9819956, 0.571429, 2.65844e-06, 15.0, 1.001e-09
1517526457.0279982, 0.591837, 2.75997e-06, 15.0, 9.57e-10
1517526457.073001, 0.612245, 2.84593e-06, 15.0, 9.62e-10
1517526457.148005, 0.632653, 2.98556e-06, 15.0, 8.98e-10
1517526457.199008, 0.65306, 3.08608e-06, 15.0, 9.24e-10
1517526457.2470107, 0.673469, 3.18029e-06, 15.0, 9.02e-10
1517526457.2920134, 0.693878, 3.27534e-06, 15.0, 8.22e-10
1517526457.338016, 0.714286, 3.38877e-06, 15.0, 7.6e-10
1517526457.3840187, 0.734693, 3.53669e-06, 15.0, 8.05e-10
1517526457.4290211, 0.755102, 3.59411e-06, 15.0, 7.61e-10
1517526457.475024, 0.77551, 3.69433e-06, 15.0, 7.42e-10
1517526457.5200264, 0.795918, 3.82552e-06, 15.0, 7.15e-10
1517526457.5650291, 0.816328, 3.89371e-06, 15.0, 7.42e-10
1517526457.6370332, 0.836735, 3.9343e-06, 15.0, 7.06e-10
1517526457.6830356, 0.857143, 4.04393e-06, 15.0, 6.95e-10
1517526457.736039, 0.877552, 4.21114e-06, 15.0, 6.78e-10
1517526457.7820413, 0.897959, 4.36964e-06, 15.0, 6.79e-10
1517526457.828044, 0.918367, 4.48414e-06, 15.0, 6.61e-10
1517526457.8740468, 0.938775, 4.65254e-06, 15.0, 6.45e-10
1517526457.9200494, 0.959184, 4.81254e-06, 15.0, 6.21e-10
1517526457.965052, 0.979592, 4.83707e-06, 15.0, 6.21e-10
1517526458.0100543, 1.0, 4.98962e-06, 15.0, 6.03e-10
1517526458.053057, 1.000001, 5.02995e-06, 15.0, 5.55e-10
1517526458.1210608, 0.999998, 5.00659e-06, 15.0, 5.56e-10
1517526458.1620631, 1.0, 5.01806e-06, 15.0, 5.77e-10
1517526458.2040656, 0.999999, 5.00067e-06, 15.0, 5.77e-10
1517526458.2500682, 0.999999, 5.01744e-06, 15.0, 5.76e-10
1517526458.2920706, 0.999999, 4.99697e-06, 15.0, 5.64e-10
1517526458.334073, 0.999999, 5.00721e-06, 15.0, 5.51e-10
1517526458.3760755, 0.999999, 5.01431e-06, 15.0, 5.19e-10
1517526458.4180777, 0.999999, 5.01762e-06, 15.0, 5.34e-10
1517526458.4600801, 0.999999, 5.06288e-06, 15.0, 5.26e-10
1517526458.5020826, 1.0, 5.0168e-06, 15.0, 5.71e-10
1517526458.5430849, 0.999999, 5.06582e-06, 15.0, 5.95e-10
1517526458.5850873, 1.000001, 5.03692e-06, 15.0, 5.74e-10
1517526458.651091, 1.000001, 5.01047e-06, 15.0, 5.65e-10
1517526458.703094, 1.0, 5.01315e-06, 15.0, 5.7e-10
1517526458.753097, 0.999999, 5.0362e-06, 15.0, 5.31e-10
1517526458.7970996, 0.999999, 5.10197e-06, 15.0, 5.51e-10
1517526458.842102, 1.0, 5.12263e-06, 15.0, 5.17e-10
1517526458.8841045, 0.999999, 5.12081e-06, 15.0, 5.69e-10
1517526458.9271069, 1.000001, 5.09224e-06, 15.0, 5.38e-10
1517526458.9681094, 0.999999, 5.11354e-06, 15.0, 5.28e-10
1517526459.0101116, 1.0, 5.10142e-06, 15.0, 5e-10
1517526459.0521142, 0.999999, 5.07683e-06, 15.0, 4.9e-10
1517526459.0941167, 0.999999, 5.10241e-06, 15.0, 4.98e-10
1517526459.1601202, 1.0, 5.10409e-06, 15.0, 4.92e-10
1517526459.2031226, 0.999999, 5.0911e-06, 15.0, 4.98e-10
1517526459.2551258, 1.0, 5.10393e-06, 15.0, 4.91e-10
1517526459.2981281, 0.999999, 4.9922e-06, 15.0, 4.52e-10
1517526459.3401306, 1.0, 5.05598e-06, 15.0, 4.79e-10
1517526459.382133, 0.999999, 5.04846e-06, 15.0, 4.82e-10
1517526459.4241354, 0.999999, 5.14035e-06, 15.0, 4.81e-10
1517526459.4661376, 1.0, 5.09841e-06, 15.0, 4.51e-10
1517526459.50814, 1.0, 5.1339e-06, 15.0, 4.65e-10
1517526459.5501425, 1.0, 5.06324e-06, 15.0, 4.88e-10
1517526459.591145, 1.0, 5.04221e-06, 15.0, 5.17e-10
1517526459.6431477, 1.0, 5.03113e-06, 15.0, 4.84e-10
1517526459.6861503, 0.999999, 5.01071e-06, 15.0, 4.94e-10
1517526459.7281525, 1.0, 5.00478e-06, 15.0, 4.76e-10
1517526459.7731552, 1.000001, 5.10935e-06, 15.0, 4.75e-10
1517526459.8451595, 1.0, 5.09378e-06, 15.0, 4.97e-10
1517526459.889162, 0.999999, 5.06482e-06, 15.0, 4.93e-10
1517526459.9321644, 0.999999, 5.09508e-06, 15.0, 5.21e-10
1517526459.9741669, 0.999999, 5.10171e-06, 15.0, 4.71e-10
1517526460.015169, 0.999999, 5.11442e-06, 15.0, 4.76e-10
1517526460.0571713, 1.0, 5.17747e-06, 15.0, 4.4e-10
1517526460.0981739, 1.0, 5.17501e-06, 15.0, 4.36e-10
1517526460.1651776, 0.999999, 5.117e-06, 15.0, 4.1e-10
1517526460.20718, 1.0, 5.16776e-06, 15.0, 3.98e-10
1517526460.2481825, 1.0, 5.17769e-06, 15.0, 4.08e-10
1517526460.290185, 0.999999, 5.18674e-06, 15.0, 4.45e-10
1517526460.3321874, 1.0, 5.09691e-06, 15.0, 4.52e-10
1517526460.3771899, 1.020408, 5.25408e-06, 15.0, 4.13e-10
1517526460.4221923, 1.040815, 5.41071e-06, 15.0, 4.1e-10
1517526460.4671948, 1.061224, 5.58295e-06, 15.0, 3.64e-10
1517526460.5131977, 1.081632, 5.77261e-06, 15.0, 3.83e-10
1517526460.5582004, 1.10204, 5.99422e-06, 15.0, 3.77e-10
1517526460.6032028, 1.122447, 6.06803e-06, 15.0, 3.71e-10
1517526460.6732068, 1.142856, 6.24434e-06, 15.0, 3.84e-10
1517526460.7192094, 1.163264, 6.3373e-06, 15.0, 3.84e-10
1517526460.766212, 1.183673, 6.58596e-06, 15.0, 3.87e-10
1517526460.8122149, 1.204082, 6.84625e-06, 15.0, 4e-10
1517526460.8572173, 1.22449, 6.96881e-06, 15.0, 3.76e-10
1517526460.90322, 1.244898, 7.02424e-06, 15.0, 3.38e-10
1517526460.9482224, 1.265306, 7.23104e-06, 15.0, 3.7e-10
1517526460.9942253, 1.285713, 7.39911e-06, 15.0, 3.71e-10
1517526461.0392277, 1.306121, 7.59019e-06, 15.0, 3.36e-10
1517526461.0842304, 1.326532, 7.66442e-06, 15.0, 3.47e-10
1517526461.1302328, 1.346939, 7.93507e-06, 15.0, 3.4e-10
1517526461.2292385, 1.367347, 8.14984e-06, 15.0, 3.36e-10
1517526461.2752411, 1.387755, 8.29463e-06, 15.0, 3.58e-10
1517526461.321244, 1.408162, 8.42612e-06, 15.0, 3.53e-10
1517526461.3672466, 1.428569, 8.53813e-06, 15.0, 3.29e-10
1517526461.413249, 1.448979, 8.79901e-06, 15.0, 3.2e-10
1517526461.4582517, 1.469388, 9.03674e-06, 15.0, 3.15e-10
1517526461.504254, 1.489795, 9.20195e-06, 15.0, 3.01e-10
1517526461.5532572, 1.510203, 9.50389e-06, 15.0, 3.27e-10
1517526461.5992596, 1.530611, 9.59214e-06, 15.0, 3.13e-10
1517526461.6792643, 1.551019, 9.80219e-06, 15.0, 3.07e-10
1517526461.744268, 1.571428, 1.02598e-05, 15.0, 3.03e-10
1517526461.7932708, 1.591836, 1.0522e-05, 15.0, 2.82e-10
1517526461.8402734, 1.612244, 1.08203e-05, 15.0, 3.01e-10
1517526461.886276, 1.632652, 1.10348e-05, 15.0, 3.26e-10
1517526461.9322789, 1.65306, 1.1203e-05, 15.0, 3.21e-10
1517526461.9772813, 1.673468, 1.12495e-05, 15.0, 3.1e-10
1517526462.023284, 1.693877, 1.12956e-05, 15.0, 2.94e-10
1517526462.0692866, 1.714285, 1.16489e-05, 15.0, 2.8e-10
1517526462.1152894, 1.734694, 1.20542e-05, 15.0, 2.82e-10
1517526462.1872935, 1.7551, 1.24071e-05, 15.0, 2.93e-10
1517526462.233296, 1.77551, 1.26536e-05, 15.0, 2.99e-10
1517526462.2812986, 1.795919, 1.27709e-05, 15.0, 2.74e-10
1517526462.3273013, 1.816325, 1.30601e-05, 15.0, 2.95e-10
1517526462.3733041, 1.836733, 1.33679e-05, 15.0, 2.68e-10
1517526462.443308, 1.857143, 1.38176e-05, 15.0, 2.56e-10
1517526462.4893107, 1.87755, 1.38144e-05, 15.0, 2.63e-10
1517526462.5353134, 1.897959, 1.41658e-05, 15.0, 2.73e-10
1517526462.5813158, 1.918368, 1.45768e-05, 15.0, 2.82e-10
1517526462.6283188, 1.938775, 1.50877e-05, 15.0, 2.75e-10
1517526462.6983228, 1.959186, 1.51037e-05, 15.0, 2.72e-10
1517526462.7443252, 1.979588, 1.54772e-05, 15.0, 2.62e-10
1517526462.793328, 2.000001, 1.58386e-05, 15.0, 2.64e-10
1517526462.8353302, 1.999999, 1.59805e-05, 15.0, 2.73e-10
1517526462.8763328, 1.999999, 1.59291e-05, 15.0, 2.57e-10
1517526462.9183352, 2.0, 1.58521e-05, 15.0, 2.48e-10
1517526462.9593375, 2.000001, 1.58229e-05, 15.0, 2.49e-10
1517526463.00134, 2.000002, 1.58542e-05, 15.0, 2.52e-10
1517526463.0443423, 2.000001, 1.58684e-05, 15.0, 2.69e-10
1517526463.0863447, 2.0, 1.60447e-05, 15.0, 2.37e-10
1517526463.1393478, 2.0, 1.58808e-05, 15.0, 2.64e-10
1517526463.2053516, 2.000001, 1.60203e-05, 15.0, 2.57e-10
1517526463.247354, 1.999999, 1.58952e-05, 15.0, 2.65e-10
1517526463.2893562, 2.000001, 1.58985e-05, 15.0, 2.65e-10
1517526463.3363593, 1.999999, 1.59833e-05, 15.0, 2.5e-10
1517526463.3783617, 1.999997, 1.61336e-05, 15.0, 2.65e-10
1517526463.4203637, 1.999998, 1.60912e-05, 15.0, 2.68e-10
1517526463.4633665, 1.999999, 1.59684e-05, 15.0, 2.7e-10
1517526463.505369, 2.000001, 1.59881e-05, 15.0, 2.49e-10
1517526463.5473711, 2.000002, 1.58898e-05, 15.0, 2.43e-10
1517526463.5893736, 2.000001, 1.58459e-05, 15.0, 2.51e-10
1517526463.6313758, 1.999999, 1.58204e-05, 15.0, 2.5e-10
1517526463.6963797, 2.0, 1.58761e-05, 15.0, 2.62e-10
1517526463.738382, 1.999999, 1.57816e-05, 15.0, 2.5e-10
1517526463.7803845, 1.999999, 1.5717e-05, 15.0, 2.42e-10
1517526463.823387, 1.999997, 1.60431e-05, 15.0, 2.49e-10
1517526463.8653893, 2.0, 1.61032e-05, 15.0, 2.47e-10
1517526463.9073918, 1.999999, 1.57653e-05, 15.0, 2.46e-10
1517526463.9493942, 1.999998, 1.58759e-05, 15.0, 2.56e-10
1517526463.9913967, 1.999998, 1.59063e-05, 15.0, 2.45e-10
1517526464.033399, 1.999998, 1.59979e-05, 15.0, 2.58e-10
1517526464.0744014, 2.000002, 1.59147e-05, 15.0, 2.51e-10
1517526464.1164038, 1.999999, 1.59236e-05, 15.0, 2.35e-10
1517526464.1594062, 2.0, 1.59919e-05, 15.0, 2.16e-10
1517526464.2334104, 1.999998, 1.5888e-05, 15.0, 2.43e-10
1517526464.2744129, 1.999997, 1.6145e-05, 15.0, 2.46e-10
1517526464.3184154, 1.999997, 1.62076e-05, 15.0, 2.55e-10
1517526464.3604178, 2.000001, 1.61934e-05, 15.0, 2.56e-10
1517526464.4024203, 1.999999, 1.63234e-05, 15.0, 2.37e-10
1517526464.4444225, 2.000005, 1.62305e-05, 15.0, 2.7e-10
1517526464.487425, 2.000001, 1.61192e-05, 15.0, 2.41e-10
1517526464.5294273, 2.000001, 1.60173e-05, 15.0, 2.67e-10
1517526464.57243, 2.0, 1.57986e-05, 15.0, 2.47e-10
1517526464.6154323, 1.999997, 1.56192e-05, 15.0, 2.58e-10
1517526464.682436, 1.999999, 1.55963e-05, 15.0, 2.27e-10
1517526464.7784417, 2.000002, 1.59123e-05, 15.0, 2.32e-10
1517526464.8204439, 1.999999, 1.60275e-05, 15.0, 2.48e-10
1517526464.8634465, 2.000001, 1.60641e-05, 15.0, 2.5e-10
1517526464.9044487, 2.0, 1.59453e-05, 15.0, 2.41e-10
1517526464.9464512, 1.999999, 1.58166e-05, 15.0, 2.45e-10
1517526464.9884536, 2.0, 1.6019e-05, 15.0, 2.54e-10
1517526465.030456, 2.000003, 1.61703e-05, 15.0, 2.24e-10
1517526465.0724585, 1.999999, 1.62432e-05, 15.0, 2.51e-10
1517526465.1154609, 2.000001, 1.6625e-05, 15.0, 2.48e-10
1517526465.1624634, 2.020409, 1.68365e-05, 15.0, 2.23e-10
1517526465.242468, 2.040812, 1.7231e-05, 15.0, 2.5e-10
1517526465.2884707, 2.061221, 1.76003e-05, 15.0, 2.47e-10
1517526465.3334732, 2.081631, 1.7865e-05, 15.0, 2.67e-10
1517526465.379476, 2.10204, 1.834e-05, 15.0, 2.25e-10
1517526465.4254787, 2.12244, 1.84486e-05, 15.0, 2.48e-10
1517526465.471481, 2.14286, 1.88979e-05, 15.0, 2.42e-10
1517526465.5174837, 2.16327, 1.92935e-05, 15.0, 2.27e-10
1517526465.5634866, 2.18367, 1.9397e-05, 15.0, 2.22e-10
1517526465.6094892, 2.20408, 1.97435e-05, 15.0, 2.18e-10
1517526465.6544917, 2.22449, 2.00208e-05, 15.0, 2.25e-10
1517526465.7194955, 2.2449, 2.01761e-05, 15.0, 2.11e-10
1517526465.7654982, 2.26531, 2.07838e-05, 15.0, 2.32e-10
1517526465.813501, 2.28571, 2.11736e-05, 15.0, 2.07e-10
1517526465.8615036, 2.30612, 2.13815e-05, 15.0, 2.01e-10
1517526465.9075062, 2.32653, 2.23249e-05, 15.0, 1.93e-10
1517526465.9535089, 2.34694, 2.26184e-05, 15.0, 2.01e-10
1517526465.9995112, 2.36735, 2.29066e-05, 15.0, 2.11e-10
1517526466.0455139, 2.38776, 2.32732e-05, 15.0, 2.06e-10
1517526466.0925167, 2.40815, 2.34149e-05, 15.0, 2.08e-10
1517526466.1385193, 2.42857, 2.36245e-05, 15.0, 2.1e-10
1517526466.1835217, 2.44898, 2.41876e-05, 15.0, 1.98e-10
1517526466.254526, 2.46939, 2.44697e-05, 15.0, 1.87e-10
1517526466.3005285, 2.4898, 2.46631e-05, 15.0, 2.1e-10
1517526466.3475313, 2.5102, 2.53382e-05, 15.0, 2.22e-10
1517526466.3945339, 2.53061, 2.56622e-05, 15.0, 2.18e-10
1517526466.4395366, 2.55102, 2.59703e-05, 15.0, 2.01e-10
1517526466.4855394, 2.57143, 2.65869e-05, 15.0, 1.89e-10
1517526466.532542, 2.59184, 2.67492e-05, 15.0, 1.99e-10
1517526466.5785444, 2.61224, 2.75056e-05, 15.0, 2.01e-10
1517526466.6245472, 2.63264, 2.80183e-05, 15.0, 2.11e-10
1517526466.6705499, 2.65306, 2.80416e-05, 15.0, 1.82e-10
1517526466.741554, 2.67347, 2.82378e-05, 15.0, 1.89e-10
1517526466.7875566, 2.69388, 2.9492e-05, 15.0, 1.92e-10
1517526466.833559, 2.71429, 2.94188e-05, 15.0, 1.86e-10
1517526466.8795617, 2.73468, 3.05958e-05, 15.0, 1.56e-10
1517526466.9255645, 2.7551, 3.05101e-05, 15.0, 1.82e-10
1517526466.973567, 2.77551, 3.10149e-05, 15.0, 1.78e-10
1517526467.0185697, 2.79591, 3.12399e-05, 15.0, 1.67e-10
1517526467.0655723, 2.81633, 3.18112e-05, 15.0, 1.77e-10
1517526467.1135752, 2.83673, 3.25438e-05, 15.0, 1.74e-10
1517526467.1585777, 2.85714, 3.27163e-05, 15.0, 1.87e-10
1517526467.2045803, 2.87755, 3.30192e-05, 15.0, 1.58e-10
1517526467.2745843, 2.89794, 3.37734e-05, 15.0, 1.56e-10
1517526467.3215868, 2.91837, 3.55068e-05, 15.0, 1.85e-10
1517526467.3705897, 2.93878, 3.66405e-05, 15.0, 2.09e-10
1517526467.4165924, 2.95918, 3.63062e-05, 15.0, 2e-10
1517526467.4615948, 2.97959, 3.70307e-05, 15.0, 1.81e-10
1517526467.5085979, 3.0, 3.74408e-05, 15.0, 1.75e-10
1517526467.5496, 2.99999, 3.79244e-05, 15.0, 1.7e-10
1517526467.5926027, 2.99999, 3.73409e-05, 15.0, 2.06e-10
1517526467.6346047, 3.0, 3.77681e-05, 15.0, 1.85e-10
1517526467.6766071, 3.0, 3.79235e-05, 15.0, 1.93e-10
1517526467.7186096, 3.0, 3.75292e-05, 15.0, 1.8e-10
1517526467.7846134, 2.99999, 3.81567e-05, 15.0, 1.93e-10
1517526467.8266158, 2.99999, 3.87956e-05, 15.0, 1.59e-10
1517526467.8686182, 3.0, 3.85065e-05, 15.0, 1.83e-10
1517526467.9106207, 2.99999, 3.86846e-05, 15.0, 1.79e-10
1517526467.9526231, 2.99999, 3.89051e-05, 15.0, 1.97e-10
1517526468.0086262, 2.99999, 3.90491e-05, 15.0, 1.88e-10
1517526468.0506287, 3.0, 3.84557e-05, 15.0, 1.49e-10
1517526468.092631, 3.0, 3.88102e-05, 15.0, 1.9e-10
1517526468.1346335, 3.0, 3.81889e-05, 15.0, 1.63e-10
1517526468.176636, 3.0, 3.81557e-05, 15.0, 1.63e-10
1517526468.2196383, 2.99999, 3.81971e-05, 15.0, 1.84e-10
1517526468.286642, 2.99999, 3.80417e-05, 15.0, 1.82e-10
1517526468.3286445, 3.0, 3.8048e-05, 15.0, 1.58e-10
1517526468.370647, 3.0, 3.81481e-05, 15.0, 1.85e-10
1517526468.4126494, 2.99999, 3.8882e-05, 15.0, 1.95e-10
1517526468.4546518, 3.0, 3.92244e-05, 15.0, 1.44e-10
1517526468.495654, 2.99999, 3.89479e-05, 15.0, 1.71e-10
1517526468.543657, 3.0, 3.8907e-05, 15.0, 1.81e-10
1517526468.5856595, 2.99999, 3.87882e-05, 15.0, 1.66e-10
1517526468.629662, 2.99999, 3.8868e-05, 15.0, 1.63e-10
1517526468.6706643, 3.0, 3.81085e-05, 15.0, 1.8e-10
1517526468.713667, 2.99999, 3.83678e-05, 15.0, 1.8e-10
1517526468.7746701, 3.0, 3.83777e-05, 15.0, 1.92e-10
1517526468.8156726, 3.0, 3.80913e-05, 15.0, 1.75e-10
1517526468.858675, 3.0, 3.80663e-05, 15.0, 1.71e-10
1517526468.9026775, 3.0, 3.80983e-05, 15.0, 1.62e-10
1517526468.94468, 3.0, 3.7722e-05, 15.0, 1.57e-10
1517526468.9876823, 2.99999, 3.77923e-05, 15.0, 1.68e-10
1517526469.0306847, 2.99999, 3.79269e-05, 15.0, 1.7e-10
1517526469.0726871, 2.99999, 3.7983e-05, 15.0, 1.83e-10
1517526469.1146896, 3.0, 3.80626e-05, 15.0, 1.66e-10
1517526469.156692, 3.0, 3.79579e-05, 15.0, 1.37e-10
1517526469.1986945, 3.0, 3.78133e-05, 15.0, 1.69e-10
1517526469.240697, 2.99999, 3.7999e-05, 15.0, 1.63e-10
1517526469.3077004, 3.0, 3.82996e-05, 15.0, 1.81e-10
1517526469.3497028, 3.0, 3.80183e-05, 15.0, 1.55e-10
1517526469.3937054, 2.99999, 3.7696e-05, 15.0, 2.11e-10
1517526469.4357078, 2.99999, 3.80986e-05, 15.0, 1.65e-10
1517526469.4987116, 2.99999, 3.80567e-05, 15.0, 1.92e-10
1517526469.540714, 2.99999, 3.79884e-05, 15.0, 1.72e-10
1517526469.5827165, 2.99999, 3.80047e-05, 15.0, 1.76e-10
1517526469.624719, 3.0, 3.80661e-05, 15.0, 1.81e-10
1517526469.6667213, 2.99999, 3.80104e-05, 15.0, 1.86e-10
1517526469.7087238, 3.0, 3.8179e-05, 15.0, 1.82e-10
1517526469.750726, 3.0, 3.83651e-05, 15.0, 1.77e-10
1517526469.8177297, 2.99999, 3.82321e-05, 15.0, 1.71e-10
1517526469.8647325, 3.0204, 3.89222e-05, 15.0, 1.6e-10
1517526469.9127352, 3.04082, 3.93115e-05, 15.0, 1.75e-10
1517526469.9587379, 3.06121, 3.97568e-05, 15.0, 1.93e-10
1517526470.0057406, 3.08162, 4.05954e-05, 15.0, 1.56e-10
1517526470.050743, 3.10204, 4.1336e-05, 15.0, 1.51e-10
1517526470.0967457, 3.12245, 4.16045e-05, 15.0, 1.6e-10
1517526470.1437485, 3.14286, 4.19405e-05, 15.0, 1.64e-10
1517526470.2017517, 3.16327, 4.21658e-05, 15.0, 1.56e-10
1517526470.2477546, 3.18367, 4.243e-05, 15.0, 1.51e-10
1517526470.3047578, 3.20408, 4.33494e-05, 15.0, 1.75e-10
1517526470.3497603, 3.22449, 4.36632e-05, 15.0, 1.66e-10
1517526470.395763, 3.24489, 4.39359e-05, 15.0, 1.74e-10
1517526470.4417653, 3.2653, 4.45919e-05, 15.0, 1.67e-10
1517526470.4867682, 3.28571, 4.38321e-05, 15.0, 1.69e-10
1517526470.5327709, 3.30612, 4.41558e-05, 15.0, 1.43e-10
1517526470.5787733, 3.32653, 4.46769e-05, 15.0, 1.3e-10
1517526470.623776, 3.34694, 4.46771e-05, 15.0, 1.25e-10
1517526470.6707785, 3.36734, 4.43074e-05, 15.0, 1.04e-10
1517526470.7177813, 3.38775, 4.43955e-05, 15.0, 1.09e-10
1517526470.763784, 3.40815, 4.47691e-05, 15.0, 9.2e-11
1517526470.833788, 3.42857, 4.56889e-05, 15.0, 1.11e-10
1517526470.8797905, 3.44898, 4.69306e-05, 15.0, 1.18e-10
1517526470.9277935, 3.46938, 4.77202e-05, 15.0, 1.42e-10
1517526470.973796, 3.4898, 4.80258e-05, 15.0, 9.7e-11
1517526471.0197985, 3.5102, 4.85302e-05, 15.0, 1.21e-10
1517526471.0658011, 3.53061, 4.90827e-05, 15.0, 1e-10
1517526471.111804, 3.55102, 4.8733e-05, 15.0, 1.04e-10
1517526471.1628067, 3.57143, 4.8559e-05, 15.0, 1.06e-10
1517526471.2098093, 3.59183, 4.85304e-05, 15.0, 7.7e-11
1517526471.2558122, 3.61224, 4.91794e-05, 15.0, 4.9e-11
1517526471.3208158, 3.63264, 4.95033e-05, 15.0, 6.2e-11
1517526471.3668182, 3.65306, 5.06859e-05, 15.0, 8.6e-11
1517526471.4118211, 3.67347, 5.06838e-05, 15.0, 3.9e-11
1517526471.4578235, 3.69388, 5.04393e-05, 15.0, 1.5e-11
1517526471.5038261, 3.71428, 5.18929e-05, 15.0, 1.6e-11
1517526471.5498288, 3.73469, 5.16266e-05, 15.0, 3.1e-11
1517526471.5948317, 3.75509, 5.25478e-05, 15.0, -4.7e-11
1517526471.640834, 3.7755, 5.22868e-05, 15.0, -8.9e-11
1517526471.6868367, 3.79592, 5.25582e-05, 15.0, -4e-12
1517526471.7318392, 3.81633, 5.27883e-05, 15.0, -7.2e-11
1517526471.7778418, 3.83672, 5.3168e-05, 15.0, -7.6e-11
1517526471.8488462, 3.85713, 5.44709e-05, 15.0, -2.5e-11
1517526471.8948486, 3.87755, 5.36557e-05, 15.0, -5.2e-11
1517526471.9418514, 3.89796, 5.45868e-05, 15.0, -6e-11
1517526471.9878538, 3.91837, 5.45294e-05, 15.0, -6.2e-11
1517526472.0338566, 3.93877, 5.40066e-05, 15.0, -7.3e-11
1517526472.0818594, 3.95918, 5.40875e-05, 15.0, -6.9e-11
1517526472.1268618, 3.97958, 5.36769e-05, 15.0, -9.6e-11
1517526472.1728644, 4.0, 5.40242e-05, 15.0, -1.11e-10
1517526472.2148669, 4.00002, 4.99923e-05, 15.0, -8.8e-11
1517526472.2558692, 4.0, 6.13941e-05, 15.0, -8.1e-11
1517526472.2978716, 4.00001, 6.04159e-05, 15.0, -9e-11
1517526472.3648756, 3.99999, 6.21229e-05, 15.0, -8e-12
1517526472.406878, 4.0, 6.23497e-05, 15.0, -1.3e-11
1517526472.4488804, 4.0, 6.20552e-05, 15.0, -6e-12
1517526472.4908829, 4.0, 6.18634e-05, 15.0, 1.4e-11
1517526472.5418856, 4.0, 6.1005e-05, 15.0, 3e-11
1517526472.5838878, 3.99998, 6.10446e-05, 15.0, -4.3e-11
1517526472.6258903, 4.0, 6.05927e-05, 15.0, 7e-12
1517526472.6678927, 4.0, 6.01497e-05, 15.0, -5.8e-11
1517526472.7098951, 4.0, 6.06527e-05, 15.0, -6.2e-11
1517526472.7518976, 3.99998, 6.1551e-05, 15.0, -3.5e-11
1517526472.7939, 4.0, 6.22445e-05, 15.0, -4.5e-11
1517526472.8539035, 4.0, 6.22944e-05, 15.0, 2e-12
1517526472.8959057, 3.99999, 6.17675e-05, 15.0, -6e-12
1517526472.9379082, 4.0, 6.20735e-05, 15.0, 5e-12
1517526472.9819107, 4.0, 6.16768e-05, 15.0, -7.2e-11
1517526473.022913, 4.0, 6.16118e-05, 15.0, -4.7e-11
1517526473.0649154, 4.0, 6.22739e-05, 15.0, -2e-12
1517526473.1069179, 4.0, 6.22178e-05, 15.0, -4e-12
1517526473.1489203, 4.0, 6.16028e-05, 15.0, 1.8e-11
1517526473.1909227, 4.0, 6.15013e-05, 15.0, 6.2e-11
1517526473.2329252, 4.0, 6.23621e-05, 15.0, -2e-11
1517526473.2749276, 4.0, 6.12926e-05, 15.0, -2.8e-11
1517526473.31793, 4.0, 6.02181e-05, 15.0, 7.2e-11
1517526473.3839338, 3.99999, 6.03631e-05, 15.0, 4.5e-11
1517526473.4269364, 4.00002, 5.99113e-05, 15.0, 6.5e-11
1517526473.4689386, 4.0, 5.9439e-05, 15.0, 1.1e-11
1517526473.510941, 4.0, 6.06189e-05, 15.0, 4e-12
1517526473.5529437, 3.99999, 6.07358e-05, 15.0, 3.6e-11
1517526473.595946, 4.0, 6.13237e-05, 15.0, 2.1e-11
1517526473.6379485, 3.99999, 6.10443e-05, 15.0, 3.8e-11
1517526473.6799505, 3.99999, 6.15898e-05, 15.0, 2.4e-11
1517526473.7229533, 4.0, 6.13937e-05, 15.0, 3.6e-11
1517526473.7649558, 4.0, 6.1532e-05, 15.0, 1.5e-11
1517526473.8069582, 4.00001, 6.12118e-05, 15.0, 7e-12
1517526473.8699617, 4.0, 6.10552e-05, 15.0, 2e-11
1517526473.911964, 3.99998, 6.09076e-05, 15.0, 3.2e-11
1517526473.9539664, 3.99999, 6.02251e-05, 15.0, 3.1e-11
1517526473.998969, 4.00001, 6.06088e-05, 15.0, 2.7e-11
1517526474.0409715, 4.00001, 6.02545e-05, 15.0, 4.5e-11
1517526474.0819738, 3.99997, 6.2457e-05, 15.0, 1.3e-11
1517526474.1239762, 4.0, 6.27101e-05, 15.0, 1.8e-11
1517526474.1659787, 4.0, 6.22439e-05, 15.0, 2.2e-11
1517526474.2079809, 4.0, 6.25173e-05, 15.0, 4.3e-11
1517526474.2509835, 4.00001, 6.27862e-05, 15.0, -1.5e-11
1517526474.2939858, 3.99999, 6.23535e-05, 15.0, 2.5e-11
1517526474.3359883, 4.0, 6.28891e-05, 15.0, 2.2e-11
1517526474.4019918, 4.0, 6.28615e-05, 15.0, -1.2e-11
1517526474.4439943, 4.0, 6.28275e-05, 15.0, -3e-12
1517526474.4919972, 4.0204, 6.31814e-05, 15.0, -2.8e-11
1517526474.5379999, 4.04083, 6.19252e-05, 15.0, 3.2e-11
1517526474.5840023, 4.06122, 5.13623e-05, 15.0, -2e-11
1517526474.630005, 4.08163, 5.20858e-05, 15.0, -4.1e-11
1517526474.6760077, 4.10204, 5.21463e-05, 15.0, 0.0
1517526474.7220104, 4.12245, 5.24644e-05, 15.0, -4.3e-11
1517526474.7670128, 4.14286, 5.29714e-05, 15.0, -5e-11
1517526474.8130155, 4.16326, 5.32161e-05, 15.0, -7.6e-11
1517526474.8590183, 4.18367, 5.34512e-05, 15.0, -7.5e-11
1517526474.959024, 4.20407, 5.36414e-05, 15.0, -6.4e-11
1517526475.0040264, 4.22449, 5.3661e-05, 15.0, -5.1e-11
1517526475.050029, 4.2449, 5.42925e-05, 15.0, -2.6e-11
1517526475.0960317, 4.2653, 5.49359e-05, 15.0, -7.2e-11
1517526475.1420343, 4.2857, 5.51636e-05, 15.0, -1.42e-10
1517526475.187037, 4.30612, 5.59536e-05, 15.0, -1.56e-10
1517526475.2330396, 4.32653, 5.54602e-05, 15.0, -1.06e-10
1517526475.278042, 4.34693, 5.60652e-05, 15.0, -1.69e-10
1517526475.3250446, 4.36735, 5.68483e-05, 15.0, -9.6e-11
1517526475.4090495, 4.38776, 5.72229e-05, 15.0, -1.52e-10
1517526475.4550524, 4.40816, 5.73362e-05, 15.0, -1.42e-10
1517526475.502055, 4.42857, 5.71647e-05, 15.0, -2e-10
1517526475.5490575, 4.44898, 5.81852e-05, 15.0, -2.19e-10
1517526475.59506, 4.46939, 5.84802e-05, 15.0, -2.65e-10
1517526475.642063, 4.4898, 5.90165e-05, 15.0, -2.65e-10
1517526475.6870656, 4.5102, 5.86283e-05, 15.0, -3.35e-10
1517526475.733068, 4.53061, 5.89543e-05, 15.0, -2.34e-10
1517526475.780071, 4.55102, 5.92456e-05, 15.0, -3.5e-10
1517526475.8260736, 4.57143, 6.04902e-05, 15.0, -3.12e-10
1517526475.9030778, 4.59184, 6.06376e-05, 15.0, -3.93e-10
1517526475.9490805, 4.61224, 6.10916e-05, 15.0, -3.06e-10
1517526476.008084, 4.63265, 6.13828e-05, 15.0, -3.3e-10
1517526476.0540864, 4.65306, 6.22946e-05, 15.0, -3.32e-10
1517526476.1010892, 4.67348, 6.24906e-05, 15.0, -3.95e-10
1517526476.1460917, 4.69388, 6.28684e-05, 15.0, -4.46e-10
1517526476.1920946, 4.71428, 6.39002e-05, 15.0, -3.78e-10
1517526476.239097, 4.73469, 6.34474e-05, 15.0, -3.09e-10
1517526476.2840996, 4.7551, 6.40362e-05, 15.0, -3.67e-10
1517526476.3311024, 4.77551, 6.47465e-05, 15.0, -4.01e-10
1517526476.4021063, 4.79591, 6.49533e-05, 15.0, -3.91e-10
1517526476.4481091, 4.81633, 6.49892e-05, 15.0, -3.69e-10
1517526476.4941118, 4.83673, 6.51978e-05, 15.0, -3.37e-10
1517526476.5401142, 4.85714, 6.56383e-05, 15.0, -3.14e-10
1517526476.5851169, 4.87755, 6.63727e-05, 15.0, -3.21e-10
1517526476.6311197, 4.89795, 6.628e-05, 15.0, -5.13e-10
1517526476.677122, 4.91837, 6.6726e-05, 15.0, -4.45e-10
1517526476.7221248, 4.93878, 6.70469e-05, 15.0, -4.88e-10
1517526476.7681272, 4.95918, 6.65853e-05, 15.0, -5.1e-10
1517526476.81313, 4.97959, 6.7218e-05, 15.0, -5.7e-10
1517526476.8591328, 5.0, 6.78257e-05, 15.0, -5.45e-10
1517526476.9271364, 4.99999, 6.821e-05, 15.0, -4.48e-10
1517526476.9681387, 5.0, 6.82933e-05, 15.0, -4.8e-10
1517526477.0101411, 4.99999, 6.85749e-05, 15.0, -3.44e-10
1517526477.0531437, 4.99998, 6.84716e-05, 15.0, -4.05e-10
1517526477.1181474, 5.0, 6.79524e-05, 15.0, -2.92e-10
1517526477.1611497, 4.99999, 6.82554e-05, 15.0, -3.02e-10
1517526477.2041523, 4.99999, 6.83996e-05, 15.0, -2.73e-10
1517526477.2461548, 5.0, 6.85939e-05, 15.0, -3.72e-10
1517526477.2881572, 5.0, 6.83939e-05, 15.0, -3.61e-10
1517526477.3301597, 5.0, 6.81944e-05, 15.0, -2.17e-10
1517526477.3721619, 5.0, 6.7894e-05, 15.0, -1.93e-10
1517526477.440166, 5.0, 6.87529e-05, 15.0, -2.08e-10
1517526477.4831684, 4.99999, 6.75833e-05, 15.0, -1.48e-10
1517526477.5251708, 5.0, 6.76526e-05, 15.0, -1.44e-10
1517526477.567173, 5.0, 6.80197e-05, 15.0, -1.15e-10
1517526477.6091754, 5.0, 6.83477e-05, 15.0, -1.05e-10
1517526477.651178, 4.99999, 6.84954e-05, 15.0, -1.53e-10
1517526477.6931803, 5.0, 6.89847e-05, 15.0, -1.42e-10
1517526477.7341826, 4.99999, 6.89863e-05, 15.0, -1.27e-10
1517526477.776185, 4.99999, 6.91217e-05, 15.0, -1.5e-10
1517526477.8181875, 5.0, 6.89347e-05, 15.0, -1.62e-10
1517526477.8601897, 5.0, 6.88102e-05, 15.0, -1.65e-10
1517526477.9241936, 5.0, 6.90787e-05, 15.0, -1.58e-10
1517526477.966196, 4.99999, 6.88544e-05, 15.0, -1.42e-10
1517526478.0081985, 5.0, 6.90353e-05, 15.0, -1.16e-10
1517526478.0522008, 4.99999, 6.93043e-05, 15.0, -1.07e-10
1517526478.0942032, 5.0, 6.87126e-05, 15.0, -5.1e-11
1517526478.1362057, 4.99999, 6.88627e-05, 15.0, -9.1e-11
1517526478.1772077, 5.0, 6.81964e-05, 15.0, -8.1e-11
1517526478.2192101, 5.0, 6.89796e-05, 15.0, -9.2e-11
1517526478.2612126, 5.0, 6.87878e-05, 15.0, -8.7e-11
1517526478.303215, 4.99999, 6.8547e-05, 15.0, -9.5e-11
1517526478.3452175, 5.00001, 6.8294e-05, 15.0, -7.9e-11
1517526478.38722, 4.99999, 6.79379e-05, 15.0, -2.9e-11
1517526478.4542239, 5.0, 6.80619e-05, 15.0, -2.9e-11
1517526478.4952261, 5.0, 6.82091e-05, 15.0, -2.2e-11
1517526478.56223, 5.0, 6.84431e-05, 15.0, 6e-12
1517526478.6042325, 5.0, 6.82511e-05, 15.0, -5.5e-11
1517526478.646235, 4.99999, 6.89616e-05, 15.0, -3.3e-11
1517526478.6882374, 5.0, 6.8766e-05, 15.0, -8e-11
1517526478.7302394, 5.0, 6.90341e-05, 15.0, -4.6e-11
1517526478.7822425, 5.0, 6.92532e-05, 15.0, -4.1e-11
1517526478.825245, 4.99999, 6.93197e-05, 15.0, -2.4e-11
1517526478.8672473, 5.0, 6.89859e-05, 15.0, -5.6e-11
1517526478.9092498, 5.0, 6.88074e-05, 15.0, -1.4e-11
1517526478.983254, 4.99999, 6.91439e-05, 15.0, -7.4e-11
1517526479.0252564, 5.0, 6.93532e-05, 15.0, -6.1e-11
1517526479.0672588, 4.99999, 6.88621e-05, 15.0, -4.5e-11
1517526479.1092613, 5.0, 6.84445e-05, 15.0, -7.4e-11
1517526479.1522636, 5.0, 6.88539e-05, 15.0, -2.4e-11
1517526479.194266, 5.0, 6.87512e-05, 15.0, -6.4e-11
1517526479.2402687, 5.0204, 6.83985e-05, 15.0, -6.4e-11
1517526479.2872715, 5.04082, 6.91611e-05, 15.0, -1.18e-10
1517526479.332274, 5.06122, 6.90672e-05, 15.0, -1.04e-10
1517526479.3792768, 5.08162, 6.98857e-05, 15.0, -1.81e-10
1517526479.4562812, 5.10204, 6.97664e-05, 15.0, -1.77e-10
1517526479.5032837, 5.12244, 6.99263e-05, 15.0, -2.15e-10
1517526479.5482864, 5.14285, 6.93732e-05, 15.0, -1.8e-10
1517526479.5942888, 5.16326, 7.14625e-05, 15.0, -2.04e-10
1517526479.6402917, 5.18367, 7.27303e-05, 15.0, -1.74e-10
1517526479.6862943, 5.20408, 7.37518e-05, 15.0, -1.59e-10
1517526479.7472978, 5.22448, 7.36139e-05, 15.0, -2.04e-10
1517526479.7953007, 5.2449, 7.40236e-05, 15.0, -1.89e-10
1517526479.8433032, 5.26529, 7.6337e-05, 15.0, -2.3e-10
1517526479.8893058, 5.28571, 7.77504e-05, 15.0, -2.8e-10
1517526479.9513092, 5.30612, 7.91077e-05, 15.0, -1.83e-10
1517526479.997312, 5.32653, 8.04167e-05, 15.0, -2.56e-10
1517526480.0423145, 5.34693, 8.01707e-05, 15.0, -3.01e-10
1517526480.0883172, 5.36735, 7.99392e-05, 15.0, -2.25e-10
1517526480.1333196, 5.38776, 8.05939e-05, 15.0, -2.46e-10
1517526480.1793227, 5.40815, 8.19578e-05, 15.0, -2.61e-10
1517526480.2243252, 5.42857, 8.26306e-05, 15.0, -3.48e-10
1517526480.2693276, 5.44898, 8.29947e-05, 15.0, -3.11e-10
1517526480.3153303, 5.46938, 8.2974e-05, 15.0, -3.44e-10
1517526480.361333, 5.4898, 8.34336e-05, 15.0, -4.48e-10
1517526480.4073355, 5.51021, 8.39074e-05, 15.0, -4.81e-10
1517526480.4763393, 5.53061, 8.32585e-05, 15.0, -5.14e-10
1517526480.5223422, 5.55102, 8.47167e-05, 15.0, -4.51e-10
1517526480.5703447, 5.57142, 8.49821e-05, 15.0, -4.34e-10
1517526480.6163473, 5.59183, 8.54302e-05, 15.0, -4.14e-10
1517526480.6623502, 5.61223, 8.59715e-05, 15.0, -4.55e-10
1517526480.7073526, 5.63265, 8.63149e-05, 15.0, -3.82e-10
1517526480.7533553, 5.65306, 8.66848e-05, 15.0, -3.95e-10
1517526480.799358, 5.67347, 8.62947e-05, 15.0, -5.06e-10
1517526480.8463607, 5.69388, 8.68482e-05, 15.0, -4.74e-10
1517526480.8923633, 5.71429, 8.80172e-05, 15.0, -4.58e-10
1517526480.9633675, 5.73469, 8.78222e-05, 15.0, -6.3e-10
1517526481.0093699, 5.7551, 8.76492e-05, 15.0, -5.39e-10
1517526481.0543725, 5.7755, 8.77908e-05, 15.0, -4.84e-10
1517526481.100375, 5.79591, 8.83197e-05, 15.0, -4.48e-10
1517526481.1463778, 5.81633, 8.85292e-05, 15.0, -4.36e-10
1517526481.2103813, 5.83673, 8.8241e-05, 15.0, -6.12e-10
1517526481.255384, 5.85714, 8.92332e-05, 15.0, -5.78e-10
1517526481.3013866, 5.87755, 8.95328e-05, 15.0, -5.96e-10
1517526481.3473892, 5.89795, 8.98087e-05, 15.0, -5.88e-10
1517526481.3923917, 5.91837, 9.01607e-05, 15.0, -4.77e-10
1517526481.4383945, 5.93877, 9.04569e-05, 15.0, -4.42e-10
1517526481.5374, 5.95918, 9.113e-05, 15.0, -4.11e-10
1517526481.5834026, 5.97959, 9.13989e-05, 15.0, -2.82e-10
1517526481.6294055, 6.0, 9.17083e-05, 15.0, -4.42e-10
1517526481.671408, 5.99999, 9.14812e-05, 15.0, -3.54e-10
1517526481.7134104, 6.0, 9.13325e-05, 15.0, -4.93e-10
1517526481.7554126, 6.0, 9.15945e-05, 15.0, -4.72e-10
1517526481.796415, 6.0, 9.14417e-05, 15.0, -4.37e-10
1517526481.8384173, 6.0, 9.15316e-05, 15.0, -2.37e-10
1517526481.8794196, 6.0, 9.17806e-05, 15.0, -3.09e-10
1517526481.921422, 5.99999, 9.16535e-05, 15.0, -2.72e-10
1517526481.9954264, 5.99999, 9.10239e-05, 15.0, -1.26e-10
1517526482.0384288, 5.99999, 9.08678e-05, 15.0, -2.31e-10
1517526482.079431, 6.0, 9.15618e-05, 15.0, -2.24e-10
1517526482.1214335, 5.99999, 9.14492e-05, 15.0, -1.63e-10
1517526482.1624358, 6.0, 9.11949e-05, 15.0, -2.53e-10
1517526482.2054381, 6.0, 9.09689e-05, 15.0, -2.37e-10
1517526482.2474406, 6.00014, 8.91787e-05, 15.0, -1.74e-10
1517526482.2894433, 6.0, 7.42447e-05, 15.0, -1.41e-10
1517526482.3314455, 6.0, 7.42931e-05, 15.0, -1.72e-10
1517526482.373448, 5.99999, 7.41737e-05, 15.0, -1.27e-10
1517526482.4204504, 5.99999, 7.46057e-05, 15.0, -1.59e-10
1517526482.4724536, 6.0, 7.49656e-05, 15.0, -8.3e-11
1517526482.515456, 6.0, 7.44595e-05, 15.0, -6.4e-11
1517526482.5574584, 5.99999, 7.49368e-05, 15.0, -3e-11
1517526482.601461, 6.0, 7.50554e-05, 15.0, -4e-11
1517526482.6434634, 6.0, 7.5198e-05, 15.0, -4.3e-11
1517526482.6854658, 6.0, 7.54737e-05, 15.0, -9.3e-11
1517526482.7274683, 5.99999, 7.50291e-05, 15.0, -6.9e-11
1517526482.7704706, 6.0, 7.49883e-05, 15.0, -7.7e-11
1517526482.811473, 6.0, 7.50247e-05, 15.0, -6.6e-11
1517526482.8534753, 5.99999, 7.48501e-05, 15.0, -4.8e-11
1517526482.8954778, 6.0, 7.45492e-05, 15.0, -2.9e-11
1517526482.949481, 6.0, 7.4422e-05, 15.0, -2.6e-11
1517526483.0424862, 6.0, 7.41369e-05, 15.0, -1e-12
1517526483.0844886, 6.0, 7.44981e-05, 15.0, -7.2e-11
1517526483.1264908, 6.0, 7.41264e-05, 15.0, 1e-11
1517526483.1674933, 6.0, 7.38215e-05, 15.0, -1e-12
1517526483.2084956, 6.0, 7.38368e-05, 15.0, -2.1e-11
1517526483.2514982, 6.0, 7.39166e-05, 15.0, -7e-12
1517526483.2935007, 6.0, 7.35079e-05, 15.0, -2.3e-11
1517526483.335503, 6.0, 7.337e-05, 15.0, 1.7e-11
1517526483.3775053, 6.0, 7.3221e-05, 15.0, 3e-11
1517526483.420508, 6.0, 7.32275e-05, 15.0, -6.2e-11
1517526483.4995124, 6.0, 7.31129e-05, 15.0, -2.3e-11
1517526483.5415146, 6.0, 7.33014e-05, 15.0, 7e-12
1517526483.583517, 6.0, 7.34961e-05, 15.0, 2.3e-11
1517526483.6275198, 5.99999, 7.34784e-05, 15.0, 2.5e-11
1517526483.6715224, 6.0, 7.39999e-05, 15.0, 1.7e-11
1517526483.718525, 6.0, 7.33067e-05, 15.0, -3.1e-11
1517526483.7625275, 5.99999, 7.32777e-05, 15.0, 2e-12
1517526483.8055298, 6.0, 7.29713e-05, 15.0, 2.1e-11
1517526483.8485322, 5.99999, 7.31089e-05, 15.0, -7e-12
1517526483.8895347, 6.0, 7.26404e-05, 15.0, 3.3e-11
1517526483.932537, 5.99999, 7.22485e-05, 15.0, 6.6e-11
1517526484.002541, 6.02041, 7.3182e-05, 15.0, 4.8e-11
1517526484.0485437, 6.04082, 7.33456e-05, 15.0, 2.9e-11
1517526484.0965466, 6.06122, 7.3517e-05, 15.0, 1.8e-11
1517526484.142549, 6.08163, 7.41757e-05, 15.0, -4e-12
1517526484.1875517, 6.10204, 7.41684e-05, 15.0, -2.6e-11
1517526484.2335541, 6.12245, 7.40229e-05, 15.0, -8e-11
1517526484.2785568, 6.14286, 7.39245e-05, 15.0, -1.38e-10
1517526484.3235595, 6.16326, 7.49595e-05, 15.0, -1.62e-10
1517526484.3695621, 6.18367, 7.53265e-05, 15.0, -1.73e-10
1517526484.4145646, 6.20408, 7.52497e-05, 15.0, -1.67e-10
1517526484.4595673, 6.22449, 7.50835e-05, 15.0, -1.77e-10
1517526484.5585728, 6.2449, 7.44297e-05, 15.0, -2.25e-10
1517526484.6035755, 6.26531, 7.4624e-05, 15.0, -2.1e-10
1517526484.649578, 6.28571, 7.53329e-05, 15.0, -2.35e-10
1517526484.6955807, 6.30612, 7.52733e-05, 15.0, -2.56e-10
1517526484.7415833, 6.32653, 7.45758e-05, 15.0, -2.54e-10
1517526484.787586, 6.34694, 7.45578e-05, 15.0, -3.88e-10
1517526484.8335888, 6.36735, 7.4792e-05, 15.0, -2.56e-10
1517526484.8795915, 6.38777, 7.56292e-05, 15.0, -3.52e-10
1517526484.9255939, 6.40816, 7.46662e-05, 15.0, -3.87e-10
1517526485.0085988, 6.42857, 7.49029e-05, 15.0, -4.91e-10
1517526485.0556014, 6.44897, 7.62538e-05, 15.0, -4.92e-10
1517526485.1026042, 6.46939, 7.48859e-05, 15.0, -3.83e-10
1517526485.1486068, 6.4898, 7.54604e-05, 15.0, -3.83e-10
1517526485.1956093, 6.51019, 7.50385e-05, 15.0, -6e-10
1517526485.2406118, 6.53061, 7.68754e-05, 15.0, -5.78e-10
1517526485.2866144, 6.55102, 7.58541e-05, 15.0, -6.35e-10
1517526485.3336174, 6.57143, 7.55034e-05, 15.0, -3.62e-10
1517526485.38062, 6.59184, 7.51063e-05, 15.0, -3.86e-10
1517526485.4256225, 6.61224, 7.54974e-05, 15.0, -5.72e-10
1517526485.502627, 6.63264, 7.59646e-05, 15.0, -5.37e-10
1517526485.5486295, 6.65305, 7.60769e-05, 15.0, -4.91e-10
1517526485.5946321, 6.67346, 7.61906e-05, 15.0, -5.93e-10
1517526485.6406348, 6.69387, 7.77021e-05, 15.0, -5.12e-10
1517526485.6856375, 6.71428, 7.75488e-05, 15.0, -6.8e-10
1517526485.73164, 6.73469, 7.79654e-05, 15.0, -6.15e-10
1517526485.7786427, 6.7551, 7.77503e-05, 15.0, -5.91e-10
1517526485.8506467, 6.7755, 7.87583e-05, 15.0, -5.04e-10
1517526485.8976495, 6.79591, 7.89895e-05, 15.0, -6.56e-10
1517526485.9426522, 6.81633, 7.89303e-05, 15.0, -5.87e-10
1517526486.0146563, 6.83672, 7.85018e-05, 15.0, -6.21e-10
1517526486.0596588, 6.85714, 7.90507e-05, 15.0, -6.02e-10
1517526486.1076615, 6.87762, 7.01328e-05, 15.0, -5.46e-10
1517526486.1536644, 6.89796, 6.97745e-05, 15.0, -5.81e-10
1517526486.1996667, 6.91836, 7.02262e-05, 15.0, -6.28e-10
1517526486.2526698, 6.93878, 7.0846e-05, 15.0, -7.29e-10
1517526486.2986724, 6.95918, 7.12571e-05, 15.0, -5.96e-10
1517526486.3456752, 6.97959, 7.14508e-05, 15.0, -5.58e-10
1517526486.3906777, 7.0, 7.16852e-05, 15.0, -6.28e-10
1517526486.43368, 7.0, 7.11442e-05, 15.0, -5.6e-10
1517526486.500684, 6.99999, 7.14088e-05, 15.0, -5.66e-10
1517526486.5426865, 7.00003, 6.91394e-05, 15.0, -4.93e-10
1517526486.584689, 7.0, 6.67242e-05, 15.0, -3.91e-10
1517526486.6286912, 7.0, 6.63097e-05, 15.0, -4.01e-10
1517526486.6706936, 7.0, 6.60494e-05, 15.0, -2.95e-10
1517526486.7136962, 6.99999, 6.62035e-05, 15.0, -2.14e-10
1517526486.7566986, 7.00011, 6.37039e-05, 15.0, -2.63e-10
1517526486.8087018, 7.0, 5.29558e-05, 15.0, -2.39e-10
1517526486.8517041, 6.99999, 5.26895e-05, 15.0, -1.96e-10
1517526486.8957067, 7.0, 5.20834e-05, 15.0, -1.71e-10
