 1520290692.70048, -0.5, 8.72328e-05, -1.28972, -0.0001
1520290692.750614, -0.5, 8.72245e-05, -1.29042, -0.0001
1520290692.7937732, -0.500002, 8.72185e-05, -1.28878, -0.0001
1520290692.840138, -0.500001, 8.73144e-05, -1.2907, -0.0001
1520290692.8828218, -0.500003, 8.7292e-05, -1.2908, -0.0001
1520290692.925801, -0.500001, 8.74217e-05, -1.29237, -0.0001
1520290692.972524, -0.500001, 8.73695e-05, -1.29239, -0.0001
1520290693.015123, -0.500002, 8.75301e-05, -1.29186, -0.0001
1520290693.057858, -0.5, 8.7399e-05, -1.29154, -0.0001
1520290693.104338, -0.5, 8.73682e-05, -1.29156, -0.0001
1520290693.146969, -0.5, 8.72156e-05, -1.28937, -0.0001
1520290693.190251, -0.499999, 8.71549e-05, -1.29202, -0.0001
1520290693.285074, -0.500001, 8.72172e-05, -1.2912, -0.0001
1520290693.328217, -0.500002, 8.71145e-05, -1.29457, -0.0001
1520290693.3736908, -0.499998, 8.72828e-05, -1.29193, -0.0001
1520290693.4205341, -0.5, 8.70845e-05, -1.29077, -0.0001
1520290693.4635699, -0.500001, 8.72232e-05, -1.2894, -0.0001
1520290693.506699, -0.499999, 8.72121e-05, -1.29092, -0.0001
1520290693.553335, -0.499998, 8.71146e-05, -1.28888, -0.0001
1520290693.5965178, -0.5, 8.7258e-05, -1.2902, -0.0001
1520290693.639724, -0.500001, 8.70989e-05, -1.28883, -0.0001
1520290693.686269, -0.5, 8.71667e-05, -1.28804, -0.0001
1520290693.758021, -0.499998, 8.73319e-05, -1.29027, -0.0001
1520290693.800852, -0.499998, 8.74805e-05, -1.28965, -0.0001
1520290693.847122, -0.500001, 8.75907e-05, -1.29234, -0.0001
1520290693.890006, -0.500004, 8.73979e-05, -1.2899, -0.0001
1520290693.932867, -0.499999, 8.68272e-05, -1.28981, -0.0001
1520290693.979558, -0.499999, 8.68578e-05, -1.29178, -0.0001
1520290694.022225, -0.499999, 8.69355e-05, -1.29102, -0.0001
1520290694.064996, -0.500002, 8.69585e-05, -1.2912, -0.0001
1520290694.11175, -0.499999, 8.7036e-05, -1.29084, -0.0001
1520290694.154476, -0.5, 8.69311e-05, -1.29015, -0.0001
1520290694.19727, -0.500003, 8.7054e-05, -1.29205, -0.0001
1520290694.281334, -0.500002, 8.72334e-05, -1.295, -0.0001
1520290694.324575, -0.499997, 8.77923e-05, -1.29364, -0.0001
1520290694.3698418, -0.500002, 8.78293e-05, -1.29516, -0.0001
1520290694.4165068, -0.500002, 8.78325e-05, -1.29267, -0.0001
1520290694.459501, -0.500001, 8.77835e-05, -1.28939, -0.0001
1520290694.502526, -0.5, 8.77271e-05, -1.29039, -0.0001
1520290694.5490408, -0.500001, 8.7679e-05, -1.28848, -0.0001
1520290694.591666, -0.5, 8.77175e-05, -1.28906, -0.0001
1520290694.6348858, -0.500001, 8.77519e-05, -1.28657, -0.0001
1520290694.6814, -0.500001, 8.77251e-05, -1.2872, -0.0001
1520290694.724621, -0.499998, 8.76818e-05, -1.28635, -0.0001
1520290694.833866, -0.500002, 8.74568e-05, -1.28635, -0.0001
1520290694.882729, -0.499999, 8.74919e-05, -1.2853, -0.0001
1520290694.9254742, -0.5, 8.75611e-05, -1.28671, -0.0001
1520290694.9683058, -0.5, 8.7744e-05, -1.28482, -0.0001
1520290695.0150342, -0.5, 8.77498e-05, -1.28566, -0.0001
1520290695.057612, -0.500001, 8.75553e-05, -1.28405, -0.0001
1520290695.100217, -0.5, 8.75681e-05, -1.28359, -0.0001
1520290695.146969, -0.500001, 8.75153e-05, -1.28272, -0.0001
1520290695.1897442, -0.499999, 8.74692e-05, -1.2835, -0.0001
1520290695.280421, -0.499996, 8.74562e-05, -1.28384, -0.0001
1520290695.327316, -0.5, 8.75479e-05, -1.28404, -0.0001
1520290695.37041, -0.500001, 8.73633e-05, -1.28567, -0.0001
1520290695.413468, -0.499998, 8.73381e-05, -1.2857, -0.0001
1520290695.459958, -0.500001, 8.73485e-05, -1.28319, -0.0001
1520290695.502887, -0.500002, 8.74696e-05, -1.28528, -0.0001
1520290695.545745, -0.500002, 8.7602e-05, -1.28654, -0.0001
1520290695.592353, -0.500001, 8.75831e-05, -1.28868, -0.0001
1520290695.6355488, -0.500001, 8.76424e-05, -1.28971, -0.0001
1520290695.678447, -0.5, 8.75148e-05, -1.29095, -0.0001
1520290695.7250218, -0.500002, 8.77067e-05, -1.2905, -0.0001
1520290695.809304, -0.500003, 8.74975e-05, -1.28988, -0.0001
1520290695.852263, -0.500002, 8.75534e-05, -1.28901, -0.0001
1520290695.901299, -0.500001, 8.76415e-05, -1.29152, -0.0001
1520290695.9442801, -0.500004, 8.76241e-05, -1.29152, -0.0001
1520290695.986818, -0.499999, 8.75738e-05, -1.29083, -0.0001
1520290696.0338728, -0.500001, 8.76486e-05, -1.28971, -0.0001
1520290696.0763252, -0.500001, 8.77128e-05, -1.29043, -0.0001
1520290696.119016, -0.500001, 8.7692e-05, -1.29015, -0.0001
1520290696.165215, -0.499998, 8.76134e-05, -1.29198, -0.0001
1520290696.207724, -0.499999, 8.75542e-05, -1.29188, -0.0001
1520290696.288697, -0.500001, 8.76451e-05, -1.28976, -0.0001
1520290696.335409, -0.5, 8.76082e-05, -1.29216, -0.0001
1520290696.37824, -0.500002, 8.75974e-05, -1.29208, -0.0001
1520290696.420794, -0.499999, 8.76393e-05, -1.29351, -0.0001
1520290696.467104, -0.499996, 8.7624e-05, -1.2926, -0.0001
1520290696.50969, -0.5, 8.76397e-05, -1.29233, -0.0001
1520290696.552587, -0.500001, 8.76369e-05, -1.29193, -0.0001
1520290696.598895, -0.500001, 8.76118e-05, -1.29048, -0.0001
1520290696.6423008, -0.499999, 8.75639e-05, -1.29085, -0.0001
1520290696.684994, -0.499997, 8.75615e-05, -1.29251, -0.0001
1520290696.7316108, -0.500002, 8.77045e-05, -1.29317, -0.0001
1520290696.8118029, -0.5, 8.75227e-05, -1.28983, -0.0001
1520290696.8549309, -0.5, 8.72517e-05, -1.29069, -0.0001
1520290696.904043, -0.499999, 8.72628e-05, -1.29134, -0.0001
1520290696.9471219, -0.499998, 8.7368e-05, -1.29395, -0.0001
1520290696.989834, -0.500002, 8.72979e-05, -1.29505, -0.0001
1520290697.0364711, -0.499999, 8.72502e-05, -1.29339, -0.0001
1520290697.0794518, -0.5, 8.72939e-05, -1.29461, -0.0001
1520290697.1223779, -0.500001, 8.73899e-05, -1.29495, -0.0001
1520290697.1689548, -0.500001, 8.7202e-05, -1.29476, -0.0001
1520290697.211735, -0.499999, 8.7331e-05, -1.29254, -0.0001
1520290697.2547572, -0.5, 8.73383e-05, -1.29228, -0.0001
1520290697.367096, -0.5, 8.72074e-05, -1.29569, -0.0001
1520290697.4128158, -0.499999, 8.72487e-05, -1.29352, -0.0001
1520290697.4556859, -0.499997, 8.71894e-05, -1.29319, -0.0001
1520290697.501968, -0.500001, 8.71789e-05, -1.29103, -0.0001
1520290697.5445728, -0.5, 8.72899e-05, -1.29123, -0.0001
1520290697.587465, -0.500002, 8.72038e-05, -1.2906, -0.0001
1520290697.6337888, -0.499998, 8.71294e-05, -1.28994, -0.0001
1520290697.676495, -0.500001, 8.69686e-05, -1.29102, -0.0001
1520290697.7192209, -0.500002, 8.70784e-05, -1.29094, -0.0001
1520290697.8092768, -0.500001, 8.69784e-05, -1.29112, -0.0001
1520290697.8525162, -0.5, 8.70474e-05, -1.29258, -0.0001
1520290697.895326, -0.499999, 8.70571e-05, -1.292, -0.0001
1520290697.941803, -0.5, 8.69096e-05, -1.29184, -0.0001
1520290697.9846861, -0.500001, 8.69661e-05, -1.29235, -0.0001
1520290698.027356, -0.500001, 8.71796e-05, -1.29122, -0.0001
1520290698.073878, -0.500001, 8.71006e-05, -1.29033, -0.0001
1520290698.1166961, -0.5, 8.73427e-05, -1.29136, -0.0001
1520290698.159932, -0.5, 8.71542e-05, -1.29096, -0.0001
1520290698.206485, -0.500004, 8.71988e-05, -1.29152, -0.0001
1520290698.249114, -0.5, 8.7063e-05, -1.29101, -0.0001
1520290698.333189, -0.500001, 8.71246e-05, -1.28856, -0.0001
1520290698.3797781, -0.5, 8.72937e-05, -1.29064, -0.0001
1520290698.425052, -0.500001, 8.73617e-05, -1.29232, -0.0001
1520290698.468232, -0.499999, 8.73116e-05, -1.29143, -0.0001
1520290698.514545, -0.5, 8.7247e-05, -1.29113, -0.0001
1520290698.557339, -0.5, 8.7191e-05, -1.2903, -0.0001
1520290698.599852, -0.5, 8.73125e-05, -1.2907, -0.0001
1520290698.646389, -0.500002, 8.71393e-05, -1.288, -0.0001
1520290698.689151, -0.499997, 8.72943e-05, -1.29208, -0.0001
1520290698.7319648, -0.500002, 8.72774e-05, -1.29329, -0.0001
1520290698.813439, -0.500001, 8.73306e-05, -1.29349, -0.0001
1520290698.8564212, -0.499999, 8.72674e-05, -1.29063, -0.0001
1520290698.89935, -0.500002, 8.70978e-05, -1.29027, -0.0001
1520290698.946264, -0.5, 8.70922e-05, -1.291001, -0.0001
1520290698.9891148, -0.499999, 8.71461e-05, -1.288787, -0.0001
1520290699.03164, -0.500002, 8.73406e-05, -1.289025, -0.0001
1520290699.078329, -0.5, 8.72469e-05, -1.2889, -0.0001
1520290699.121103, -0.499999, 8.73388e-05, -1.288914, -0.0001000001
1520290699.164236, -0.500003, 8.71959e-05, -1.290042, -0.0001
1520290699.210598, -0.500001, 8.71628e-05, -1.291502, -0.0001
1520290699.2533278, -0.500001, 8.69683e-05, -1.290909, -0.0001
1520290699.3339782, -0.500003, 8.73944e-05, -1.29275, -0.0001
1520290699.380867, -0.499998, 4.96238e-05, -1.060606, -6.15753e-05
1520290699.426597, -0.500003, 4.9907e-05, -1.060605, -6.19162e-05
1520290699.469472, -0.499999, 4.981e-05, -1.060606, -6.18553e-05
1520290699.516021, -0.500004, 1.02825e-05, -0.757575, -2.1481e-05
1520290699.558742, -0.499999, 1.04223e-05, -0.757577, -2.1521e-05
1520290699.601957, -0.499998, 1.04632e-05, -0.757577, -2.15484e-05
1520290699.6511538, -0.499999, -1.20839e-05, -0.454545, 1.72864e-06
1520290699.6937118, -0.499999, -1.20972e-05, -0.454546, 1.73696e-06
1520290699.73606, -0.499999, -1.20494e-05, -0.454545, 1.7327e-06
1520290699.807255, -0.499999, -5.13421e-05, -0.1515161, 4.15768e-05
1520290699.849977, -0.500002, -5.15416e-05, -0.1515145, 4.18937e-05
1520290699.89263, -0.500002, -5.16387e-05, -0.1515158, 4.19333e-05
1520290699.941229, -0.401056, -0.0001, 0.1515162, 9.2858e-05
1520290699.98399, -0.396847, -0.0001, 0.1515162, 9.29462e-05
1520290700.026461, -0.398327, -0.0001, 0.1515156, 9.30045e-05
1520290700.074634, -0.113191, -0.0001, 0.454544, 9.88654e-05
1520290700.1174002, -0.11338, -0.0001, 0.454544, 9.89361e-05
1520290700.160623, -0.11486, -0.0001, 0.454544, 9.89529e-05
1520290700.2071161, -0.056564, -0.0001, 0.512948, 0.0001
1520290700.2497761, -0.056971, -0.0001, 0.511865, 0.0001
1520290700.322191, -0.056703, -0.0001, 0.51242, 0.0001
1520290700.368652, -0.05534, -0.0001, 0.51465, 0.0001
1520290700.411702, -0.056463, -0.0001, 0.51307, 0.0001
1520290700.4544902, -0.058524, -0.0001, 0.511971, 0.0001
1520290700.5012631, -0.058377, -0.0001, 0.513042, 0.0001
1520290700.544192, -0.05785, -0.0001, 0.514865, 0.0001
1520290700.58715, -0.056, -0.0001, 0.516203, 0.0001
1520290700.633473, -0.055001, -0.0001, 0.518013, 0.0001
1520290700.676529, -0.05464, -0.0001, 0.516866, 0.0001
1520290700.719289, -0.054314, -0.0001, 0.51978, 0.0001
1520290700.765728, -0.056394, -0.0001, 0.518242, 0.0001
1520290700.845959, -0.056657, -0.0001, 0.517832, 0.0001
1520290700.8889759, -0.055822, -0.0001, 0.517435, 0.0001
1520290700.9384441, -0.054377, -0.0001000001, 0.5189, 9.99999e-05
1520290700.981361, -0.058793, -0.0001, 0.5154, 0.0001
1520290701.024085, -0.050487, -0.0001, 0.51782, 0.0001
1520290701.070356, -0.051956, -0.0001, 0.51726, 0.0001
1520290701.1131468, -0.051906, -0.0001, 0.5178, 0.0001
1520290701.155807, -0.05256, -0.0001, 0.51598, 0.0001
1520290701.20245, -0.051463, -0.0001, 0.51804, 0.0001
1520290701.245044, -0.051534, -0.0001, 0.51774, 0.0001
1520290701.287859, -0.052067, -0.0001, 0.5162, 0.0001
1520290701.3683782, -0.052765, -0.0001, 0.51631, 0.0001
1520290701.411676, -0.052715, -0.0001, 0.51575, 0.0001
1520290701.454384, -0.050969, -0.0001, 0.51783, 0.0001
1520290701.500823, -0.051871, -0.0001, 0.51696, 0.0001
1520290701.5437472, -0.052456, -0.0001, 0.51534, 0.0001
1520290701.58653, -0.051532, -0.0001, 0.51784, 0.0001
1520290701.63301, -0.05274, -0.0001, 0.51578, 0.0001
1520290701.67602, -0.054191, -0.0001, 0.51479, 0.0001
1520290701.718749, -0.057003, -0.0001, 0.51269, 0.0001
1520290701.765347, -0.05439, -0.0001, 0.51525, 0.0001
1520290701.844897, -0.053763, -0.0001, 0.5145, 0.0001
1520290701.8889952, -0.054278, -0.0001, 0.51363, 0.0001
1520290701.937588, -0.051845, -0.0001, 0.51599, 0.0001
1520290701.9803069, -0.054614, -0.0001, 0.51343, 0.0001
1520290702.02288, -0.053923, -0.0001, 0.51447, 0.0001
1520290702.06911, -0.054416, -0.0001, 0.51488, 0.0001
1520290702.111944, -0.051975, -0.0001, 0.51708, 0.0001
1520290702.154618, -0.051887, -0.0001, 0.51684, 0.0001
1520290702.200991, -0.053624, -0.0001, 0.51365, 0.0001
1520290702.243883, -0.053187, -0.0001, 0.51483, 0.0001
1520290702.2863848, -0.052962, -0.0001, 0.51476, 0.0001
1520290702.374488, -0.053224, -0.0001, 0.51316, 0.0001
1520290702.417375, -0.053112, -0.0001, 0.51396, 0.0001
1520290702.462806, -0.053626, -0.0001, 0.51336, 0.0001
1520290702.509238, -0.055436, -0.0001, 0.51228, 0.0001
1520290702.5520031, -0.053986, -0.0001, 0.51415, 0.0001
1520290702.5948842, -0.052591, -0.0001, 0.51501, 0.0001
1520290702.641309, -0.051516, -0.0001, 0.51588, 0.0001
1520290702.6848059, -0.054815, -0.0001, 0.51139, 0.0001
1520290702.727516, -0.053223, -0.0001, 0.51462, 0.0001
1520290702.773793, -0.051504, -0.0001, 0.51581, 0.0001
1520290702.85389, -0.052556, -0.0001, 0.51403, 0.0001
1520290702.8966131, -0.055907, -0.0001, 0.51157, 0.0001
1520290702.9437592, -0.053097, -0.0001, 0.51413, 0.0001
1520290702.9865742, -0.052845, -0.0001, 0.51379, 0.0001
1520290703.029663, -0.056231, -0.0001, 0.5097, 0.0001
1520290703.0760908, -0.05167, -0.0001, 0.51395, 0.0001
1520290703.119086, -0.05202, -0.0001, 0.51329, 0.0001
1520290703.161943, -0.051944, -0.0001, 0.51292, 0.0001
1520290703.208349, -0.052466, -0.0001, 0.51357, 0.0001
1520290703.251127, -0.053339, -0.0001, 0.51332, 0.0001
1520290703.2941701, -0.053626, -0.0001, 0.51227, 0.0001
1520290703.37829, -0.052967, -0.0001, 0.51531, 0.0001
1520290703.421213, -0.053737, -0.0001, 0.51457, 0.0001
1520290703.4667158, -0.053503, -0.0001, 0.51453, 0.0001
1520290703.5132642, -0.052549, -0.0001, 0.51498, 0.0001
1520290703.556015, -0.050996, -0.0001, 0.51542, 0.0001
1520290703.5989382, -0.050693, -0.0001, 0.51534, 0.0001
1520290703.645476, -0.050808, -0.0001, 0.51445, 0.0001
1520290703.688292, -0.052681, -0.0001, 0.50938, 0.0001
1520290703.73122, -0.051471, -0.0001, 0.51134, 0.0001
1520290703.7773519, -0.050504, -0.0001, 0.51261, 0.0001
1520290703.819911, -0.049548, -0.0001, 0.51447, 0.0001
1520290703.896258, -0.052047, -0.0001, 0.51088, 0.0001
1520290703.9430232, -0.051994, -0.0001, 0.51052, 0.0001
1520290703.987749, -0.053898, -0.0001, 0.50844, 0.0001
1520290704.030484, -0.056625, -0.0001, 0.50601, 0.0001
1520290704.076709, -0.055292, -0.0001, 0.50709, 0.0001
1520290704.1196978, -0.056174, -0.0001, 0.50631, 0.0001
1520290704.162626, -0.055509, -0.0001, 0.50622, 0.0001
1520290704.209078, -0.054691, -0.0001, 0.50796, 0.0001
1520290704.251991, -0.055861, -0.0001, 0.50552, 0.0001
1520290704.2946858, -0.054341, -0.0001, 0.50674, 0.0001
1520290704.375562, -0.053697, -0.0001, 0.50735, 0.0001
1520290704.419772, -0.052793, -0.0001, 0.51067, 0.0001
1520290704.462877, -0.051718, -0.0001, 0.51004, 0.0001
1520290704.50946, -0.051179, -0.0001, 0.51049, 0.0001
1520290704.5524569, -0.056517, -0.0001000001, 0.50498, 0.0001
1520290704.59514, -0.05477, -0.0001, 0.50582, 0.0001
1520290704.641666, -0.052848, -0.0001, 0.5076, 0.0001
1520290704.684787, -0.049698, -0.0001, 0.51132, 0.0001
1520290704.727343, -0.049831, -0.0001, 0.51068, 0.0001
1520290704.773822, -0.052387, -0.0001, 0.50716, 0.0001
1520290704.8166232, -0.05055, -0.0001, 0.51003, 0.0001
1520290704.901029, -0.052739, -0.0001, 0.50838, 0.0001
1520290704.947548, -0.053912, -0.0001, 0.50808, 0.0001
1520290704.9927108, -0.051895, -0.0001, 0.51045, 0.0001
1520290705.035531, -0.051766, -0.0001, 0.50977, 0.0001
1520290705.081783, -0.052853, -0.0001, 0.50972, 0.0001
1520290705.124346, -0.053981, -0.0001, 0.50902, 0.0001
1520290705.167267, -0.054559, -0.0001, 0.50835, 0.0001
1520290705.213757, -0.054064, -0.0001, 0.50836, 0.0001
1520290705.256681, -0.053601, -0.0001, 0.50834, 0.0001
1520290705.301095, -0.052682, -0.0001, 0.50886, 0.0001
1520290705.380658, -0.053105, -0.0001, 0.51296, 0.0001
1520290705.4233012, -0.050671, -0.0001, 0.50994, 0.0001
1520290705.4663281, -0.05239, -0.0001, 0.50807, 0.0001
1520290705.5126321, -0.052176, -0.0001, 0.50832, 0.0001
1520290705.555682, -0.052097, -0.0001, 0.50749, 0.0001
1520290705.598541, -0.053296, -0.0001, 0.50793, 0.0001
1520290705.644944, -0.051998, -0.0001, 0.50936, 0.0001
1520290705.6875122, -0.050386, -0.0001, 0.51013, 0.0001
1520290705.730402, -0.051039, -0.0001, 0.51074, 0.0001
1520290705.776881, -0.052981, -0.0001, 0.51114, 0.0001
1520290705.8197289, -0.053026, -0.0001, 0.5102, 0.0001
1520290705.887433, -0.0523, -0.0001, 0.51045, 0.0001
1520290705.933986, -0.051034, -0.0001, 0.51131, 0.0001
1520290705.9772742, -0.048932, -0.0001, 0.51338, 0.0001
1520290706.01987, -0.05073, -0.0001000001, 0.51095, 9.99999e-05
1520290706.066559, -0.051941, -0.0001, 0.51005, 0.0001
1520290706.1092238, -0.049985, -0.0001, 0.51162, 0.0001
1520290706.1517508, -0.049881, -0.0001, 0.51229, 0.0001
1520290706.198548, -0.050248, -0.0001, 0.51231, 0.0001
1520290706.241498, -0.050918, -0.0001, 0.51174, 0.0001
1520290706.2844548, -0.049986, -0.0001, 0.51201, 0.0001
1520290706.330826, -0.050833, -0.0001, 0.51129, 0.0001
1520290706.399522, -0.049231, -0.0001, 0.51313, 0.0001
1520290706.442302, -0.049599, -0.0001, 0.51273, 0.0001
1520290706.4912362, -0.051136, -0.0001, 0.51175, 0.0001
1520290706.5341802, -0.05589, -0.0001, 0.50767, 0.0001
1520290706.577318, -0.055409, -0.0001, 0.50608, 0.0001
1520290706.623747, -0.053572, -0.0001000001, 0.50806, 9.99999e-05
1520290706.666629, -0.055885, -0.0001, 0.50533, 0.0001
1520290706.709698, -0.053918, -0.0001, 0.5065, 0.0001
1520290706.75607, -0.05353, -0.0001, 0.50631, 0.0001
1520290706.7986612, -0.054717, -0.0001, 0.50506, 0.0001
1520290706.841386, -0.055349, -0.0001, 0.50442, 0.0001
1520290706.913517, -0.055438, -0.0001, 0.50583, 0.0001
1520290706.9558988, -0.053038, -0.0001, 0.50874, 0.0001
1520290706.9987571, -0.053904, -0.0001000001, 0.50761, 0.0001
1520290707.041169, -0.055196, -0.0001, 0.50603, 0.0001
1520290707.0838761, -0.05486, -0.0001, 0.50603, 0.0001
1520290707.126289, -0.053709, -0.0001, 0.50726, 0.0001
1520290707.172693, -0.055274, -0.0001, 0.50604, 0.0001
1520290707.215735, -0.054835, -0.0001000001, 0.50673, 0.0001
1520290707.258472, -0.055998, -0.0001, 0.50475, 0.0001
1520290707.3049788, -0.052837, -0.0001, 0.50757, 0.0001
1520290707.3477461, -0.050579, -0.0001, 0.51075, 0.0001
1520290707.41648, -0.054847, -0.0001, 0.50699, 0.0001
1520290707.463379, -0.054717, -0.0001, 0.50695, 0.0001
1520290707.508341, -0.052163, -0.0001, 0.50953, 0.0001
1520290707.5510762, -0.053507, -0.0001, 0.50802, 0.0001
1520290707.597864, -0.053062, -0.0001, 0.50807, 0.0001
1520290707.640794, -0.049662, -0.0001, 0.51174, 0.0001
1520290707.6837828, -0.054491, -0.0001, 0.50636, 0.0001
1520290707.730378, -0.054214, -0.0001, 0.50654, 0.0001
1520290707.773188, -0.052102, -0.0001, 0.50872, 0.0001
1520290707.815873, -0.05522, -0.0001, 0.50541, 0.0001
1520290707.862325, -0.053281, -0.0001, 0.5071, 9.99999e-05
1520290707.930917, -0.05592, -0.0001, 0.5053, 0.0001
1520290707.9738, -0.056751, -0.0001, 0.50416, 0.0001
1520290708.022397, -0.053664, -0.0001, 0.50676, 0.0001
1520290708.065231, -0.055831, -0.0001, 0.50418, 0.0001
1520290708.108232, -0.055039, -0.0001, 0.50526, 0.0001
1520290708.15464, -0.054474, -0.0001, 0.50518, 0.0001
1520290708.197694, -0.055552, -0.0001, 0.50472, 0.0001
1520290708.24034, -0.053452, -0.0001, 0.50692, 0.0001
1520290708.2868638, -0.05438, -0.0001, 0.50628, 0.0001
1520290708.329515, -0.054475, -0.0001, 0.50668, 0.0001
1520290708.372381, -0.054458, -0.0001, 0.50674, 0.0001
1520290708.4447758, -0.055692, -0.0001, 0.50533, 0.0001
1520290708.487842, -0.052212, -0.0001, 0.50778, 9.99999e-05
1520290708.5307488, -0.053345, -0.0001, 0.50665, 0.0001
1520290708.5773098, -0.054918, -0.0001, 0.50528, 0.0001
1520290708.6199942, -0.054239, -0.0001000001, 0.50616, 0.0001
1520290708.662762, -0.055731, -0.0001, 0.5047, 0.0001
1520290708.709625, -0.058385, -0.0001, 0.50143, 0.0001
1520290708.752518, -0.060238, -0.0001, 0.49939, 0.0001
1520290708.795743, -0.058473, -0.0001, 0.50219, 0.0001
1520290708.8421981, -0.058205, -0.0001, 0.50154, 0.0001
1520290708.884823, -0.054257, -0.0001, 0.50625, 0.0001
1520290708.9531991, -0.056762, -0.0001, 0.50321, 0.0001
1520290708.999983, -0.057532, -0.0001, 0.50199, 0.0001
1520290709.0447721, -0.059078, -0.0001, 0.50059, 0.0001
1520290709.087538, -0.060618, -0.0001, 0.49861, 0.0001
1520290709.134101, -0.057795, -0.0001000001, 0.50161, 0.0001
1520290709.176998, -0.056694, -0.0001, 0.50277, 0.0001
1520290709.2202141, -0.057046, -0.0001, 0.5026, 0.0001
1520290709.2666602, -0.058655, -0.0001, 0.50113, 0.0001
1520290709.3096719, -0.059404, -0.0001, 0.50011, 0.0001
1520290709.3523898, -0.059047, -0.0001, 0.50058, 0.0001
1520290709.3987799, -0.056674, -0.0001, 0.50251, 0.0001
1520290709.467624, -0.057807, -0.0001, 0.50153, 0.0001
1520290709.5105221, -0.055493, -0.0001, 0.50335, 0.0001
1520290709.559047, -0.058728, -0.0001, 0.49998, 0.0001
1520290709.601737, -0.056291, -0.0001, 0.5023, 0.0001
1520290709.6447349, -0.056481, -0.0001000001, 0.50206, 9.99999e-05
1520290709.691139, -0.059034, -0.0001, 0.49914, 0.0001
1520290709.7341352, -0.058626, -0.0001, 0.4997, 0.0001
1520290709.776837, -0.05597, -0.0001, 0.50277, 0.0001
1520290709.823842, -0.056166, -0.0001, 0.50273, 0.0001
1520290709.866596, -0.05904, -0.0001, 0.49918, 0.0001
1520290709.9092338, -0.057361, -0.0001, 0.50047, 0.0001
1520290709.981032, -0.056917, -0.0001, 0.5014, 0.0001
1520290710.0456479, -0.056722, -0.0001, 0.50109, 0.0001
1520290710.091265, -0.0554, -0.0001, 0.50351, 0.0001
1520290710.1374772, -0.05777, -0.0001, 0.50072, 0.0001
1520290710.18012, -0.05521, -0.0001, 0.50417, 0.0001
1520290710.2231839, -0.057727, -0.0001, 0.50097, 0.0001
1520290710.2696671, -0.057572, -0.0001, 0.5018, 0.0001
1520290710.312535, -0.05713, -0.0001, 0.50262, 0.0001
1520290710.355219, -0.05763, -0.0001, 0.50261, 0.0001
1520290710.40147, -0.060873, -0.0001, 0.49884, 0.0001
1520290710.476671, -0.060789, -0.0001, 0.49884, 0.0001
1520290710.5194519, -0.058586, -0.0001, 0.5006, 0.0001
1520290710.5665221, -0.060217, -0.0001000001, 0.49885, 9.99999e-05
1520290710.609408, -0.059663, -0.0001, 0.4992, 0.0001
1520290710.652373, -0.05928, -0.0001, 0.5001, 0.0001
1520290710.699048, -0.056657, -0.0001, 0.50216, 0.0001
1520290710.7418199, -0.056778, -0.0001, 0.50144, 0.0001
1520290710.784589, -0.058012, -0.0001, 0.50053, 0.0001
1520290710.83109, -0.060116, -0.0001, 0.49845, 0.0001
1520290710.874308, -0.058721, -0.0001, 0.49917, 0.0001
1520290710.9170308, -0.05777, -0.0001, 0.50013, 0.0001
1520290711.001146, -0.05808, -0.0001, 0.49958, 0.0001
1520290711.044085, -0.058618, -0.0001, 0.49928, 0.0001
1520290711.089571, -0.056328, -0.0001, 0.5015, 0.0001
1520290711.136001, -0.054837, -0.0001, 0.50345, 0.0001
1520290711.178931, -0.056854, -0.0001, 0.50214, 0.0001
1520290711.2217238, -0.056715, -0.0001, 0.50221, 0.0001
1520290711.268228, -0.05726, -0.0001, 0.5013, 0.0001
1520290711.311002, -0.05688, -0.0001, 0.501, 0.0001
1520290711.353845, -0.058013, -0.0001, 0.5002, 0.0001
1520290711.400337, -0.058789, -0.0001, 0.4992, 0.0001
1520290711.4432058, -0.057783, -0.0001000001, 0.50115, 0.0001
1520290711.565038, -0.056358, -0.0001, 0.50191, 0.0001
1520290711.62216, -0.057522, -0.0001, 0.50044, 0.0001
1520290711.664914, -0.058139, -0.0001, 0.49966, 0.0001
1520290711.707653, -0.059508, -0.0001, 0.49899, 0.0001
1520290711.7544901, -0.057329, -0.0001, 0.50106, 0.0001
1520290711.797117, -0.05847, -0.0001, 0.49997, 0.0001
1520290711.840105, -0.059059, -0.0001, 0.49876, 0.0001
1520290711.886622, -0.056578, -0.0001, 0.50136, 0.0001
1520290711.929483, -0.05788, -0.0001, 0.49969, 0.0001
1520290712.0287402, -0.055513, -0.0001, 0.50272, 0.0001
1520290712.075541, -0.057737, -0.0001, 0.5004, 0.0001
1520290712.121269, -0.054749, -0.0001, 0.50289, 0.0001
1520290712.16413, -0.054584, -0.0001, 0.50303, 0.0001
1520290712.2106938, -0.055535, -0.0001, 0.50066, 0.0001
1520290712.2536871, -0.055207, -0.0001, 0.50166, 0.0001
1520290712.296484, -0.055885, -0.0001, 0.50142, 0.0001
1520290712.343169, -0.0555, -0.0001, 0.50247, 0.0001
1520290712.3859782, -0.057823, -0.0001, 0.49991, 0.0001
1520290712.428747, -0.055747, -0.0001, 0.50234, 0.0001
1520290712.5011468, -0.056882, -0.0001, 0.50007, 0.0001
1520290712.544373, -0.054344, -0.0001, 0.50337, 0.0001
1520290712.587587, -0.054909, -0.0001, 0.5024, 0.0001
1520290712.6339788, -0.054548, -0.0001, 0.50297, 0.0001
1520290712.6768692, -0.055427, -0.0001, 0.50177, 0.0001
1520290712.719711, -0.056278, -0.0001, 0.50054, 0.0001
1520290712.76667, -0.055966, -0.0001, 0.501, 0.0001
1520290712.8093948, -0.057327, -0.0001, 0.49996, 0.0001
1520290712.8523781, -0.054086, -0.0001, 0.50308, 0.0001
1520290712.898936, -0.056731, -0.0001, 0.49928, 0.0001
1520290712.942046, -0.05647, -0.0001, 0.50017, 0.0001
1520290713.010819, -0.056365, -0.0001, 0.4992, 0.0001
1520290713.057327, -0.055322, -0.0001, 0.50049, 0.0001
1520290713.1020842, -0.055685, -0.0001, 0.50059, 0.0001
1520290713.144911, -0.057173, -0.0001, 0.49893, 0.0001
1520290713.191911, -0.057316, -0.0001, 0.5001, 0.0001
1520290713.235075, -0.056888, -0.0001, 0.500838, 0.0001
1520290713.277888, -0.058767, -0.0001, 0.499203, 0.0001
1520290713.324382, -0.057221, -0.0001, 0.499767, 0.0001
1520290713.36783, -0.058396, -0.0001, 0.500137, 0.0001
1520290713.4106472, -0.056054, -0.0001, 0.502608, 0.0001
1520290713.4571369, -0.057755, -0.0001, 0.500608, 0.0001
1520290713.525679, -0.058565, -0.0001, 0.500284, 0.0001
1520290713.568641, -0.054655, -0.0001, 0.503521, 0.0001
1520290713.617366, -0.057787, -0.0001, 0.502057, 0.0001
1520290713.6602519, -0.060226, -0.0001, 0.499434, 0.0001
1520290713.7031949, -0.060612, -0.0001, 0.498043, 0.0001
1520290713.7499971, -0.057436, -0.0001, 0.501491, 0.0001
1520290713.792943, -0.060482, -0.0001, 0.499154, 0.0001
1520290713.835736, -0.05877, -0.0001, 0.501127, 0.0001
1520290713.882537, -0.102346, -0.0001, 0.454544, 9.91159e-05
1520290713.9252741, -0.102959, -0.0001, 0.454545, 9.9212e-05
1520290713.968158, -0.101817, -0.0001, 0.454545, 9.90922e-05
1520290714.042687, -0.386448, -0.0001, 0.1515135, 9.31635e-05
1520290714.085739, -0.385643, -0.0001, 0.1515169, 9.31238e-05
1520290714.12879, -0.387073, -0.0001, 0.1515132, 9.34141e-05
1520290714.175343, -0.499998, -5.35089e-05, -0.151516, 4.38977e-05
1520290714.2182899, -0.5, -5.36173e-05, -0.1515153, 4.39233e-05
1520290714.261204, -0.500001, -5.37194e-05, -0.1515148, 4.39327e-05
1520290714.312153, -0.499999, -1.21367e-05, -0.454545, 1.8755e-06
1520290714.3546891, -0.499999, -1.20437e-05, -0.454545, 1.85668e-06
1520290714.39788, -0.499999, -1.20234e-05, -0.454546, 1.87207e-06
1520290714.44518, -0.499999, 1.15853e-05, -0.757577, -2.26696e-05
1520290714.488095, -0.500001, 1.15479e-05, -0.757577, -2.24794e-05
1520290714.5566201, -0.500002, 1.13091e-05, -0.757575, -2.23438e-05
1520290714.6034482, -0.499999, 5.34746e-05, -1.060606, -6.54254e-05
1520290714.647913, -0.499997, 5.31939e-05, -1.060608, -6.47664e-05
1520290714.690659, -0.500001, 5.31664e-05, -1.060606, -6.46945e-05
1520290714.737181, -0.500001, 8.77878e-05, -1.262941, -0.0001
1520290714.779934, -0.500003, 8.78093e-05, -1.26419, -0.0001
1520290714.822619, -0.499999, 8.76109e-05, -1.268026, -0.0001
1520290714.869069, -0.5, 8.75127e-05, -1.269092, -0.0001
1520290714.9119081, -0.499999, 8.78726e-05, -1.26893, -0.0001
1520290714.95464, -0.500002, 8.76844e-05, -1.270549, -0.0001
1520290715.001178, -0.500001, 8.7625e-05, -1.271383, -0.0001
1520290715.06989, -0.499998, 8.75526e-05, -1.274218, -0.0001
1520290715.112609, -0.500001, 8.74955e-05, -1.274591, -0.0001
1520290715.161126, -0.500002, 8.77666e-05, -1.27567, -0.0001
1520290715.204051, -0.499999, 8.77062e-05, -1.27612, -0.0001
1520290715.247391, -0.5, 8.76917e-05, -1.27589, -0.0001
1520290715.2940722, -0.499999, 8.76808e-05, -1.27691, -0.0001
1520290715.3368, -0.500001, 8.75815e-05, -1.27818, -0.0001
1520290715.379717, -0.5, 8.76044e-05, -1.27715, -0.0001
1520290715.426348, -0.5, 8.75488e-05, -1.27552, -0.0001
1520290715.469304, -0.500002, 8.77359e-05, -1.27648, -0.0001
1520290715.51222, -0.5, 8.77462e-05, -1.27617, -0.0001
1520290715.5850549, -0.5, 8.77374e-05, -1.27827, -0.0001
1520290715.6279092, -0.500002, 8.77063e-05, -1.27828, -0.0001
1520290715.6709938, -0.499998, 8.7847e-05, -1.2769, -0.0001
1520290715.71765, -0.5, 8.75776e-05, -1.2769, -0.0001
1520290715.760906, -0.499997, 8.76615e-05, -1.27748, -0.0001
1520290715.8040519, -0.499999, 8.76486e-05, -1.27868, -0.0001
1520290715.850521, -0.500002, 8.78169e-05, -1.27828, -0.0001
1520290715.893549, -0.499999, 8.7881e-05, -1.27706, -0.0001
1520290715.93654, -0.499999, 8.75532e-05, -1.27707, -0.0001
1520290715.983199, -0.500001, 8.76016e-05, -1.27615, -0.0001
1520290716.0258932, -0.499998, 8.75977e-05, -1.27553, -0.0001
1520290716.0947149, -0.500002, 8.75373e-05, -1.28003, -0.0001
1520290716.141286, -0.500001, 8.76279e-05, -1.28031, -0.0001
1520290716.1865668, -0.499999, 8.7761e-05, -1.2809, -0.0001000001
1520290716.2293959, -0.5, 8.76834e-05, -1.27988, -0.0001
1520290716.276038, -0.499999, 8.75707e-05, -1.28061, -0.0001
1520290716.319027, -0.5, 8.76383e-05, -1.28065, -0.0001
1520290716.361814, -0.499999, 8.76046e-05, -1.28101, -0.0001
1520290716.408627, -0.499999, 8.78239e-05, -1.28057, -0.0001
1520290716.4514508, -0.5, 8.75262e-05, -1.28106, -0.0001
1520290716.494245, -0.5, 8.75298e-05, -1.28248, -0.0001
1520290716.540834, -0.5, 8.747e-05, -1.28218, -0.0001
1520290716.6097689, -0.500002, 8.74355e-05, -1.28085, -0.0001
1520290716.6526132, -0.499999, 8.76217e-05, -1.28047, -0.0001
1520290716.7013838, -0.500002, 8.75341e-05, -1.28212, -0.0001
1520290716.744303, -0.5, 8.75288e-05, -1.28271, -0.0001
1520290716.787161, -0.5, 8.7412e-05, -1.28158, -0.0001
1520290716.833709, -0.5, 8.76267e-05, -1.28053, -0.0001
1520290716.876588, -0.499997, 8.76239e-05, -1.28, -0.0001
1520290716.919803, -0.500001, 8.75845e-05, -1.28111, -0.0001
1520290716.966455, -0.500002, 8.75742e-05, -1.28182, -0.0001
1520290717.009465, -0.500001, 8.7501e-05, -1.27984, -0.0001
1520290717.0523572, -0.5, 8.74291e-05, -1.27976, -0.0001
1520290717.1249988, -0.499997, 8.73714e-05, -1.27915, -0.0001
1520290717.167799, -0.500002, 8.76031e-05, -1.28284, -0.0001
1520290717.211092, -0.499999, 8.75483e-05, -1.28232, -0.0001
1520290717.2578602, -0.500002, 8.76387e-05, -1.28218, -0.0001
1520290717.3009422, -0.500002, 8.76967e-05, -1.28295, -0.0001
1520290717.343807, -0.5, 8.77224e-05, -1.28351, -0.0001
1520290717.390271, -0.5, 8.76524e-05, -1.28127, -0.0001
1520290717.433127, -0.500002, 8.77316e-05, -1.28129, -0.0001
1520290717.476274, -0.500002, 8.76978e-05, -1.28133, -0.0001
1520290717.52287, -0.500002, 8.77327e-05, -1.28139, -0.0001
1520290717.565706, -0.500003, 8.77737e-05, -1.28233, -0.0001
1520290717.6347399, -0.5, 8.80632e-05, -1.28236, -0.0001
1520290717.6812348, -0.500002, 8.80569e-05, -1.28295, -0.0001
1520290717.726499, -0.500002, 8.79107e-05, -1.28212, -0.0001
1520290717.76943, -0.500001, 8.80371e-05, -1.28266, -0.0001
1520290717.816015, -0.500001, 8.81211e-05, -1.28218, -0.0001
1520290717.858741, -0.500001, 8.81348e-05, -1.28327, -0.0001
1520290717.9015849, -0.5, 8.81048e-05, -1.28484, -0.0001
1520290717.948204, -0.5, 8.80741e-05, -1.28399, -0.0001
1520290717.991104, -0.500002, 8.78974e-05, -1.28331, -0.0001
1520290718.0341609, -0.500001, 8.79965e-05, -1.28388, -0.0001
1520290718.080766, -0.499999, 8.78967e-05, -1.28469, -0.0001
1520290718.149843, -0.499999, 8.80446e-05, -1.28356, -0.0001
1520290718.19276, -0.5, 8.78377e-05, -1.28356, -0.0001
1520290718.2416298, -0.500001, 8.79419e-05, -1.28413, -0.0001
1520290718.284472, -0.500001, 8.78282e-05, -1.28498, -0.0001
1520290718.32772, -0.500001, 8.78599e-05, -1.2853, -0.0001
1520290718.374294, -0.5, 8.77661e-05, -1.28437, -0.0001
1520290718.417221, -0.5, 8.79396e-05, -1.28492, -0.0001
1520290718.460157, -0.500001, 8.7838e-05, -1.28627, -0.0001
1520290718.50671, -0.500002, 8.77933e-05, -1.28396, -0.0001
1520290718.549622, -0.499999, 8.77559e-05, -1.28448, -0.0001
1520290718.592476, -0.5, 8.77449e-05, -1.28495, -0.0001
1520290718.665289, -0.500002, 8.77558e-05, -1.28391, -0.0001
1520290718.7083032, -0.500001, 8.80055e-05, -1.28444, -0.0001
1520290718.751654, -0.5, 8.78394e-05, -1.28358, -0.0001000001
1520290718.798114, -0.500001, 8.77352e-05, -1.28328, -0.0001
1520290718.841237, -0.500001, 8.77457e-05, -1.28323, -0.0001
1520290718.8841841, -0.500001, 8.75358e-05, -1.2823, -0.0001
1520290718.930774, -0.500001, 8.76361e-05, -1.28062, -0.0001
1520290718.973734, -0.499999, 8.76935e-05, -1.28084, -0.0001
1520290719.016656, -0.5, 8.76637e-05, -1.28061, -0.0001
1520290719.0634382, -0.5, 8.75744e-05, -1.28078, -0.0001
1520290719.1063628, -0.5, 8.75338e-05, -1.28435, -0.0001
1520290719.1749911, -0.5, 8.77162e-05, -1.28606, -0.0001
1520290719.221548, -0.500001, 8.76847e-05, -1.28574, -0.0001
1520290719.266645, -0.5, 8.77366e-05, -1.2823, -0.0001
1520290719.3094559, -0.499999, 8.76098e-05, -1.28162, -0.0001
1520290719.3563678, -0.499999, 8.7663e-05, -1.28134, -0.0001
1520290719.399195, -0.500003, 8.7573e-05, -1.28052, -0.0001
1520290719.442028, -0.499998, 8.76565e-05, -1.28009, -0.0001
1520290719.488693, -0.5, 8.7524e-05, -1.27937, -0.0001
1520290719.531667, -0.500002, 8.77268e-05, -1.28045, -0.0001
1520290719.5744588, -0.500003, 8.76587e-05, -1.27867, -0.0001
1520290719.621116, -0.5, 8.76743e-05, -1.28061, -0.0001
1520290719.689877, -0.500002, 8.76461e-05, -1.28066, -0.0001
1520290719.7327669, -0.500001, 8.77618e-05, -1.28212, -0.0001
1520290719.781833, -0.499999, 8.75571e-05, -1.28092, -0.0001
1520290719.824835, -0.500002, 8.76158e-05, -1.28022, -0.0001
1520290719.867915, -0.5, 8.76657e-05, -1.27975, -0.0001
1520290719.914409, -0.499999, 8.7723e-05, -1.28102, -0.0001
1520290719.957325, -0.500002, 8.77487e-05, -1.28091, -0.0001
1520290720.000072, -0.5, 8.77624e-05, -1.28086, -0.0001
1520290720.0466518, -0.500002, 8.76304e-05, -1.28092, -0.0001
1520290720.089626, -0.5, 8.76509e-05, -1.27888, -0.0001
1520290720.132363, -0.500001, 8.77635e-05, -1.27991, -0.0001
1520290720.204663, -0.500001, 8.76822e-05, -1.28105, -0.0001
1520290720.2478259, -0.500001, 8.77651e-05, -1.28113, -0.0001
1520290720.291269, -0.500001, 8.75655e-05, -1.28127, -0.0001
1520290720.337725, -0.499999, 8.75982e-05, -1.28098, -0.0001
1520290720.3808389, -0.499999, 8.76873e-05, -1.28117, -0.0001
1520290720.4238012, -0.500001, 8.76121e-05, -1.28131, -0.0001
1520290720.470515, -0.5, 8.77297e-05, -1.27977, -0.0001
1520290720.5133, -0.5, 8.75304e-05, -1.27943, -0.0001
1520290720.556229, -0.499997, 8.76411e-05, -1.27886, -0.0001
1520290720.6026108, -0.499999, 8.75695e-05, -1.2803, -0.0001
1520290720.645459, -0.500001, 8.74966e-05, -1.27996, -0.0001
1520290720.714179, -0.499999, 8.77232e-05, -1.27962, -0.0001
1520290720.760969, -0.499998, 8.76134e-05, -1.27974, -0.0001
1520290720.80591, -0.5, 8.75538e-05, -1.28011, -0.0001
1520290720.8487968, -0.500003, 8.76726e-05, -1.27929, -0.0001
1520290720.895401, -0.499998, 8.7632e-05, -1.28018, -0.0001
1520290720.9380941, -0.500001, 8.77208e-05, -1.28141, -0.0001
1520290720.980921, -0.499999, 8.76407e-05, -1.28095, -0.0001
1520290721.02717, -0.500003, 8.74339e-05, -1.28021, -0.0001
1520290721.070088, -0.499999, 8.76889e-05, -1.28004, -0.0001
1520290721.112864, -0.5, 8.76618e-05, -1.28044, -0.0001
