 1518559152.2886841, 0.499999, 1.5e-12, -15.0, -3.24e-10
1518559152.3207932, 0.499999, 1.16e-12, -15.0, -2.04e-10
1518559152.3448582, 0.499999, 1.05e-12, -15.0, -1.65e-10
1518559152.373125, 0.499999, 8.9e-13, -11.66668, -3.3e-11
1518559152.3973591, 0.499999, 8.6e-13, -11.66668, -6e-11
1518559152.421531, 0.499999, 1.22e-12, -11.66667, -6.5e-11
1518559152.449812, 0.499999, 7.6e-13, -8.33333, 3.8e-11
1518559152.47409, 0.499999, 7.6e-13, -8.33333, -8e-12
1518559152.498133, 0.499999, 7.6e-13, -8.33333, -2.1e-11
1518559152.525951, 0.499999, 5.7e-13, -5.0, 8.2e-11
1518559152.5499961, 0.499999, 4e-13, -5.0, 3.4e-11
1518559152.5741289, 0.499999, 7.4e-13, -5.0, 1e-11
1518559152.598939, 0.499999, 4.3e-13, -1.666667, 1.36e-10
1518559152.623044, 0.499999, 6.4e-13, -1.666667, 6.5e-11
1518559152.647424, 0.499999, 4.9e-13, -1.666667, 4.5e-11
1518559152.675384, 0.499999, 4.1e-13, 1.666667, 1.38e-10
1518559152.699557, 0.499999, 9.6e-13, 1.666667, 8.3e-11
1518559152.723774, 0.499999, 7.5e-13, 1.666667, 5.4e-11
1518559152.752031, 0.499999, 8.3e-13, 5.0, 1.61e-10
1518559152.784183, 0.499999, 8.8e-13, 5.0, 9.8e-11
1518559152.808146, 0.499999, 9.1e-13, 5.0, 7.6e-11
1518559152.836873, 0.499999, 2.1e-13, 8.33333, 1.71e-10
1518559152.860886, 0.499999, 5.2e-13, 8.33333, 1.11e-10
1518559152.885035, 0.499999, 5.2e-13, 8.33333, 9e-11
1518559152.912906, 0.499999, 6.3e-13, 11.66667, 1.81e-10
1518559152.937078, 0.499999, 4.7e-13, 11.66667, 1.24e-10
1518559152.9613261, 0.499999, 8.7e-13, 11.66667, 1.09e-10
1518559152.989318, 0.499999, 2.8e-13, 15.0, 1.92e-10
1518559153.0133061, 0.499999, 4.8e-13, 15.0, 1.33e-10
1518559153.037475, 0.499999, 7.2e-13, 15.0, 1.08e-10
1518559153.0613801, 0.499999, 9.5e-13, 15.0, 9.9e-11
1518559153.085033, 0.499999, 7.4e-13, 15.0, 8.5e-11
1518559153.1092072, 0.499999, 5.6e-13, 15.0, 8e-11
1518559153.137242, 0.499999, 7.6e-13, 11.66667, -3.2e-11
1518559153.1614232, 0.499999, 8.7e-13, 11.66667, 1e-11
1518559153.1855092, 0.499999, 4.8e-13, 11.66667, 2.1e-11
1518559153.213598, 0.499999, 5.9e-13, 8.33333, -8.3e-11
1518559153.2377422, 0.499999, 8.6e-13, 8.33333, -3.6e-11
1518559153.261819, 0.499999, 5.7e-13, 8.33333, -1.8e-11
1518559153.289839, 0.499999, 6e-13, 5.0, -1.1e-10
1518559153.313789, 0.499999, 4.1e-13, 5.0, -6.1e-11
1518559153.338996, 0.499999, 5.9e-13, 5.0, -4.4e-11
1518559153.363554, 0.499999, 3.4e-13, 1.666667, -1.57e-10
1518559153.387597, 0.499999, 5.7e-13, 1.666667, -9e-11
1518559153.411833, 0.499999, 7.4e-13, 1.666667, -6.6e-11
1518559153.439904, 0.499999, 4.2e-13, -1.666668, -1.64e-10
1518559153.4640682, 0.499999, 7.6e-13, -1.666667, -1.03e-10
1518559153.488137, 0.499999, 5.4e-13, -1.666668, -8.3e-11
1518559153.516313, 0.499999, 3.7e-13, -5.0, -1.76e-10
1518559153.5403562, 0.499999, 6.5e-13, -5.0, -1.22e-10
1518559153.564376, 0.499999, 4.7e-13, -5.0, -1.01e-10
1518559153.592507, 0.499999, 5e-13, -8.33333, -1.93e-10
1518559153.616768, 0.499999, 5.1e-13, -8.33333, -1.4e-10
1518559153.640861, 0.499999, 4.2e-13, -8.33333, -1.12e-10
1518559153.669128, 0.499999, 5e-13, -11.66667, -2.02e-10
1518559153.693262, 0.499999, 5.6e-13, -11.66668, -1.5e-10
1518559153.7174568, 0.499999, 3.8e-13, -11.66667, -1.25e-10
1518559153.745486, 0.499999, 5.4e-13, -15.0, -2.16e-10
1518559153.769397, 0.499999, 3e-13, -15.0, -1.57e-10
1518559153.793571, 0.499999, 3.9e-13, -15.0, -1.32e-10
 1518559169.589696, 0.499999, 1.2e-12, -15.0, -3.02e-10
1518559169.621551, 0.499999, 1.33e-12, -15.0, -1.96e-10
1518559169.6454558, 0.499999, 9.4e-13, -15.0, -1.65e-10
1518559169.669688, 0.499999, 9e-13, -14.69697, -1.3e-10
1518559169.693731, 0.499999, 1.03e-12, -14.69697, -1.2e-10
1518559169.717931, 0.499999, 7e-13, -14.69697, -1.05e-10
1518559169.741935, 0.499999, 8.2e-13, -14.39394, -8.8e-11
1518559169.765734, 0.499999, 9.1e-13, -14.39394, -8.4e-11
1518559169.789622, 0.499999, 7.1e-13, -14.39394, -8.7e-11
1518559169.813751, 0.499999, 7.4e-13, -14.09091, -6.5e-11
1518559169.837527, 0.499999, 6.9e-13, -14.09091, -6.9e-11
1518559169.861506, 0.499999, 5.9e-13, -14.09091, -6.3e-11
1518559169.8855581, 0.499999, 4.7e-13, -13.78788, -4.8e-11
1518559169.9093812, 0.499999, 5.5e-13, -13.78788, -5.2e-11
1518559169.93337, 0.499999, 4.9e-13, -13.78788, -5.4e-11
1518559169.957422, 0.499999, 8.3e-13, -13.48485, -4.4e-11
1518559169.981323, 0.499999, 9e-14, -13.48485, -4.9e-11
1518559170.005116, 0.499999, 2.3e-13, -13.48485, -5.2e-11
1518559170.029131, 0.499999, 8.1e-13, -13.18182, -3.7e-11
1518559170.0530539, 0.499999, 3.5e-13, -13.18182, -3.6e-11
1518559170.0859652, 0.499999, 5.9e-13, -13.18182, -4.5e-11
1518559170.109951, 0.499999, 3.2e-13, -12.87879, -2.1e-11
1518559170.133742, 0.499999, 6.3e-13, -12.87879, -3.2e-11
1518559170.159761, 0.499999, 2.3e-13, -12.87879, -3.1e-11
1518559170.183861, 0.499999, 3.7e-13, -12.57576, -2.1e-11
1518559170.207658, 0.499999, 4.6e-13, -12.57576, -3.2e-11
1518559170.2314591, 0.499999, 7.2e-13, -12.57576, -2.8e-11
1518559170.255556, 0.499999, 5.4e-13, -12.27273, -1.9e-11
1518559170.2794812, 0.499999, 2.3e-13, -12.27273, -2.7e-11
1518559170.303394, 0.499999, 5.6e-13, -12.27273, -2.8e-11
1518559170.3275268, 0.499999, 3.2e-13, -11.9697, -1.7e-11
1518559170.351568, 0.499999, 3.5e-13, -11.9697, -2.4e-11
1518559170.3754299, 0.499999, 5.5e-13, -11.9697, -2.6e-11
1518559170.3993652, 0.499999, 3.7e-13, -11.66668, -1.3e-11
1518559170.423424, 0.499999, 6.7e-13, -11.66668, -1.9e-11
1518559170.447482, 0.499999, 4.7e-13, -11.66668, -2.7e-11
1518559170.471359, 0.499999, 3.5e-13, -11.36364, -1.5e-11
1518559170.4952419, 0.499999, -3e-14, -11.36364, -1.5e-11
1518559170.519312, 0.499999, 3.2e-13, -11.36364, -2.3e-11
1518559170.543547, 0.499999, 2.2e-13, -11.06061, -1.1e-11
1518559170.5674398, 0.499999, 3e-13, -11.06061, -1.7e-11
1518559170.59152, 0.499999, 1.8e-13, -11.06061, -1.9e-11
1518559170.6155531, 0.499999, 6.3e-13, -10.75758, -9e-12
1518559170.640467, 0.499999, 7.2e-13, -10.75758, -1.2e-11
1518559170.664308, 0.499999, 9.9e-13, -10.75758, -1.7e-11
1518559170.6883898, 0.499999, 6.3e-13, -10.45455, -9e-12
1518559170.712373, 0.499999, 7.9e-13, -10.45455, -1.4e-11
1518559170.736265, 0.499999, 6.3e-13, -10.45455, -1.6e-11
1518559170.760392, 0.499999, 6.1e-13, -10.15152, 1e-12
1518559170.784433, 0.499999, 6.6e-13, -10.15152, -1e-11
1518559170.808365, 0.499999, 6.1e-13, -10.15152, -9e-12
1518559170.8324091, 0.499999, 4.5e-13, -9.84848, 1e-12
1518559170.8566809, 0.499999, 4.3e-13, -9.84848, -1e-11
1518559170.8807669, 0.499999, 2.7e-13, -9.84848, -1.3e-11
1518559170.904938, 0.499999, 5.6e-13, -9.54545, 2e-12
1518559170.928885, 0.499999, 2.9e-13, -9.54545, -9e-12
1518559170.953134, 0.499999, 6.6e-13, -9.54545, -1.1e-11
1518559170.9774, 0.499999, 4.2e-13, -9.24242, 0.0
1518559171.001492, 0.499999, 4.7e-13, -9.24242, -2e-12
1518559171.0256488, 0.499999, 6.1e-13, -9.24242, -6e-12
1518559171.049481, 0.499999, 5.9e-13, -8.93939, 8e-12
1518559171.0736158, 0.499999, 6e-13, -8.93939, 4e-12
1518559171.0976698, 0.499999, 6.9e-13, -8.93939, -5e-12
1518559171.12176, 0.499999, 8.5e-13, -8.63636, 5e-12
1518559171.145792, 0.499999, 5.1e-13, -8.63636, -7e-12
1518559171.169558, 0.499999, 6e-13, -8.63636, -4e-12
1518559171.193702, 0.499999, 6.3e-13, -8.33333, 4e-12
1518559171.217858, 0.499999, 7e-13, -8.33333, -2e-12
1518559171.241447, 0.499999, 3.8e-13, -8.33333, -4e-12
1518559171.265503, 0.499999, 6e-13, -8.0303, 9e-12
1518559171.2894368, 0.499999, 7.5e-13, -8.0303, -1e-12
1518559171.313451, 0.499999, 6.9e-13, -8.0303, -5e-12
1518559171.337331, 0.499999, 5.3e-13, -7.72727, 6e-12
1518559171.361174, 0.499999, 6e-13, -7.72727, 1e-12
1518559171.3851478, 0.499999, 5.5e-13, -7.72727, -4e-12
1518559171.408994, 0.499999, 5.2e-13, -7.42424, 5e-12
1518559171.4327528, 0.499999, 7e-13, -7.42424, -1e-12
1518559171.45667, 0.499999, 6.3e-13, -7.42424, -2e-12
1518559171.480587, 0.499999, 3.9e-13, -7.12121, 1e-11
1518559171.50442, 0.499999, 3.3e-13, -7.12121, 3e-12
1518559171.528231, 0.499999, 6.7e-13, -7.12121, 1e-12
1518559171.552188, 0.499999, 2.4e-13, -6.81818, 5e-12
1518559171.576053, 0.499999, 1e-14, -6.81818, 1e-12
1518559171.5998569, 0.499999, 7.1e-13, -6.81818, 0.0
1518559171.6240819, 0.499999, 7.5e-13, -6.51515, 7e-12
1518559171.648101, 0.499999, 4.8e-13, -6.51515, 4e-12
1518559171.671819, 0.499999, 9.5e-13, -6.51515, 5e-12
1518559171.695821, 0.499999, 4.2e-13, -6.21212, 1.5e-11
1518559171.719857, 0.499999, 5.2e-13, -6.21212, 6e-12
1518559171.743773, 0.499999, 4.1e-13, -6.21212, 4e-12
1518559171.7674901, 0.499999, 2e-13, -5.90909, 1.3e-11
1518559171.791483, 0.499999, 4.8e-13, -5.90909, 8e-12
1518559171.8154602, 0.499999, 4.7e-13, -5.90909, 3e-12
1518559171.8393002, 0.499999, 1.2e-13, -5.60606, 1e-11
1518559171.863106, 0.499999, 4.5e-13, -5.60606, 7e-12
1518559171.887242, 0.499999, 2.1e-13, -5.60606, 3e-12
1518559171.911227, 0.499999, 3.5e-13, -5.30303, 8e-12
1518559171.934933, 0.499999, 8e-14, -5.30303, 6e-12
1518559171.958988, 0.499999, 4.5e-13, -5.30303, 4e-12
1518559171.9831512, 0.499999, 4e-13, -5.0, 1.5e-11
1518559172.0067022, 0.499999, 4.3e-13, -5.0, 1e-12
1518559172.0305998, 0.499999, 5.8e-13, -5.0, 8e-12
1518559172.054559, 0.499999, 3.6e-13, -4.69697, 1.3e-11
1518559172.07852, 0.499999, 4.6e-13, -4.69697, 8e-12
1518559172.102636, 0.499999, 1.9e-13, -4.69697, 1.1e-11
1518559172.12656, 0.499999, 7.1e-13, -4.39394, 2e-11
1518559172.150354, 0.499999, 6.4e-13, -4.39394, 8e-12
1518559172.1743731, 0.499999, 2.3e-13, -4.39394, 1.3e-11
1518559172.198512, 0.499999, 4.5e-13, -4.09091, 2.3e-11
1518559172.222147, 0.499999, 2.7e-13, -4.09091, 1.2e-11
1518559172.24586, 0.499999, 2.1e-13, -4.09091, 5e-12
1518559172.26994, 0.499999, 2.8e-13, -3.78788, 2e-11
1518559172.293737, 0.499999, 7.2e-13, -3.78788, 1e-11
1518559172.317287, 0.499999, 5.2e-13, -3.78788, 9e-12
1518559172.341265, 0.499999, 5.3e-13, -3.48485, 2.1e-11
1518559172.365112, 0.499999, 3.2e-13, -3.48485, 1.1e-11
1518559172.3888, 0.499999, 4.1e-13, -3.48485, 6e-12
1518559172.412769, 0.499999, 4.4e-13, -3.18182, 1.8e-11
1518559172.436896, 0.499999, 4.5e-13, -3.18182, 9e-12
1518559172.460635, 0.499999, 7.1e-13, -3.18182, 1e-11
1518559172.484321, 0.499999, 6.2e-13, -2.87879, 2.2e-11
1518559172.508317, 0.499999, 2.1e-13, -2.87879, 1.3e-11
1518559172.532232, 0.499999, 5.5e-13, -2.87879, 6e-12
1518559172.556051, 0.499999, 4.3e-13, -2.57576, 1.8e-11
1518559172.57995, 0.499999, 6e-14, -2.57576, 1.1e-11
1518559172.6039722, 0.499999, 4.6e-13, -2.57576, 8e-12
1518559172.628038, 0.499999, 4.9e-13, -2.27273, 1.6e-11
1518559172.651773, 0.499999, 2.3e-13, -2.27273, 1.2e-11
1518559172.675626, 0.499999, 4.2e-13, -2.27273, 8e-12
1518559172.6999319, 0.499999, 3.5e-13, -1.969697, 2.3e-11
1518559172.723526, 0.499999, 6.5e-13, -1.969698, 8e-12
1518559172.7472699, 0.499999, 5e-13, -1.969697, 1.1e-11
1518559172.771256, 0.499999, 1e-13, -1.666668, 2.1e-11
1518559172.79483, 0.499999, 5.3e-13, -1.666667, 1.3e-11
1518559172.818599, 0.499999, 5.8e-13, -1.666667, 7e-12
1518559172.84258, 0.499999, 5e-14, -1.363637, 2.1e-11
1518559172.866503, 0.499999, 4.1e-13, -1.363636, 9e-12
1518559172.890087, 0.499999, 5.4e-13, -1.363637, 8e-12
1518559172.9139252, 0.499999, 3.6e-13, -1.060606, 2.1e-11
1518559172.937671, 0.499999, 3.5e-13, -1.060606, 7e-12
1518559172.961528, 0.499999, 5.2e-13, -1.060606, 5e-12
1518559172.9853241, 0.499999, 5.5e-13, -0.757576, 1.6e-11
1518559173.0092, 0.499999, 3.3e-13, -0.757576, 1.6e-11
1518559173.03298, 0.499999, 5e-13, -0.757576, 1.2e-11
1518559173.05708, 0.499999, 2.5e-13, -0.454545, 1.8e-11
1518559173.081015, 0.499999, 4.3e-13, -0.454545, 1.4e-11
1518559173.1048708, 0.499999, 3.4e-13, -0.454545, 8e-12
1518559173.129462, 0.499999, 4.3e-13, -0.1515151, 1.9e-11
1518559173.153261, 0.499999, 5.7e-13, -0.1515152, 1.3e-11
1518559173.177068, 0.499999, 2.8e-13, -0.1515153, 1e-11
1518559173.2009542, 0.499999, 2.7e-13, 0.1515152, 1.9e-11
1518559173.2246451, 0.499999, 3.3e-13, 0.1515151, 1.5e-11
1518559173.24837, 0.499999, 4.3e-13, 0.1515152, 2e-11
1518559173.272635, 0.499999, 3.8e-13, 0.454545, 1.7e-11
1518559173.296291, 0.499999, 4.4e-13, 0.454545, 1e-11
1518559173.319957, 0.499999, 4e-13, 0.454544, 1.1e-11
1518559173.343942, 0.499999, 2.1e-13, 0.757575, 2.3e-11
1518559173.367904, 0.499999, 4.8e-13, 0.757575, 1.3e-11
1518559173.391853, 0.499999, 3.8e-13, 0.757576, 1.1e-11
1518559173.4160619, 0.499999, 3.5e-13, 1.060606, 2.3e-11
1518559173.440238, 0.499999, 3.3e-13, 1.060606, 1.1e-11
1518559173.46441, 0.499999, 3.3e-13, 1.060606, 1.1e-11
1518559173.488563, 0.499999, 5.3e-13, 1.363636, 2.2e-11
1518559173.512552, 0.499999, 2.5e-13, 1.363636, 1.6e-11
1518559173.5366988, 0.499999, 3.5e-13, 1.363636, 1.2e-11
1518559173.5607738, 0.499999, 5.2e-13, 1.666667, 2.4e-11
1518559173.5847812, 0.499999, 2e-13, 1.666667, 2.1e-11
1518559173.608873, 0.499999, 3e-13, 1.666667, 1.2e-11
1518559173.632993, 0.499999, 6.2e-13, 1.969697, 2.2e-11
1518559173.657057, 0.499999, 6e-13, 1.969697, 1.6e-11
1518559173.6811872, 0.499999, 2.6e-13, 1.969697, 1.6e-11
1518559173.705573, 0.499999, 2.2e-13, 2.27273, 2.3e-11
1518559173.729693, 0.499999, 4.1e-13, 2.27273, 1.8e-11
1518559173.753792, 0.499999, 2.4e-13, 2.27273, 1.6e-11
1518559173.777942, 0.499999, 5.7e-13, 2.57576, 2.1e-11
1518559173.801954, 0.499999, 4.3e-13, 2.57576, 1.4e-11
1518559173.825957, 0.499999, 1.9e-13, 2.57576, 1.3e-11
1518559173.850095, 0.499999, 5e-13, 2.87879, 3e-11
1518559173.874256, 0.499999, 6e-13, 2.87879, 1.6e-11
1518559173.8982542, 0.499999, 4.9e-13, 2.87879, 2.2e-11
1518559173.9225101, 0.499999, 5.1e-13, 3.18182, 2.8e-11
1518559173.946671, 0.499999, 1.2e-13, 3.18182, 2e-11
1518559173.9707499, 0.499999, 4.6e-13, 3.18182, 1.8e-11
1518559173.994762, 0.499999, 1.3e-13, 3.48485, 2.2e-11
1518559174.0186791, 0.499999, 3.1e-13, 3.48485, 1.8e-11
1518559174.042664, 0.499999, 4.4e-13, 3.48485, 1.7e-11
1518559174.066776, 0.499999, 7.2e-13, 3.78788, 2.3e-11
1518559174.0908108, 0.499999, 4.9e-13, 3.78788, 1.9e-11
1518559174.137463, 0.499999, 5.3e-13, 3.78788, 1.4e-11
1518559174.16167, 0.499999, 5.2e-13, 4.09091, 2.6e-11
1518559174.188125, 0.499999, 5.7e-13, 4.09091, 2.5e-11
1518559174.212196, 0.499999, 1.6e-13, 4.09091, 2e-11
1518559174.2363179, 0.499999, 1e-13, 4.39394, 2.2e-11
1518559174.260226, 0.499999, 4.8e-13, 4.39394, 1.7e-11
1518559174.284328, 0.499999, 4.2e-13, 4.39394, 1.7e-11
1518559174.308461, 0.499999, 3e-13, 4.69697, 2.4e-11
1518559174.332449, 0.499999, 3e-13, 4.69697, 1.6e-11
1518559174.356483, 0.499999, 7.4e-13, 4.69697, 1.4e-11
1518559174.380592, 0.499999, 5.4e-13, 5.0, 2.6e-11
1518559174.4045079, 0.499999, 4.8e-13, 5.0, 1.7e-11
1518559174.428496, 0.499999, 3.5e-13, 5.0, 1.4e-11
1518559174.452576, 0.499999, 5.3e-13, 5.30303, 2.3e-11
1518559174.476765, 0.499999, 6e-13, 5.30303, 2.1e-11
1518559174.5008981, 0.499999, 5.7e-13, 5.30303, 1.5e-11
1518559174.5250628, 0.499999, 6.7e-13, 5.60606, 2.7e-11
1518559174.549227, 0.499999, 5.7e-13, 5.60606, 1.8e-11
1518559174.57343, 0.499999, 5.5e-13, 5.60606, 1.6e-11
1518559174.616512, 0.499999, 4.8e-13, 5.90909, 2.8e-11
1518559174.640665, 0.499999, 5.1e-13, 5.90909, 2e-11
1518559174.6647072, 0.499999, 5.1e-13, 5.90909, 1.7e-11
1518559174.690874, 0.499999, 6.3e-13, 6.21212, 3.1e-11
1518559174.7149, 0.499999, 6.7e-13, 6.21212, 2.4e-11
1518559174.739, 0.499999, 1e-13, 6.21212, 1.5e-11
1518559174.763148, 0.499999, 6.4e-13, 6.51515, 3e-11
1518559174.787036, 0.499999, 4.5e-13, 6.51515, 2.4e-11
1518559174.8106081, 0.499999, 2.4e-13, 6.51515, 1.5e-11
1518559174.834561, 0.499999, 6.3e-13, 6.81818, 3.4e-11
1518559174.858418, 0.499999, 6.5e-13, 6.81818, 1.9e-11
1518559174.88236, 0.499999, 4.2e-13, 6.81818, 1.6e-11
1518559174.9062479, 0.499999, 4.5e-13, 7.12121, 3e-11
1518559174.93014, 0.499999, 5.1e-13, 7.12121, 2.3e-11
1518559174.9542, 0.499999, 6.9e-13, 7.12121, 2.2e-11
1518559174.978105, 0.499999, 4e-13, 7.42424, 3.3e-11
1518559175.001763, 0.499999, 6.9e-13, 7.42424, 1.7e-11
1518559175.0256279, 0.499999, 2.9e-13, 7.42424, 2.4e-11
1518559175.0497239, 0.499999, 7.9e-13, 7.72727, 3.5e-11
1518559175.073758, 0.499999, 4.7e-13, 7.72727, 2.6e-11
1518559175.1074932, 0.499999, 6.8e-13, 7.72727, 2.3e-11
1518559175.13151, 0.499999, 6.8e-13, 8.0303, 3.2e-11
1518559175.1552992, 0.499999, 8.4e-13, 8.0303, 2.2e-11
1518559175.1814258, 0.499999, 6.1e-13, 8.0303, 1.9e-11
1518559175.205429, 0.499999, 8.6e-13, 8.33333, 3.6e-11
1518559175.229387, 0.499999, 5.8e-13, 8.33333, 2.3e-11
1518559175.253109, 0.499999, 6e-13, 8.33333, 2e-11
1518559175.277156, 0.499999, 2.1e-13, 8.63636, 3e-11
1518559175.3012102, 0.499999, 5.4e-13, 8.63636, 2e-11
1518559175.324929, 0.499999, 5.6e-13, 8.63636, 2.4e-11
1518559175.349161, 0.499999, 6.9e-13, 8.93939, 2.9e-11
1518559175.372921, 0.499999, 5.4e-13, 8.93939, 2.6e-11
1518559175.396747, 0.499999, 3.5e-13, 8.93939, 2e-11
1518559175.420906, 0.499999, 5.1e-13, 9.24242, 2.8e-11
1518559175.444731, 0.499999, 0.0, 9.24242, 2.6e-11
1518559175.4687731, 0.499999, 6.2e-13, 9.24242, 2.3e-11
1518559175.4929368, 0.499999, 6.8e-13, 9.54545, 2.8e-11
1518559175.5167968, 0.499999, 3.1e-13, 9.54545, 2.4e-11
1518559175.5406442, 0.499999, 7.5e-13, 9.54545, 2.3e-11
1518559175.5647192, 0.499999, 5.9e-13, 9.84848, 3.2e-11
1518559175.5887098, 0.499999, 5.7e-13, 9.84848, 2.6e-11
1518559175.6127381, 0.499999, 4.9e-13, 9.84848, 1.9e-11
1518559175.636682, 0.499999, 4.6e-13, 10.15152, 3e-11
1518559175.662217, 0.499999, 5.4e-13, 10.15152, 2e-11
1518559175.6861892, 0.499999, 5.3e-13, 10.15152, 2.3e-11
1518559175.7101061, 0.499999, 7.9e-13, 10.45455, 3.2e-11
1518559175.7339258, 0.499999, 2.9e-13, 10.45455, 2.3e-11
1518559175.757938, 0.499999, 4.9e-13, 10.45455, 2.2e-11
1518559175.781995, 0.499999, 3.9e-13, 10.75758, 3.6e-11
1518559175.805789, 0.499999, 5.3e-13, 10.75758, 2.6e-11
1518559175.829728, 0.499999, 4.2e-13, 10.75758, 2.1e-11
1518559175.8540092, 0.499999, 5.5e-13, 11.06061, 3.6e-11
1518559175.877776, 0.499999, 3.1e-13, 11.06061, 2.9e-11
1518559175.901696, 0.499999, 6.9e-13, 11.06061, 2.7e-11
1518559175.925565, 0.499999, 5.6e-13, 11.36364, 3.1e-11
1518559175.949394, 0.499999, 7e-14, 11.36364, 3.1e-11
1518559175.9733849, 0.499999, 5.3e-13, 11.36364, 2.4e-11
1518559175.997492, 0.499999, 3.7e-13, 11.66667, 2.9e-11
1518559176.0214038, 0.499999, 4.1e-13, 11.66667, 2.8e-11
1518559176.045235, 0.499999, 3.1e-13, 11.66667, 2.5e-11
1518559176.069344, 0.499999, 5.9e-13, 11.9697, 3.4e-11
1518559176.093107, 0.499999, 4.5e-13, 11.9697, 2.6e-11
1518559176.117075, 0.499999, 4.5e-13, 11.9697, 2.4e-11
1518559176.141002, 0.499999, 1.9e-13, 12.27273, 3.7e-11
1518559176.164861, 0.499999, 4.1e-13, 12.27273, 3.1e-11
1518559176.18888, 0.499999, 7.8e-13, 12.27273, 2.7e-11
1518559176.2130592, 0.499999, 2.5e-13, 12.57576, 3.8e-11
1518559176.236853, 0.499999, 4.7e-13, 12.57576, 2.8e-11
1518559176.276691, 0.499999, 6.6e-13, 12.57576, 2.8e-11
1518559176.300726, 0.499999, 5.5e-13, 12.87879, 3.7e-11
1518559176.3246999, 0.499999, 6.7e-13, 12.87879, 2.8e-11
1518559176.348701, 0.499999, 5.9e-13, 12.87879, 2.4e-11
1518559176.372923, 0.499999, 5.5e-13, 13.18182, 3.5e-11
1518559176.3989708, 0.499999, 3.3e-13, 13.18182, 2.7e-11
1518559176.423009, 0.499999, 6.1e-13, 13.18182, 2.6e-11
1518559176.4471989, 0.499999, 2.3e-13, 13.48485, 3.6e-11
1518559176.471413, 0.499999, 3.2e-13, 13.48485, 3e-11
1518559176.4955149, 0.499999, 1.8e-13, 13.48485, 2.9e-11
1518559176.519804, 0.499999, 4.6e-13, 13.78787, 4e-11
1518559176.5438652, 0.499999, 7e-13, 13.78788, 3.3e-11
1518559176.5679832, 0.499999, 4.3e-13, 13.78788, 3.2e-11
1518559176.592263, 0.499999, 1.2e-13, 14.09091, 4.2e-11
1518559176.616427, 0.499999, 3.9e-13, 14.09091, 3.3e-11
1518559176.640569, 0.499999, 5.7e-13, 14.09091, 2.7e-11
1518559176.6661818, 0.499999, 6.6e-13, 14.39394, 4.1e-11
1518559176.69044, 0.499999, 4.3e-13, 14.39394, 3.3e-11
1518559176.714549, 0.499999, 4.1e-13, 14.39394, 2.5e-11
1518559176.73872, 0.499999, 7.3e-13, 14.69697, 3.6e-11
1518559176.762811, 0.499999, 3.5e-13, 14.69697, 3.4e-11
1518559176.786889, 0.499999, 8.1e-13, 14.69697, 3e-11
1518559176.811018, 0.499999, -1.4e-13, 15.0, 3.8e-11
1518559176.835061, 0.499999, 1.5e-13, 15.0, 3e-11
1518559176.8589902, 0.499999, 5.7e-13, 15.0, 3.3e-11
1518559176.882859, 0.499999, 3.3e-13, 15.0, 2.9e-11
1518559176.90677, 0.499999, 3.4e-13, 15.0, 2.3e-11
1518559176.930541, 0.499999, 2.6e-13, 15.0, 2.2e-11
1518559176.954606, 0.499999, 5e-13, 14.69697, 8e-12
1518559176.978373, 0.499999, 2e-13, 14.69697, 2e-11
1518559177.002322, 0.499999, 6.2e-13, 14.69697, 2e-11
1518559177.026749, 0.499999, 5.7e-13, 14.39394, 6e-12
1518559177.050893, 0.499999, 4e-13, 14.39394, 9e-12
1518559177.074968, 0.499999, 7.8e-13, 14.39394, 1.6e-11
1518559177.0992599, 0.499999, 2.2e-13, 14.09091, 5e-12
1518559177.12358, 0.499999, 7.1e-13, 14.09091, 9e-12
1518559177.14802, 0.499999, 2.9e-13, 14.09091, 1.1e-11
1518559177.172276, 0.499999, 8e-13, 13.78788, 1e-12
1518559177.196407, 0.499999, 5.4e-13, 13.78787, 4e-12
1518559177.2205062, 0.499999, 4.2e-13, 13.78788, 7e-12
1518559177.2447622, 0.499999, 3.3e-13, 13.48485, -8e-12
1518559177.268867, 0.499999, 6.4e-13, 13.48485, -1e-12
1518559177.292973, 0.499999, 5.9e-13, 13.48485, 6e-12
1518559177.317141, 0.499999, 3e-13, 13.18182, -6e-12
1518559177.341254, 0.499999, 5.1e-13, 13.18182, -2e-12
1518559177.3654668, 0.499999, 5.1e-13, 13.18182, 3e-12
1518559177.389717, 0.499999, 4e-13, 12.87879, -7e-12
1518559177.413651, 0.499999, 3.2e-13, 12.87879, -1e-12
1518559177.437741, 0.499999, 4.4e-13, 12.87879, -1e-12
1518559177.4619882, 0.499999, 4.6e-13, 12.57576, -1.1e-11
1518559177.486101, 0.499999, 2.2e-13, 12.57576, -1e-12
1518559177.51028, 0.499999, 4.5e-13, 12.57576, -2e-12
1518559177.5345972, 0.499999, 6.6e-13, 12.27273, -1.2e-11
1518559177.5586932, 0.499999, 5.2e-13, 12.27273, -4e-12
1518559177.582724, 0.499999, 2.4e-13, 12.27273, 0.0
1518559177.607119, 0.499999, 3.4e-13, 11.9697, -1e-11
1518559177.65286, 0.499999, 5.2e-13, 11.9697, 0.0
1518559177.6770291, 0.499999, 9e-14, 11.9697, -2e-12
1518559177.703763, 0.499999, 3.5e-13, 11.66667, -1.2e-11
1518559177.7278929, 0.499999, 3.1e-13, 11.66667, -4e-12
1518559177.751932, 0.499999, 4.1e-13, 11.66667, -7e-12
1518559177.776284, 0.499999, -8e-14, 11.36364, -1.5e-11
1518559177.800412, 0.499999, 5e-13, 11.36364, -8e-12
1518559177.824528, 0.499999, 6.7e-13, 11.36364, -5e-12
1518559177.848922, 0.499999, 4.4e-13, 11.06061, -1.3e-11
1518559177.8729632, 0.499999, 5.7e-13, 11.06061, -1.4e-11
1518559177.897165, 0.499999, 2.4e-13, 11.06061, -8e-12
1518559177.921233, 0.499999, 6.1e-13, 10.75758, -1.4e-11
1518559177.945347, 0.499999, 6.3e-13, 10.75758, -9e-12
1518559177.969365, 0.499999, 2.9e-13, 10.75758, -7e-12
1518559177.99367, 0.499999, 2.3e-13, 10.45455, -1.8e-11
1518559178.017681, 0.499999, 6.3e-13, 10.45455, -1.3e-11
1518559178.0417678, 0.499999, 8.5e-13, 10.45455, -8e-12
1518559178.065957, 0.499999, 4.1e-13, 10.15152, -1.8e-11
1518559178.090108, 0.499999, 5e-13, 10.15152, -7e-12
1518559178.131059, 0.499999, 4.6e-13, 10.15152, -1.2e-11
1518559178.1552472, 0.499999, 4.5e-13, 9.84848, -2e-11
1518559178.1794071, 0.499999, 3.4e-13, 9.84848, -1e-11
1518559178.2053351, 0.499999, 4.8e-13, 9.84848, -6e-12
1518559178.229563, 0.499999, 4.4e-13, 9.54545, -1.9e-11
1518559178.253665, 0.499999, 2.1e-13, 9.54545, -1.2e-11
1518559178.277834, 0.499999, 7.3e-13, 9.54545, -6e-12
1518559178.302059, 0.499999, 5.2e-13, 9.24242, -1.6e-11
1518559178.326198, 0.499999, 4.1e-13, 9.24242, -1e-11
1518559178.350294, 0.499999, 4.6e-13, 9.24242, -1.2e-11
1518559178.3745332, 0.499999, 6.9e-13, 8.93939, -1.9e-11
1518559178.398763, 0.499999, 3.9e-13, 8.93939, -1.6e-11
1518559178.422868, 0.499999, 6.1e-13, 8.93939, -1.1e-11
1518559178.447019, 0.499999, 3.2e-13, 8.63636, -2.2e-11
1518559178.4712331, 0.499999, 6.5e-13, 8.63636, -1.3e-11
1518559178.495243, 0.499999, 4.1e-13, 8.63636, -1.1e-11
1518559178.519309, 0.499999, 2.1e-13, 8.33333, -2.4e-11
1518559178.543047, 0.499999, 2.9e-13, 8.33333, -1.7e-11
1518559178.567256, 0.499999, 3.5e-13, 8.33333, -1.2e-11
1518559178.591285, 0.499999, 3.7e-13, 8.0303, -2.1e-11
1518559178.622387, 0.499999, 4.3e-13, 8.0303, -1.2e-11
1518559178.6464179, 0.499999, 7e-13, 8.0303, -1.3e-11
1518559178.670603, 0.499999, 3.1e-13, 7.72727, -2.6e-11
1518559178.6964312, 0.499999, 2.4e-13, 7.72727, -1.2e-11
1518559178.720572, 0.499999, 3.2e-13, 7.72727, -1.1e-11
1518559178.744748, 0.499999, 4.1e-13, 7.42424, -2.6e-11
1518559178.768838, 0.499999, 4.5e-13, 7.42424, -1.2e-11
1518559178.792979, 0.499999, 3.4e-13, 7.42424, -1.1e-11
1518559178.817136, 0.499999, 2.9e-13, 7.12121, -2.3e-11
1518559178.841186, 0.499999, 2e-13, 7.12121, -1.3e-11
1518559178.865227, 0.499999, 5.6e-13, 7.12121, -1.3e-11
1518559178.8895261, 0.499999, 5.8e-13, 6.81818, -2.2e-11
1518559178.9135082, 0.499999, 2.1e-13, 6.81818, -1.4e-11
1518559178.937669, 0.499999, 3.7e-13, 6.81818, -1.4e-11
1518559178.9618292, 0.499999, 4.8e-13, 6.51515, -2.4e-11
1518559178.98611, 0.499999, 5.8e-13, 6.51515, -1.3e-11
1518559179.0101728, 0.499999, 8e-14, 6.51515, -9e-12
1518559179.0343392, 0.499999, 5.5e-13, 6.21212, -2.4e-11
1518559179.058572, 0.499999, 6.5e-13, 6.21212, -2.1e-11
1518559179.0827599, 0.499999, 6.7e-13, 6.21212, -7e-12
1518559179.1069078, 0.499999, 6e-13, 5.90909, -2.1e-11
1518559179.1311202, 0.499999, 3.4e-13, 5.90909, -1.9e-11
1518559179.1552682, 0.499999, -5e-14, 5.90909, -1.7e-11
1518559179.179595, 0.499999, 3.4e-13, 5.60606, -2.3e-11
1518559179.2036679, 0.499999, 2.2e-13, 5.60606, -2e-11
1518559179.227715, 0.499999, 3.7e-13, 5.60606, -1.5e-11
1518559179.251953, 0.499999, 3.4e-13, 5.30303, -2.3e-11
1518559179.2760692, 0.499999, 6.5e-13, 5.30303, -1.9e-11
1518559179.3000991, 0.499999, 6e-13, 5.30303, -1.7e-11
1518559179.324415, 0.499999, 3.4e-13, 5.0, -2.4e-11
1518559179.348403, 0.499999, 4.4e-13, 5.0, -1.5e-11
1518559179.3724108, 0.499999, 6.2e-13, 5.0, -1.5e-11
1518559179.396651, 0.499999, 3.6e-13, 4.69697, -2.6e-11
1518559179.42072, 0.499999, 5.1e-13, 4.69697, -2e-11
1518559179.444847, 0.499999, 6.5e-13, 4.69697, -1.4e-11
1518559179.469101, 0.499999, 4.9e-13, 4.39394, -2.1e-11
1518559179.4931462, 0.499999, 1.7e-13, 4.39394, -2.2e-11
1518559179.517326, 0.499999, 5.9e-13, 4.39394, -1.9e-11
1518559179.541489, 0.499999, 3.1e-13, 4.09091, -2.8e-11
1518559179.565493, 0.499999, 7.4e-13, 4.09091, -1.9e-11
1518559179.5894651, 0.499999, 2.6e-13, 4.09091, -1.9e-11
1518559179.613606, 0.499999, 4.9e-13, 3.78788, -2.8e-11
1518559179.659919, 0.499999, 4.1e-13, 3.78788, -1.9e-11
1518559179.684145, 0.499999, 3.1e-13, 3.78788, -1.7e-11
1518559179.710788, 0.499999, 1.9e-13, 3.48485, -2.6e-11
1518559179.734827, 0.499999, 7.4e-13, 3.48485, -2.1e-11
1518559179.758805, 0.499999, 7.5e-13, 3.48485, -1.8e-11
1518559179.783166, 0.499999, 4.2e-13, 3.18182, -2.6e-11
1518559179.8072178, 0.499999, 5.9e-13, 3.18182, -2.7e-11
1518559179.8312562, 0.499999, 3.4e-13, 3.18182, -1.6e-11
1518559179.855437, 0.499999, 4.8e-13, 2.87879, -3e-11
1518559179.8795059, 0.499999, 3.4e-13, 2.87879, -2.3e-11
1518559179.9037492, 0.499999, 4.3e-13, 2.87879, -2.1e-11
1518559179.92792, 0.499999, 6.4e-13, 2.57576, -2.7e-11
1518559179.9519029, 0.499999, 6.3e-13, 2.57576, -2.5e-11
1518559179.97597, 0.499999, 4.2e-13, 2.57576, -2.1e-11
1518559180.0002549, 0.499999, 3.2e-13, 2.27273, -3.5e-11
1518559180.024263, 0.499999, 3e-13, 2.27273, -2.3e-11
1518559180.048296, 0.499999, 5.7e-13, 2.27273, -2.2e-11
1518559180.073009, 0.499999, 4.7e-13, 1.969697, -3.3e-11
1518559180.097128, 0.499999, 3e-13, 1.969697, -2.6e-11
1518559180.139173, 0.499999, 4.8e-13, 1.969697, -2.4e-11
1518559180.163347, 0.499999, 6.3e-13, 1.666667, -3e-11
1518559180.187365, 0.499999, 9.6e-13, 1.666667, -2.4e-11
1518559180.213363, 0.499999, 6e-13, 1.666667, -2.9e-11
1518559180.237668, 0.499999, 5.7e-13, 1.363636, -3.6e-11
1518559180.261858, 0.499999, 5.3e-13, 1.363636, -3.3e-11
1518559180.286052, 0.499999, 4.9e-13, 1.363636, -2.1e-11
1518559180.3101702, 0.499999, 3.1e-13, 1.060606, -3.6e-11
1518559180.3343391, 0.499999, 6.4e-13, 1.060606, -2.3e-11
1518559180.358433, 0.499999, 8.2e-13, 1.060606, -2.4e-11
1518559180.382685, 0.499999, 1.4e-13, 0.757576, -2.8e-11
1518559180.4068532, 0.499999, 4.6e-13, 0.757576, -2.3e-11
1518559180.43095, 0.499999, 5.1e-13, 0.757576, -2.6e-11
1518559180.455227, 0.499999, 4.4e-13, 0.454545, -3.4e-11
1518559180.479455, 0.499999, 5e-13, 0.454544, -3.2e-11
1518559180.503566, 0.499999, 4.8e-13, 0.454545, -2.6e-11
1518559180.5284219, 0.499999, 5.8e-13, 0.1515152, -3.6e-11
1518559180.552489, 0.499999, 2.3e-13, 0.151515, -2.7e-11
1518559180.576546, 0.499999, 6.5e-13, 0.1515151, -2.8e-11
1518559180.6009128, 0.499999, 4.3e-13, -0.1515151, -2.9e-11
1518559180.630454, 0.499999, 1.8e-13, -0.1515154, -2.6e-11
1518559180.6544409, 0.499999, 3.7e-13, -0.1515154, -2.9e-11
1518559180.6789849, 0.499999, 5.2e-13, -0.454545, -3e-11
1518559180.704857, 0.499999, 5.9e-13, -0.454545, -2.5e-11
1518559180.7288902, 0.499999, 4.4e-13, -0.454545, -2.3e-11
1518559180.753184, 0.499999, 7.3e-13, -0.757576, -3.9e-11
1518559180.7773921, 0.499999, 6.7e-13, -0.757576, -2.7e-11
1518559180.801713, 0.499999, 8.4e-13, -0.757576, -2.2e-11
1518559180.8260858, 0.499999, 5.9e-13, -1.060606, -3.3e-11
1518559180.8502269, 0.499999, 7.5e-13, -1.060606, -2.8e-11
1518559180.874263, 0.499999, 4e-13, -1.060606, -2.1e-11
1518559180.898595, 0.499999, 6.1e-13, -1.363636, -3.2e-11
1518559180.922726, 0.499999, 5.5e-13, -1.363636, -2.6e-11
1518559180.946951, 0.499999, 8.1e-13, -1.363636, -2.2e-11
1518559180.9711308, 0.499999, 2.2e-13, -1.666667, -3.6e-11
1518559180.995255, 0.499999, 5.5e-13, -1.666668, -2.6e-11
1518559181.0192761, 0.499999, 6.9e-13, -1.666667, -2.8e-11
1518559181.0435169, 0.499999, 4.2e-13, -1.969697, -3.6e-11
1518559181.06757, 0.499999, 3.8e-13, -1.969698, -2.8e-11
1518559181.0918431, 0.499999, 4.7e-13, -1.969698, -2.8e-11
1518559181.116482, 0.499999, 5e-13, -2.27273, -4.1e-11
1518559181.14094, 0.499999, 6e-13, -2.27273, -3.1e-11
1518559181.1650891, 0.499999, 3.4e-13, -2.27273, -3.1e-11
1518559181.189257, 0.499999, 3.3e-13, -2.57576, -4e-11
1518559181.2134762, 0.499999, 5.2e-13, -2.57576, -2.7e-11
1518559181.2375638, 0.499999, 4.9e-13, -2.57576, -3e-11
1518559181.261848, 0.499999, 8.1e-13, -2.87879, -3.5e-11
1518559181.286058, 0.499999, 5.8e-13, -2.87879, -2.8e-11
1518559181.310239, 0.499999, 5.5e-13, -2.87879, -3.1e-11
1518559181.334463, 0.499999, 5.5e-13, -3.18182, -3.9e-11
1518559181.3584902, 0.499999, 3.4e-13, -3.18182, -3.2e-11
1518559181.3826911, 0.499999, 8.4e-13, -3.18182, -2.9e-11
1518559181.4069068, 0.499999, 6.5e-13, -3.48485, -4.1e-11
1518559181.431073, 0.499999, 4.3e-13, -3.48485, -3e-11
1518559181.455152, 0.499999, 5.2e-13, -3.48485, -3.4e-11
1518559181.479278, 0.499999, 6.2e-13, -3.78788, -4.1e-11
1518559181.5034182, 0.499999, 7.4e-13, -3.78788, -3e-11
1518559181.5274482, 0.499999, 4.3e-13, -3.78788, -3e-11
1518559181.5513759, 0.499999, 8.8e-13, -4.09091, -4.1e-11
1518559181.5750651, 0.499999, 4.7e-13, -4.09091, -3.1e-11
1518559181.5987751, 0.499999, 5.6e-13, -4.09091, -3.7e-11
1518559181.62321, 0.499999, 5e-13, -4.39394, -3.8e-11
1518559181.6690161, 0.499999, 2.5e-13, -4.39394, -3.5e-11
1518559181.6930518, 0.499999, 1.3e-13, -4.39394, -2.8e-11
1518559181.7197042, 0.499999, 3.9e-13, -4.69697, -3.9e-11
1518559181.743694, 0.499999, 4.5e-13, -4.69697, -3.2e-11
1518559181.76792, 0.499999, 4.1e-13, -4.69697, -2.6e-11
1518559181.7919831, 0.499999, 4.1e-13, -5.0, -3.8e-11
1518559181.815681, 0.499999, 5.5e-13, -5.0, -3.7e-11
1518559181.839637, 0.499999, 3.4e-13, -5.0, -3.1e-11
1518559181.8635478, 0.499999, 7.2e-13, -5.30303, -4.1e-11
1518559181.887626, 0.499999, 5.3e-13, -5.30303, -3.4e-11
1518559181.911768, 0.499999, 3.7e-13, -5.30303, -3.2e-11
1518559181.935956, 0.499999, 7.7e-13, -5.60606, -4.1e-11
1518559181.960116, 0.499999, 6e-13, -5.60606, -3.8e-11
1518559181.98416, 0.499999, 6.4e-13, -5.60606, -3.2e-11
1518559182.008297, 0.499999, 3.4e-13, -5.90909, -4.5e-11
1518559182.0322292, 0.499999, 3.2e-13, -5.90909, -3.5e-11
1518559182.056271, 0.499999, 5.3e-13, -5.90909, -3.2e-11
1518559182.080526, 0.499999, 4.1e-13, -6.21212, -4.3e-11
1518559182.104476, 0.499999, 4.4e-13, -6.21212, -3.6e-11
1518559182.148088, 0.499999, 5.4e-13, -6.21212, -3.3e-11
1518559182.1722019, 0.499999, 6.4e-13, -6.51515, -4.1e-11
1518559182.196312, 0.499999, 3.9e-13, -6.51515, -3.7e-11
1518559182.222212, 0.499999, 6e-13, -6.51515, -3.8e-11
1518559182.2464771, 0.499999, 8.1e-13, -6.81818, -4.5e-11
1518559182.270509, 0.499999, 2.2e-13, -6.81818, -4.2e-11
1518559182.294585, 0.499999, 4.7e-13, -6.81818, -3.6e-11
1518559182.319069, 0.499999, 3.4e-13, -7.12121, -4.5e-11
1518559182.343273, 0.499999, 5e-13, -7.12121, -4e-11
1518559182.3674948, 0.499999, 4.5e-13, -7.12121, -3.7e-11
1518559182.3916721, 0.499999, 7.3e-13, -7.42424, -4.8e-11
1518559182.415801, 0.499999, 5.4e-13, -7.42424, -3.9e-11
1518559182.4398851, 0.499999, 1.5e-13, -7.42424, -2.9e-11
1518559182.464103, 0.499999, 3.7e-13, -7.72727, -5e-11
1518559182.488182, 0.499999, 2.6e-13, -7.72727, -3.5e-11
1518559182.512249, 0.499999, 6.2e-13, -7.72727, -3.3e-11
1518559182.536196, 0.499999, 4.2e-13, -8.0303, -4.7e-11
1518559182.560211, 0.499999, 5.9e-13, -8.0303, -4.1e-11
1518559182.584167, 0.499999, 3.8e-13, -8.0303, -3.7e-11
1518559182.608356, 0.499999, 3.5e-13, -8.33333, -4.8e-11
1518559182.639176, 0.499999, 6.4e-13, -8.33333, -3.9e-11
1518559182.6632378, 0.499999, 4.2e-13, -8.33333, -3.6e-11
1518559182.687475, 0.499999, 4.7e-13, -8.63636, -4.2e-11
1518559182.7133849, 0.499999, 5.1e-13, -8.63636, -3.9e-11
1518559182.737518, 0.499999, 4.1e-13, -8.63636, -3.5e-11
1518559182.7615948, 0.499999, 7e-13, -8.93939, -5.2e-11
1518559182.785641, 0.499999, 3.2e-13, -8.93939, -3.7e-11
1518559182.809847, 0.499999, 3.3e-13, -8.93939, -4.1e-11
1518559182.8341901, 0.499999, 5.4e-13, -9.24242, -5e-11
1518559182.858318, 0.499999, 7.3e-13, -9.24242, -3.9e-11
1518559182.882377, 0.499999, 4.6e-13, -9.24242, -3.1e-11
1518559182.9066591, 0.499999, 3.7e-13, -9.54545, -4.4e-11
1518559182.930837, 0.499999, 8e-13, -9.54545, -3.3e-11
1518559182.95501, 0.499999, 6e-13, -9.54545, -3.4e-11
1518559182.979202, 0.499999, 3.5e-13, -9.84848, -4.7e-11
1518559183.003267, 0.499999, 6.1e-13, -9.84848, -4.3e-11
1518559183.027406, 0.499999, 4.3e-13, -9.84848, -3.8e-11
1518559183.051758, 0.499999, 5.7e-13, -10.15152, -4.6e-11
1518559183.075723, 0.499999, 3.2e-13, -10.15152, -4e-11
1518559183.099742, 0.499999, 4.2e-13, -10.15152, -4.1e-11
1518559183.123971, 0.499999, 3.2e-13, -10.45455, -4.6e-11
1518559183.148163, 0.499999, 5.5e-13, -10.45455, -4.5e-11
1518559183.172197, 0.499999, 4.1e-13, -10.45455, -3.9e-11
1518559183.196439, 0.499999, 4.1e-13, -10.75758, -4.9e-11
1518559183.220709, 0.499999, 4.7e-13, -10.75758, -4.1e-11
1518559183.244811, 0.499999, 8.1e-13, -10.75758, -3.9e-11
1518559183.26911, 0.499999, 6.1e-13, -11.06061, -5e-11
1518559183.293119, 0.499999, 4.9e-13, -11.06061, -4.5e-11
1518559183.317214, 0.499999, 2.6e-13, -11.06061, -3.9e-11
1518559183.3416011, 0.499999, 7.3e-13, -11.36364, -4.9e-11
1518559183.36572, 0.499999, 5.6e-13, -11.36364, -4.1e-11
1518559183.389863, 0.499999, 8e-13, -11.36364, -3.8e-11
1518559183.414093, 0.499999, 6.2e-13, -11.66668, -4.7e-11
1518559183.438164, 0.499999, 4.1e-13, -11.66668, -4.1e-11
1518559183.46226, 0.499999, 5.3e-13, -11.66667, -3.4e-11
1518559183.4865322, 0.499999, 3.6e-13, -11.9697, -4.1e-11
1518559183.510648, 0.499999, 5.5e-13, -11.9697, -4.3e-11
1518559183.5347369, 0.499999, 4.5e-13, -11.9697, -3.8e-11
1518559183.559211, 0.499999, 5.1e-13, -12.27273, -4.7e-11
1518559183.583296, 0.499999, 8e-14, -12.27273, -3.9e-11
1518559183.607392, 0.499999, 5.6e-13, -12.27273, -4e-11
1518559183.631613, 0.499999, 3.7e-13, -12.57576, -4.7e-11
1518559183.677712, 0.499999, 4e-13, -12.57576, -4e-11
1518559183.701694, 0.499999, 7.9e-13, -12.57576, -3.9e-11
1518559183.728191, 0.499999, 4.8e-13, -12.87879, -5.4e-11
1518559183.752152, 0.499999, 5.6e-13, -12.87879, -4.3e-11
1518559183.776139, 0.499999, 4.4e-13, -12.87879, -2.9e-11
1518559183.800085, 0.499999, 6e-13, -13.18182, -4.8e-11
1518559183.824044, 0.499999, 4.3e-13, -13.18182, -3.7e-11
1518559183.8482308, 0.499999, 7.2e-13, -13.18182, -3.8e-11
1518559183.872426, 0.499999, 1.8e-13, -13.48485, -4.6e-11
1518559183.896472, 0.499999, 3e-13, -13.48485, -4.5e-11
1518559183.920706, 0.499999, 7e-13, -13.48485, -4e-11
1518559183.944864, 0.499999, 3.8e-13, -13.78788, -4.5e-11
1518559183.9689322, 0.499999, 5.8e-13, -13.78788, -4.3e-11
1518559183.9930398, 0.499999, 6.8e-13, -13.78788, -4e-11
1518559184.017214, 0.499999, 5.3e-13, -14.09091, -4.9e-11
1518559184.041584, 0.499999, 6.2e-13, -14.09091, -4.2e-11
1518559184.065699, 0.499999, 2.8e-13, -14.09091, -4.3e-11
1518559184.089967, 0.499999, 4.2e-13, -14.39394, -5.1e-11
1518559184.1139681, 0.499999, 2.8e-13, -14.39394, -4.1e-11
1518559184.156256, 0.499999, 5.4e-13, -14.39394, -4.5e-11
1518559184.1804621, 0.499999, 4.6e-13, -14.69697, -4.7e-11
1518559184.20452, 0.499999, 6.7e-13, -14.69697, -4e-11
1518559184.2303739, 0.499999, 2.8e-13, -14.69697, -4e-11
1518559184.2546182, 0.499999, 7.5e-13, -15.0, -5.2e-11
1518559184.278579, 0.499999, 5e-13, -15.0, -4.2e-11
1518559184.302698, 0.499999, 3.7e-13, -15.0, -4.1e-11
   1518720769.6418738, 0.48, 2.74381e-05, -1.872, 0
1518720769.862509, 0.48, 2.74489e-05, -1.872, 0
1518720770.081952, 0.48, 2.744425e-05, -1.872, 0
1518720770.302621, 0.48, 2.746285e-05, -1.488, 0
1518720770.52208, 0.48, 2.746585e-05, -1.488, 0
1518720770.7384121, 0.48, 2.74624e-05, -1.488, 0
1518720770.945059, 0.48, 2.74602e-05, -1.056, 0
1518720771.1603, 0.48, 2.746035e-05, -1.056, 0
1518720771.368386, 0.48, 2.745495e-05, -1.056, 0
1518720771.5856361, 0.48, 2.74595e-05, -0.64, 0
1518720771.80241, 0.48, 2.745615e-05, -0.64, 0
1518720772.0177019, 0.48, 2.744955e-05, -0.64, 0
1518720772.236383, 0.48, 2.746565e-05, -0.224, 0
1518720772.443737, 0.48, 2.74741e-05, -0.224, 0
1518720772.662239, 0.48, 2.747775e-05, -0.224, 0
1518720772.88254, 0.48, 2.747745e-05, 0.192, 0
1518720773.102201, 0.48, 2.746265e-05, 0.192, 0
1518720773.3188, 0.48, 2.74939e-05, 0.192, 0
1518720773.5293992, 0.48, 2.74868e-05, 0.608, 0
1518720773.7486799, 0.48, 2.74763e-05, 0.608, 0
1518720773.954964, 0.48, 2.7475e-05, 0.608, 0
1518720774.175294, 0.48, 2.749275e-05, 1.024, 0
1518720774.3946612, 0.48, 2.751335e-05, 1.024, 0
1518720774.613197, 0.48, 2.74839e-05, 1.024, 0
1518720774.830601, 0.48, 2.749335e-05, 1.456, 0
1518720775.037687, 0.48, 2.74903e-05, 1.456, 0
1518720775.256584, 0.48, 2.74971e-05, 1.456, 0
1518720775.46831, 0.48, 2.752545e-05, 1.872, 0
1518720775.687732, 0.48, 2.753155e-05, 1.872, 0
1518720775.9053829, 0.48, 2.75159e-05, 1.872, 0
1518720776.1247208, 0.48, 2.75003e-05, 1.872, 0
1518720776.345133, 0.48, 2.74971e-05, 1.872, 0
1518720776.554592, 0.48, 2.74996e-05, 1.872, 0
1518720776.7701209, 0.48, 2.74966e-05, 1.488, 0
1518720776.985888, 0.48, 2.750805e-05, 1.488, 0
1518720777.230287, 0.48, 2.74951e-05, 1.488, 0
1518720777.439789, 0.48, 2.748975e-05, 1.056, 0
1518720777.657773, 0.48, 2.74849e-05, 1.056, 0
1518720777.87254, 0.48, 2.74985e-05, 1.056, 0
1518720778.084843, 0.48, 2.74948e-05, 0.64, 0
1518720778.303168, 0.48, 2.750045e-05, 0.64, 0
1518720778.518522, 0.48, 2.75049e-05, 0.64, 0
1518720778.726728, 0.48, 2.748315e-05, 0.224, 0
1518720778.936765, 0.48, 2.74861e-05, 0.224, 0
1518720779.149098, 0.48, 2.74818e-05, 0.224, 0
1518720779.366133, 0.48, 2.748455e-05, -0.192, 0
1518720779.5836391, 0.48, 2.74729e-05, -0.192, 0
1518720779.799188, 0.48, 2.74663e-05, -0.192, 0
1518720780.0136352, 0.48, 2.7455e-05, -0.608, 0
1518720780.2295082, 0.48, 2.74512e-05, -0.608, 0
1518720780.441768, 0.48, 2.74803e-05, -0.608, 0
1518720780.65439, 0.48, 2.74691e-05, -1.024, 0
1518720780.872769, 0.48, 2.745465e-05, -1.024, 0
1518720781.093326, 0.48, 2.74661e-05, -1.024, 0
1518720781.306935, 0.48, 2.74761e-05, -1.456, 0
1518720781.524957, 0.48, 2.74665e-05, -1.456, 0
1518720781.743189, 0.48, 2.74775e-05, -1.456, 0
1518720781.9635599, 0.48, 2.744625e-05, -1.872, 0
1518720782.17412, 0.48, 2.745605e-05, -1.872, 0
1518720782.39046, 0.48, 2.742615e-05, -1.872, 0
 1518720963.1830888, 0.416, 2.37578e-05, -1.872, 0
1518720963.403072, 0.416, 2.37627e-05, -1.872, 0
1518720963.610852, 0.416, 2.376945e-05, -1.872, 0
1518720963.825783, 0.416, 2.3775e-05, -1.488, 0
1518720964.039413, 0.416, 2.378615e-05, -1.488, 0
1518720964.259739, 0.416, 2.378165e-05, -1.488, 0
1518720964.4749498, 0.416, 2.37865e-05, -1.056, 0
1518720964.6873689, 0.416, 2.37924e-05, -1.056, 0
1518720964.894343, 0.416, 2.379365e-05, -1.056, 0
1518720965.110837, 0.416, 2.379795e-05, -0.64, 0
1518720965.3265128, 0.416, 2.380615e-05, -0.64, 0
1518720965.5459552, 0.416, 2.381905e-05, -0.64, 0
1518720965.7641249, 0.416, 2.380435e-05, -0.224, 0
1518720965.976017, 0.416, 2.38149e-05, -0.224, 0
1518720966.1836421, 0.416, 2.38127e-05, -0.224, 0
1518720966.401572, 0.416, 2.38092e-05, 0.192, 0
1518720966.618712, 0.416, 2.38126e-05, 0.192, 0
1518720966.83297, 0.416, 2.382665e-05, 0.192, 0
1518720967.048076, 0.416, 2.382565e-05, 0.608, 0
1518720967.264252, 0.416, 2.382795e-05, 0.608, 0
1518720967.478818, 0.416, 2.384485e-05, 0.608, 0
1518720967.686864, 0.416, 2.38326e-05, 1.024, 0
1518720967.905411, 0.416, 2.383845e-05, 1.024, 0
1518720968.121251, 0.416, 2.38298e-05, 1.024, 0
1518720968.336446, 0.416, 2.38459e-05, 1.456, 0
1518720968.55075, 0.416, 2.38547e-05, 1.456, 0
1518720968.7584152, 0.416, 2.38301e-05, 1.456, 0
1518720968.97261, 0.416, 2.386525e-05, 1.872, 0
1518720969.190084, 0.416, 2.38439e-05, 1.872, 0
1518720969.408721, 0.416, 2.384225e-05, 1.872, 0
1518720969.626583, 0.416, 2.38562e-05, 1.872, 0
1518720969.8429801, 0.416, 2.38545e-05, 1.872, 0
1518720970.0572019, 0.416, 2.386725e-05, 1.872, 0
1518720970.266489, 0.416, 2.38507e-05, 1.488, 0
1518720970.481171, 0.416, 2.386405e-05, 1.488, 0
1518720970.698621, 0.416, 2.38404e-05, 1.488, 0
1518720970.91801, 0.416, 2.382705e-05, 1.056, 0
1518720971.1345038, 0.416, 2.38313e-05, 1.056, 0
1518720971.352638, 0.416, 2.382665e-05, 1.056, 0
1518720971.569839, 0.416, 2.381565e-05, 0.64, 0
1518720971.778649, 0.416, 2.38225e-05, 0.64, 0
1518720971.994612, 0.416, 2.38324e-05, 0.64, 0
1518720972.2074811, 0.416, 2.383315e-05, 0.224, 0
1518720972.426104, 0.416, 2.381645e-05, 0.224, 0
1518720972.641765, 0.416, 2.381735e-05, 0.224, 0
1518720972.854174, 0.416, 2.38223e-05, -0.192, 0
1518720973.070573, 0.416, 2.3814e-05, -0.192, 0
1518720973.28758, 0.416, 2.37908e-05, -0.192, 0
1518720973.503375, 0.416, 2.3795e-05, -0.608, 0
1518720973.716676, 0.416, 2.3823e-05, -0.608, 0
1518720973.931276, 0.416, 2.37821e-05, -0.608, 0
1518720974.148269, 0.416, 2.379005e-05, -1.024, 0
1518720974.357776, 0.416, 2.37808e-05, -1.024, 0
1518720974.570341, 0.416, 2.37856e-05, -1.024, 0
1518720974.788605, 0.416, 2.37764e-05, -1.456, 0
1518720975.003992, 0.416, 2.379585e-05, -1.456, 0
1518720975.2078872, 0.416, 2.38097e-05, -1.456, 0
1518720975.420894, 0.416, 2.377875e-05, -1.872, 0
1518720975.635009, 0.416, 2.377275e-05, -1.872, 0
1518720975.842777, 0.416, 2.378705e-05, -1.872, 0
