 1520290224.9249039, 2e-07, -2.3727e-10, 14.99999, 1.61873e-09
1520290224.9948668, 0.0204084, 1.37416e-09, 14.99999, 1.40346e-09
1520290225.062098, 0.040816, 4.80732e-09, 14.99999, 1.25478e-09
1520290225.1397178, 0.0612143, 6.85273e-09, 14.99999, 1.13017e-09
1520290225.21754, 0.0816328, 9.62573e-09, 14.99999, 1.03093e-09
1520290225.2918332, 0.1020302, 1.02708e-08, 14.99999, 9.6784e-10
1520290225.337377, 0.1224659, 1.23682e-08, 14.99999, 9.138e-10
1520290225.441066, 0.1428566, 1.78117e-08, 14.99999, 8.4926e-10
1520290225.494604, 0.1632729, 1.83039e-08, 14.99999, 8.1812e-10
1520290225.5402508, 0.1836701, 2.16615e-08, 14.99999, 7.9252e-10
1520290225.619158, 0.2040868, 2.1805e-08, 15.0, 7.3671e-10
1520290225.6660402, 0.224487, 2.43218e-08, 15.0, 7.2791e-10
1520290225.711364, 0.244898, 2.57746e-08, 15.0, 7.1447e-10
1520290225.756779, 0.265315, 2.69483e-08, 15.0, 6.976e-10
1520290225.8356612, 0.285716, 3.23458e-08, 15.0, 6.6289e-10
1520290225.89537, 0.306113, 3.39096e-08, 15.00001, 6.6661e-10
1520290225.940398, 0.326532, 3.61719e-08, 15.0, 6.2796e-10
1520290226.0196228, 0.346956, 3.79531e-08, 15.0, 6.1404e-10
1520290226.0646532, 0.367358, 4.1123e-08, 15.0, 6.121e-10
1520290226.109963, 0.387756, 4.36027e-08, 15.00001, 5.9638e-10
1520290226.155221, 0.408157, 4.47789e-08, 15.0, 5.8785e-10
1520290226.234236, 0.428559, 4.82299e-08, 15.0, 5.6436e-10
1520290226.279573, 0.448989, 5.1437e-08, 15.00001, 5.5752e-10
1520290226.324745, 0.469382, 5.43377e-08, 15.0, 5.587e-10
1520290226.42863, 0.489817, 5.44364e-08, 14.99999, 5.3204e-10
1520290226.5158982, 0.510248, 6.23943e-08, 15.0, 5.0732e-10
1520290226.560867, 0.530618, 6.44608e-08, 15.00001, 5.2793e-10
1520290226.606132, 0.55101, 6.39128e-08, 15.0, 5.0607e-10
1520290226.684743, 0.571435, 7.39137e-08, 15.00001, 4.8053e-10
1520290226.730334, 0.591802, 7.99492e-08, 15.0, 4.9622e-10
1520290226.7756438, 0.612242, 8.0932e-08, 15.0, 4.796e-10
1520290226.8212779, 0.632671, 8.37551e-08, 15.00001, 4.7366e-10
1520290226.9162529, 0.653066, 8.2697e-08, 15.00001, 4.6557e-10
1520290226.961588, 0.673497, 9.42284e-08, 15.0, 4.6304e-10
1520290227.0191932, 0.69388, 1.03094e-07, 15.0, 4.5071e-10
1520290227.064481, 0.714286, 1.05507e-07, 15.0, 4.6602e-10
1520290227.109955, 0.734696, 1.24777e-07, 15.0, 4.5136e-10
1520290227.18851, 0.755102, 1.26459e-07, 14.99999, 4.3574e-10
1520290227.267371, 0.775508, 1.40599e-07, 15.0, 4.3684e-10
1520290227.3128252, 0.795919, 1.4328e-07, 15.0, 4.3634e-10
1520290227.358529, 0.816326, 1.63527e-07, 15.0, 4.2016e-10
1520290227.4626272, 0.836736, 2.04844e-07, 14.99999, 4.2305e-10
1520290227.550569, 0.857144, 1.81236e-07, 15.0, 4.1901e-10
1520290227.5960262, 0.877555, 1.71892e-07, 15.0, 4.1038e-10
1520290227.641425, 0.897958, 1.67787e-07, 15.0, 4.1084e-10
1520290227.7202811, 0.918368, 1.6582e-07, 15.0, 3.9261e-10
1520290227.7989419, 0.938778, 1.84546e-07, 15.0, 3.946e-10
1520290227.8444438, 0.959182, 1.79855e-07, 15.0, 3.9278e-10
1520290227.916579, 0.979591, 1.9026e-07, 15.0, 3.8917e-10
1520290227.961805, 0.999999, 1.90702e-07, 15.0, 3.866e-10
1520290228.003668, 0.999998, 1.9602e-07, 15.0, 3.8799e-10
1520290228.047158, 1.0, 2.15204e-07, 15.00001, 3.7693e-10
1520290228.088768, 0.999999, 2.23264e-07, 15.0, 3.8726e-10
1520290228.130453, 0.999999, 1.83815e-07, 15.0, 3.8514e-10
1520290228.171884, 0.999999, 1.72431e-07, 15.0, 3.727e-10
1520290228.2133949, 1.0, 1.74376e-07, 15.00001, 3.7194e-10
1520290228.255153, 0.999999, 1.7583e-07, 15.0, 3.6898e-10
1520290228.296649, 1.000002, 2.00439e-07, 15.0, 3.7165e-10
1520290228.338484, 1.0, 1.90536e-07, 15.0, 3.6078e-10
1520290228.380516, 1.000001, 1.83766e-07, 15.0, 3.6599e-10
1520290228.447329, 0.999998, 2.01896e-07, 15.0, 3.6088e-10
1520290228.488817, 1.000003, 2.04622e-07, 15.0, 3.6822e-10
1520290228.530504, 1.0, 2.1604e-07, 15.0, 3.6582e-10
1520290228.57191, 1.0, 2.27126e-07, 15.00001, 3.5684e-10
1520290228.6134, 1.000001, 2.15488e-07, 15.0, 3.543e-10
1520290228.655164, 0.999999, 1.87705e-07, 15.0, 3.6363e-10
1520290228.6965382, 1.000005, 1.43358e-07, 15.0, 3.5903e-10
1520290228.738016, 0.999994, 1.42713e-07, 15.0, 3.4227e-10
1520290228.7794402, 1.000007, 1.05884e-07, 15.0, 3.6431e-10
 1520290247.245635, 3e-07, -2.3163e-10, 14.99999, 1.58977e-09
1520290247.3155441, 0.0204079, 3.37336e-09, 14.99999, 1.37953e-09
1520290247.38333, 0.0408149, 6.98676e-09, 14.99999, 1.23041e-09
1520290247.455192, 0.0612245, 1.06636e-08, 14.99999, 1.12137e-09
1520290247.5006442, 0.0816316, 1.41364e-08, 14.99999, 1.04645e-09
1520290247.54656, 0.1020397, 1.75197e-08, 14.99999, 9.9715e-10
1520290247.625818, 0.1224476, 2.19463e-08, 15.0, 9.2021e-10
1520290247.6930718, 0.1428587, 2.65835e-08, 15.0, 8.9227e-10
1520290247.772149, 0.1632682, 3.05103e-08, 15.00001, 8.1213e-10
1520290247.8201249, 0.1836694, 3.44033e-08, 15.0, 7.8209e-10
1520290247.8660312, 0.2040777, 3.58542e-08, 15.0, 7.6311e-10
1520290247.913437, 0.224492, 4.18442e-08, 15.0, 7.4719e-10
1520290247.992655, 0.244908, 5.06282e-08, 15.0, 6.9658e-10
1520290248.0381691, 0.265304, 5.4842e-08, 15.0, 6.9282e-10
1520290248.0837288, 0.28575, 5.86054e-08, 15.0, 6.5994e-10
1520290248.1292858, 0.306124, 6.32221e-08, 15.0, 6.5246e-10
1520290248.23079, 0.326523, 6.78948e-08, 14.99999, 6.3078e-10
1520290248.310158, 0.346924, 7.04758e-08, 14.99999, 6.0335e-10
1520290248.389505, 0.367352, 7.03691e-08, 14.99999, 5.8464e-10
1520290248.4350069, 0.387725, 7.53615e-08, 14.99999, 5.8126e-10
1520290248.480732, 0.408159, 8.37692e-08, 14.99999, 5.587e-10
1520290248.5599868, 0.428551, 8.60195e-08, 14.99999, 5.4056e-10
1520290248.6389399, 0.448997, 9.12626e-08, 15.00001, 5.3196e-10
1520290248.719098, 0.469387, 1.00784e-07, 15.0, 5.1858e-10
1520290248.764651, 0.489796, 1.0517e-07, 15.0, 5.2078e-10
1520290248.845877, 0.510204, 1.08967e-07, 15.0, 4.9403e-10
1520290248.9250848, 0.530611, 1.11529e-07, 15.0, 4.808e-10
1520290248.970585, 0.55102, 1.19266e-07, 15.0, 4.8039e-10
1520290249.0162718, 0.571429, 1.22047e-07, 15.0, 4.7054e-10
1520290249.09569, 0.591836, 9.6711e-08, 15.0, 4.6055e-10
1520290249.238094, 0.612245, 8.3751e-08, 15.00002, 5.3788e-10
1520290249.283903, 0.632653, 8.816e-08, 15.0, 4.4618e-10
1520290249.3318431, 0.653061, 9.2611e-08, 15.00001, 4.4101e-10
1520290249.410707, 0.673469, 9.547e-08, 14.99999, 4.345e-10
1520290249.4895911, 0.693878, 1.01036e-07, 15.0, 4.3402e-10
1520290249.535133, 0.714287, 1.03694e-07, 15.0, 4.2697e-10
1520290249.581104, 0.734692, 1.47862e-07, 15.0, 4.0416e-10
1520290249.6602528, 0.755104, 1.20688e-07, 15.00001, 4.1463e-10
1520290249.764328, 0.77551, 1.21585e-07, 14.99999, 4.0464e-10
1520290249.844673, 0.795918, 1.28567e-07, 14.99999, 3.8781e-10
1520290249.923218, 0.816327, 1.30558e-07, 15.00001, 3.9324e-10
1520290249.9688792, 0.836735, 1.40101e-07, 15.0, 3.9385e-10
1520290250.014703, 0.857144, 1.42712e-07, 15.0, 3.9088e-10
1520290250.0941272, 0.877552, 1.14376e-07, 15.0, 3.8139e-10
1520290250.173043, 0.897959, 1.23492e-07, 15.0, 3.7286e-10
1520290250.242765, 0.918366, 1.25964e-07, 15.0, 3.6247e-10
1520290250.2884438, 0.938775, 1.36421e-07, 15.0, 3.7e-10
1520290250.336144, 0.959185, 1.41849e-07, 15.0, 3.7773e-10
1520290250.381887, 0.979592, 1.78977e-07, 15.0, 3.5533e-10
1520290250.460665, 1.0, 1.62041e-07, 14.99999, 3.6403e-10
1520290250.502568, 0.999998, 1.45491e-07, 14.99999, 3.5143e-10
1520290250.544246, 0.999999, 1.52815e-07, 14.99999, 3.5474e-10
1520290250.586283, 0.999996, 1.89578e-07, 14.99999, 3.5648e-10
1520290250.628525, 1.0, 1.68821e-07, 14.99999, 3.5001e-10
1520290250.6702359, 0.999995, 1.67541e-07, 14.99999, 3.5803e-10
1520290250.7289548, 1.000001, 1.64054e-07, 14.99999, 3.4753e-10
1520290250.770829, 0.999998, 1.71223e-07, 14.99999, 3.4787e-10
1520290250.812618, 1.000001, 1.64575e-07, 14.99999, 3.4267e-10
1520290250.856726, 0.999997, 1.70311e-07, 14.99999, 3.3691e-10
1520290250.8987288, 1.0, 1.88813e-07, 14.99999, 3.4051e-10
1520290250.9407501, 1.000001, 1.72131e-07, 14.99999, 3.4426e-10
1520290250.982697, 1.0, 1.75778e-07, 14.99999, 3.3879e-10
1520290251.024278, 0.999999, 1.69164e-07, 14.99999, 3.4435e-10
1520290251.066129, 0.999999, 2.47465e-07, 14.99999, 3.3434e-10
1520290251.1082282, 0.999999, 2.69899e-07, 14.99999, 3.2099e-10
1520290251.150126, 0.999994, 2.48883e-07, 14.99999, 3.3809e-10
1520290251.192118, 0.999995, 2.4344e-07, 14.99999, 3.3456e-10
1520290251.2586958, 0.999996, 2.74487e-07, 14.99999, 3.3125e-10
1520290251.3004491, 1.000003, 2.19735e-07, 14.99999, 3.3154e-10
1520290251.342389, 1.000001, 2.3155e-07, 14.99999, 3.2634e-10
1520290251.384187, 1.000003, 2.90137e-07, 14.99999, 3.1865e-10
1520290251.425838, 1.0, 2.07965e-07, 14.99999, 3.2514e-10
1520290251.46756, 1.000001, 2.11795e-07, 14.99999, 3.2389e-10
1520290251.509637, 0.999997, 2.24129e-07, 14.99999, 3.0646e-10
1520290251.551362, 1.0, 2.09311e-07, 14.99999, 3.1733e-10
1520290251.5932548, 1.0, 1.9714e-07, 14.99999, 3.1291e-10
1520290251.635167, 1.0, 1.81337e-07, 14.99999, 3.1944e-10
1520290251.676897, 1.000001, 1.76456e-07, 14.99999, 3.0303e-10
1520290251.744746, 1.0, 1.72719e-07, 14.99999, 3.1459e-10
1520290251.786583, 1.000001, 2.12569e-07, 14.99999, 3.1191e-10
1520290251.828289, 0.999998, 1.91552e-07, 14.99999, 3.1358e-10
1520290251.872384, 0.999998, 1.82488e-07, 14.99999, 3.1356e-10
1520290251.9144378, 1.000001, 1.98482e-07, 14.99999, 3.063e-10
1520290251.956574, 0.999999, 1.84884e-07, 14.99999, 3.1504e-10
1520290251.998528, 1.000004, 1.97138e-07, 14.99999, 3.0586e-10
1520290252.040668, 0.999999, 1.81891e-07, 14.99999, 2.9947e-10
1520290252.0826461, 0.999999, 1.73552e-07, 14.99999, 3.0927e-10
1520290252.124971, 0.999999, 1.87265e-07, 14.99999, 2.9976e-10
1520290252.166611, 0.999999, 1.91532e-07, 14.99999, 2.9457e-10
1520290252.2087839, 1.000001, 1.9761e-07, 14.99999, 3.1692e-10
1520290252.275241, 0.999999, 1.92872e-07, 14.99999, 2.9464e-10
1520290252.3173199, 1.000001, 1.52071e-07, 14.99999, 3.1136e-10
1520290252.359246, 0.999999, 1.52472e-07, 14.99999, 3.0123e-10
1520290252.401191, 1.0, 1.46737e-07, 14.99999, 3.0319e-10
 1520290356.27959, -2e-07, -2.365e-10, 14.99999, 1.61713e-09
1520290356.393308, 0.0204084, -1.9984e-10, 15.0, 1.28702e-09
1520290356.4795752, 0.0408162, -1.8138e-10, 15.0, 1.13158e-09
1520290356.5903308, 0.0612244, -1.6586e-10, 15.0, 1.00155e-09
1520290356.725743, 0.0816326, -1.5382e-10, 15.0, 8.9628e-10
1520290356.812577, 0.1020409, -1.4587e-10, 15.0, 8.3252e-10
1520290356.92479, 0.1224487, -1.3605e-10, 15.00001, 7.6481e-10
1520290357.043943, 0.142857, -1.2921e-10, 15.0, 7.099e-10
1520290357.1201339, 0.1632653, -1.2426e-10, 15.0, 6.8342e-10
1520290357.1983428, 0.1836736, -1.2189e-10, 15.0, 6.5667e-10
1520290357.366513, 0.2040815, -1.1635e-10, 15.0, 6.1433e-10
1520290357.4433768, 0.22449, -1.1103e-10, 15.0, 5.8297e-10
1520290357.511889, 0.244898, -1.115e-10, 15.0, 5.848e-10
1520290357.6227908, 0.265306, -1.0605e-10, 15.0, 5.4961e-10
1520290357.790288, 0.285714, -1.0109e-10, 15.0, 5.1383e-10
1520290357.870757, 0.306122, -1.0126e-10, 15.0, 5.1896e-10
1520290357.9385111, 0.326531, -1.0005e-10, 15.0, 5.133e-10
1520290358.0062551, 0.346938, -9.646e-11, 15.0, 4.9454e-10
1520290358.073589, 0.367346, -9.645e-11, 15.0, 4.9268e-10
1520290358.151677, 0.387754, -9.324e-11, 15.0, 4.7621e-10
1520290358.2491899, 0.408162, -9.148e-11, 15.00001, 4.6007e-10
1520290358.335487, 0.42857, -9.175e-11, 15.0, 4.6538e-10
1520290358.41346, 0.448979, -9.011e-11, 15.0, 4.5076e-10
1520290358.524487, 0.469389, -8.764e-11, 15.0, 4.3769e-10
1520290358.643318, 0.489795, -8.711e-11, 15.0, 4.2823e-10
1520290358.736446, 0.510204, -8.567e-11, 15.0, 4.2763e-10
1520290358.814864, 0.530611, -8.127e-11, 15.0, 4.0163e-10
1520290358.9282508, 0.551019, -8.195e-11, 15.0, 4.01e-10
1520290359.0144892, 0.571428, -8.11e-11, 15.0, 4.0061e-10
1520290359.125273, 0.591837, -8.39e-11, 15.0, 4.1077e-10
1520290359.264103, 0.612244, -8.142e-11, 15.0, 3.9575e-10
1520290359.340466, 0.632652, -7.891e-11, 15.0, 3.876e-10
1520290359.408252, 0.65306, -7.868e-11, 15.0, 3.8555e-10
1520290359.486371, 0.673468, -7.667e-11, 15.0, 3.7824e-10
1520290359.565235, 0.693877, -7.452e-11, 15.0, 3.6269e-10
1520290359.67616, 0.714285, -7.568e-11, 15.0, 3.6411e-10
1520290359.788032, 0.734694, -7.38e-11, 15.0, 3.6338e-10
1520290359.867198, 0.755102, -7.259e-11, 15.0, 3.579e-10
1520290359.978014, 0.775509, -7.369e-11, 15.0, 3.5502e-10
1520290360.064498, 0.795917, -7.112e-11, 15.0, 3.4479e-10
1520290360.1751769, 0.816326, -7.108e-11, 15.0, 3.4348e-10
1520290360.320621, 0.836734, -7.188e-11, 14.99999, 3.5016e-10
1520290360.401014, 0.857144, -6.915e-11, 14.99999, 3.3808e-10
1520290360.479481, 0.877551, -6.81e-11, 14.99999, 3.2864e-10
1520290360.590386, 0.897958, -6.656e-11, 15.0, 3.2435e-10
1520290360.699191, 0.918366, -6.754e-11, 14.99999, 3.3163e-10
1520290360.800745, 0.938776, -6.694e-11, 14.99999, 3.2359e-10
1520290360.876796, 0.959184, -6.585e-11, 14.99999, 3.1942e-10
1520290360.9449852, 0.979591, -6.52e-11, 14.99999, 3.17e-10
1520290361.045673, 0.999999, -6.437e-11, 14.99999, 3.1487e-10
1520290361.094403, 0.999999, -6.435e-11, 14.99999, 3.0803e-10
1520290361.1350982, 0.999999, -6.391e-11, 14.99999, 3.1027e-10
1520290361.1756039, 0.999999, -6.467e-11, 14.99999, 3.0739e-10
1520290361.216362, 0.999999, -6.535e-11, 14.99999, 3.1586e-10
1520290361.2653792, 0.999999, -6.434e-11, 14.99999, 3.0788e-10
1520290361.3071911, 0.999999, -6.672e-11, 14.99999, 3.1895e-10
1520290361.347808, 0.999999, -6.69e-11, 14.99999, 3.2243e-10
1520290361.391288, 0.999999, -6.265e-11, 14.99999, 3.0038e-10
1520290361.431962, 0.999999, -6.56e-11, 14.99999, 3.0782e-10
1520290361.472706, 0.999999, -6.669e-11, 14.99999, 3.147e-10
1520290361.513814, 0.999999, -6.425e-11, 14.99999, 2.9374e-10
1520290361.5546691, 0.999999, -6.55e-11, 14.99999, 3.0447e-10
1520290361.595371, 0.999999, -6.631e-11, 14.99999, 3.0414e-10
1520290361.636171, 0.999999, -6.588e-11, 14.99999, 3.036e-10
1520290361.676832, 0.999999, -6.369e-11, 14.99999, 2.8906e-10
1520290361.7173812, 0.999999, -6.349e-11, 14.99999, 2.9568e-10
1520290361.768123, 0.999999, -6.548e-11, 14.99999, 2.9645e-10
1520290361.8097138, 0.999999, -6.636e-11, 14.99999, 2.9978e-10
1520290361.850261, 0.999999, -6.534e-11, 14.99999, 2.9353e-10
1520290361.893127, 0.999999, -6.73e-11, 14.99999, 2.8745e-10
1520290361.933583, 0.999999, -6.639e-11, 14.99999, 2.8973e-10
1520290361.974174, 0.999999, -6.604e-11, 14.99999, 2.9006e-10
1520290362.015124, 0.999999, -6.795e-11, 14.99999, 2.9628e-10
1520290362.055777, 0.999999, -6.782e-11, 14.99999, 2.9488e-10
1520290362.096503, 0.999999, -6.675e-11, 14.99999, 2.8891e-10
1520290362.137078, 0.999999, -6.368e-11, 14.99999, 2.8722e-10
1520290362.177772, 0.999999, -6.534e-11, 14.99999, 2.8948e-10
1520290362.218477, 0.999999, -6.239e-11, 14.99999, 2.8314e-10
1520290362.271167, 0.999999, -6.345e-11, 14.99999, 2.872e-10
1520290362.3127072, 0.999999, -6.426e-11, 14.99999, 2.9092e-10
1520290362.3535051, 0.999999, -6.394e-11, 14.99999, 2.973e-10
1520290362.3969002, 0.999999, -6.557e-11, 14.99999, 3.0196e-10
1520290362.437761, 0.999999, -6.199e-11, 14.99999, 2.8363e-10
1520290362.478595, 0.999999, -6.428e-11, 14.99999, 2.8404e-10
1520290362.519551, 0.999999, -6.268e-11, 14.99999, 2.7921e-10
1520290362.560811, 0.999999, -6.515e-11, 14.99999, 2.8867e-10
1520290362.601557, 0.999999, -6.374e-11, 14.99999, 2.8665e-10
1520290362.642518, 0.999999, -6.638e-11, 14.99999, 2.9906e-10
1520290362.683383, 0.999999, -6.315e-11, 14.99999, 2.8339e-10
1520290362.724092, 0.999999, -6.425e-11, 14.99999, 2.8964e-10
1520290362.7741492, 0.999999, -6.323e-11, 14.99999, 2.8552e-10
1520290362.815804, 0.999999, -6.237e-11, 14.99999, 2.8024e-10
1520290362.857146, 0.999999, -6.506e-11, 14.99999, 2.9492e-10
1520290362.900373, 0.999999, -6.435e-11, 14.99999, 2.8894e-10
1520290362.940944, 0.999999, -6.369e-11, 14.99999, 2.8661e-10
1520290362.982052, 0.999999, -6.218e-11, 14.99999, 2.7636e-10
1520290363.022882, 0.999999, -6.192e-11, 14.99999, 2.7446e-10
1520290363.063702, 0.999999, -6.38e-11, 14.99999, 2.7746e-10
1520290363.1043851, 0.999999, -6.428e-11, 14.99999, 2.8637e-10
1520290363.145046, 0.999999, -6.373e-11, 14.99999, 2.7966e-10
1520290363.185759, 0.999999, -6.345e-11, 14.99999, 2.822e-10
1520290363.2791522, 1.020408, -6.036e-11, 14.99999, 2.6998e-10
1520290363.390025, 1.040815, -6.045e-11, 15.0, 2.735e-10
1520290363.4579, 1.061223, -5.755e-11, 15.0, 2.6426e-10
1520290363.526156, 1.081632, -5.787e-11, 15.0, 2.7249e-10
1520290363.6047392, 1.10204, -5.755e-11, 15.0, 2.702e-10
1520290363.6831942, 1.122449, -5.739e-11, 15.0, 2.6725e-10
1520290363.8161721, 1.142857, -5.713e-11, 14.99999, 2.6461e-10
1520290363.902666, 1.163264, -5.633e-11, 14.99999, 2.7053e-10
1520290363.970477, 1.183672, -5.257e-11, 14.99999, 2.5418e-10
1520290364.0388212, 1.204082, -5.311e-11, 14.99999, 2.5943e-10
1520290364.107029, 1.224489, -5.274e-11, 14.99999, 2.5723e-10
1520290364.184978, 1.244898, -5.37e-11, 14.99999, 2.6343e-10
1520290364.284679, 1.265305, -5.322e-11, 14.99999, 2.5544e-10
1520290364.360878, 1.285714, -5.139e-11, 14.99999, 2.4827e-10
1520290364.4413881, 1.306122, -5.327e-11, 14.99999, 2.6281e-10
1520290364.519874, 1.32653, -5.176e-11, 14.99999, 2.5728e-10
1520290364.58767, 1.346939, -5.112e-11, 14.99999, 2.5513e-10
1520290364.655642, 1.367346, -4.947e-11, 14.99999, 2.4904e-10
1520290364.734188, 1.387754, -5.248e-11, 14.99999, 2.6556e-10
1520290364.838264, 1.408163, -5.044e-11, 14.99999, 2.5629e-10
1520290364.9491, 1.428571, -4.957e-11, 14.99999, 2.4756e-10
1520290365.0602229, 1.448979, -5.074e-11, 15.0, 2.5401e-10
1520290365.146842, 1.469387, -4.894e-11, 15.0, 2.4959e-10
1520290365.257747, 1.489797, -4.904e-11, 15.0, 2.4855e-10
1520290365.417221, 1.510204, -4.844e-11, 14.99999, 2.4689e-10
1520290365.528041, 1.530612, -5.044e-11, 15.0, 2.5439e-10
1520290365.614364, 1.551019, -4.8e-11, 15.0, 2.4246e-10
1520290365.725047, 1.571429, -4.984e-11, 15.0, 2.4806e-10
1520290365.892852, 1.591837, -4.98e-11, 15.0, 2.3745e-10
1520290365.9734771, 1.612246, -4.801e-11, 15.0, 2.3565e-10
1520290366.041759, 1.632653, -4.719e-11, 15.0, 2.3913e-10
1520290366.119808, 1.653061, -4.752e-11, 15.0, 2.4289e-10
1520290366.197711, 1.673468, -4.569e-11, 15.00001, 2.3042e-10
1520290366.3332438, 1.693878, -4.593e-11, 14.99999, 2.3393e-10
1520290366.44645, 1.714285, -4.611e-11, 15.0, 2.3495e-10
1520290366.557612, 1.734693, -4.5e-11, 15.0, 2.3119e-10
1520290366.676696, 1.755102, -4.556e-11, 15.0, 2.3118e-10
1520290366.7633479, 1.77551, -4.517e-11, 15.0, 2.2968e-10
1520290366.899786, 1.795917, -4.417e-11, 14.99999, 2.28e-10
1520290367.012266, 1.816326, -4.524e-11, 14.99999, 2.3069e-10
1520290367.0979881, 1.836734, -4.478e-11, 14.99999, 2.2904e-10
1520290367.208627, 1.857143, -4.363e-11, 15.0, 2.2701e-10
1520290367.35071, 1.87755, -4.301e-11, 14.99999, 2.2094e-10
1520290367.4269922, 1.897958, -4.218e-11, 14.99999, 2.1954e-10
1520290367.5050151, 1.918367, -4.308e-11, 14.99999, 2.32e-10
1520290367.573292, 1.938776, -4.17e-11, 14.99999, 2.255e-10
1520290367.651464, 1.959183, -3.965e-11, 14.99999, 2.2006e-10
1520290367.7190778, 1.979592, -4.169e-11, 14.99999, 2.3282e-10
1520290367.797087, 1.999999, -4.035e-11, 14.99999, 2.1886e-10
1520290367.8915148, 1.999999, -4.308e-11, 14.99999, 2.3077e-10
1520290367.933449, 1.999999, -4.2e-11, 14.99999, 2.2069e-10
1520290367.9737768, 1.999999, -4.417e-11, 14.99999, 2.3115e-10
1520290368.0143218, 1.999999, -4.284e-11, 14.99999, 2.2049e-10
1520290368.054979, 1.999999, -4.342e-11, 14.99999, 2.2807e-10
1520290368.095586, 1.999999, -4.4e-11, 14.99999, 2.2526e-10
1520290368.136252, 1.999999, -4.246e-11, 14.99999, 2.2248e-10
1520290368.176631, 1.999999, -4.352e-11, 14.99999, 2.2471e-10
1520290368.217111, 1.999999, -4.525e-11, 14.99999, 2.3451e-10
1520290368.257715, 1.999999, -4.319e-11, 14.99999, 2.1994e-10
1520290368.29824, 1.999999, -4.245e-11, 14.99999, 2.1912e-10
1520290368.348276, 1.999999, -4.433e-11, 14.99999, 2.2317e-10
1520290368.4079301, 1.999999, -4.423e-11, 14.99999, 2.2125e-10
1520290368.448857, 1.999999, -4.341e-11, 14.99999, 2.176e-10
1520290368.4907908, 1.999999, -4.173e-11, 14.99999, 2.095e-10
1520290368.531439, 1.999999, -4.515e-11, 14.99999, 2.2388e-10
1520290368.57191, 1.999999, -4.454e-11, 14.99999, 2.2373e-10
1520290368.612493, 1.999999, -4.473e-11, 14.99999, 2.1989e-10
1520290368.653291, 1.999999, -4.399e-11, 14.99999, 2.2045e-10
1520290368.693873, 1.999999, -4.496e-11, 14.99999, 2.2188e-10
1520290368.734569, 1.999999, -4.19e-11, 14.99999, 2.0934e-10
1520290368.7750368, 1.999999, -4.337e-11, 14.99999, 2.1741e-10
1520290368.815678, 1.999999, -4.449e-11, 14.99999, 2.2358e-10
1520290368.8653162, 1.999999, -4.242e-11, 14.99999, 2.1108e-10
1520290368.910039, 1.999999, -4.49e-11, 14.99999, 2.1923e-10
1520290368.950645, 1.999999, -4.459e-11, 14.99999, 2.2188e-10
1520290368.9937541, 1.999999, -4.388e-11, 14.99999, 2.1705e-10
1520290369.034354, 1.999999, -4.226e-11, 14.99999, 2.1113e-10
1520290369.0748951, 1.999999, -4.482e-11, 14.99999, 2.2161e-10
1520290369.1154308, 1.999999, -4.516e-11, 14.99999, 2.2341e-10
1520290369.156167, 1.999999, -4.552e-11, 14.99999, 2.2554e-10
1520290369.1965811, 1.999999, -4.629e-11, 14.99999, 2.2887e-10
1520290369.23691, 1.999999, -4.424e-11, 14.99999, 2.2223e-10
1520290369.2771251, 1.999999, -4.336e-11, 14.99999, 2.0823e-10
1520290369.317478, 1.999999, -4.277e-11, 14.99999, 2.124e-10
1520290369.367157, 1.999999, -4.243e-11, 14.99999, 2.0779e-10
1520290369.4076722, 1.999999, -4.542e-11, 14.99999, 2.2281e-10
1520290369.448229, 1.999999, -4.493e-11, 14.99999, 2.2013e-10
1520290369.491265, 1.999999, -4.415e-11, 14.99999, 2.176e-10
1520290369.531755, 1.999999, -4.502e-11, 14.99999, 2.2028e-10
1520290369.572662, 1.999999, -4.448e-11, 14.99999, 2.1809e-10
1520290369.6132438, 1.999999, -4.483e-11, 14.99999, 2.1811e-10
1520290369.653777, 1.999999, -4.274e-11, 14.99999, 2.1128e-10
1520290369.6943219, 1.999999, -4.424e-11, 14.99999, 2.1353e-10
1520290369.7347898, 1.999999, -4.261e-11, 14.99999, 2.0828e-10
1520290369.775407, 1.999999, -4.346e-11, 14.99999, 2.0808e-10
1520290369.815873, 1.999999, -4.528e-11, 14.99999, 2.1945e-10
1520290369.868963, 1.999999, -4.265e-11, 14.99999, 2.0636e-10
1520290369.910198, 1.999999, -4.399e-11, 14.99999, 2.1155e-10
1520290369.9508212, 1.999999, -4.288e-11, 14.99999, 2.0726e-10
1520290369.993829, 1.999999, -4.601e-11, 14.99999, 2.214e-10
1520290370.071815, 2.020407, -4.422e-11, 14.99999, 2.1988e-10
1520290370.139554, 2.040815, -4.044e-11, 14.99999, 2.0655e-10
1520290370.207181, 2.061224, -4.206e-11, 14.99999, 2.2005e-10
1520290370.2746391, 2.081632, -4.194e-11, 14.99999, 2.203e-10
1520290370.373728, 2.10203, -4.063e-11, 14.99999, 2.154e-10
1520290370.441427, 2.12244, -4.054e-11, 14.99999, 2.1095e-10
1520290370.5114, 2.14286, -3.717e-11, 14.99999, 2.0552e-10
1520290370.622483, 2.16327, -3.886e-11, 14.99999, 2.0578e-10
1520290370.741471, 2.18367, -3.881e-11, 15.0, 2.036e-10
1520290370.8747032, 2.20408, -3.712e-11, 14.99999, 2.0372e-10
1520290370.982391, 2.22448, -4.091e-11, 14.99999, 2.1852e-10
1520290371.0931032, 2.2449, -3.621e-11, 15.0, 2.0096e-10
1520290371.1792068, 2.26531, -3.724e-11, 15.0, 1.9877e-10
1520290371.289792, 2.2857, -3.838e-11, 15.0, 2.0708e-10
1520290371.448747, 2.30611, -3.885e-11, 14.99999, 2.1264e-10
1520290371.537045, 2.32653, -3.557e-11, 14.99999, 1.9831e-10
1520290371.605122, 2.34694, -3.525e-11, 14.99999, 1.9937e-10
1520290371.683006, 2.36734, -3.821e-11, 14.99999, 2.0592e-10
1520290371.793826, 2.38776, -3.538e-11, 15.0, 2.0176e-10
1520290371.8969212, 2.40815, -3.586e-11, 15.0, 2.0133e-10
1520290372.0092459, 2.42856, -3.805e-11, 15.0, 2.0773e-10
1520290372.0769331, 2.44898, -3.454e-11, 15.0, 1.9623e-10
1520290372.154916, 2.46938, -3.336e-11, 15.0, 1.9487e-10
1520290372.222581, 2.48979, -3.469e-11, 15.0, 1.9845e-10
1520290372.2901802, 2.5102, -2.975e-11, 15.0, 1.8872e-10
1520290372.382687, 2.5306, -3.277e-11, 15.0, 1.995e-10
1520290372.49028, 2.55101, -3.208e-11, 15.0, 1.913e-10
1520290372.568216, 2.57142, -3.126e-11, 15.0, 1.9543e-10
1520290372.646294, 2.59184, -3.172e-11, 15.0, 1.9702e-10
1520290372.7568488, 2.61224, -3.231e-11, 15.0, 1.9228e-10
1520290372.903888, 2.63264, -3.228e-11, 15.0, 1.9159e-10
1520290373.022843, 2.65305, -3.554e-11, 15.0, 2.0215e-10
1520290373.100718, 2.67346, -3.103e-11, 15.0, 1.9396e-10
1520290373.1789849, 2.69388, -3.121e-11, 15.0, 1.953e-10
1520290373.2791538, 2.71428, -2.89e-11, 14.99999, 1.9156e-10
1520290373.402001, 2.73469, -3.259e-11, 14.99999, 2.008e-10
1520290373.480522, 2.7551, -2.786e-11, 14.99999, 1.8925e-10
1520290373.591413, 2.7755, -3.232e-11, 15.0, 2.0196e-10
1520290373.709289, 2.79593, -3.363e-11, 15.0, 1.9554e-10
1520290373.795253, 2.81632, -3.102e-11, 15.0, 1.923e-10
1520290373.9338508, 2.83673, -2.878e-11, 14.99999, 1.8589e-10
1520290374.010699, 2.85714, -2.91e-11, 14.99999, 1.8026e-10
1520290374.121453, 2.87755, -3.096e-11, 14.99999, 1.9419e-10
1520290374.239085, 2.89795, -3.143e-11, 15.0, 1.9071e-10
1520290374.357953, 2.91838, -3.092e-11, 15.0, 1.9236e-10
1520290374.528385, 2.93878, -2.829e-11, 15.0, 1.8194e-10
1520290374.6391869, 2.95917, -3.018e-11, 15.0, 1.8375e-10
1520290374.757977, 2.97959, -3.054e-11, 15.0, 1.9445e-10
1520290374.9140239, 2.99999, -2.882e-11, 15.0, 1.8817e-10
1520290374.962753, 2.99999, -2.945e-11, 15.0, 1.859e-10
1520290375.003208, 2.99999, -3.151e-11, 15.0, 1.9081e-10
1520290375.043962, 2.99999, -2.929e-11, 15.0, 1.8114e-10
1520290375.084508, 2.99999, -3.309e-11, 15.0, 1.9888e-10
1520290375.124655, 2.99999, -2.827e-11, 15.0, 1.7582e-10
1520290375.164761, 2.99999, -2.91e-11, 15.0, 1.8468e-10
1520290375.2052171, 2.99999, -3.314e-11, 15.0, 2.0127e-10
1520290375.245802, 2.99999, -3.067e-11, 15.0, 1.9163e-10
1520290375.286378, 2.99999, -3.335e-11, 15.00001, 1.9568e-10
1520290375.3288, 2.99999, -3.026e-11, 15.0, 1.8568e-10
1520290375.369259, 2.99999, -2.919e-11, 15.0, 1.8304e-10
1520290375.437078, 2.99999, -3.275e-11, 15.0, 1.9173e-10
1520290375.477547, 2.99999, -3.092e-11, 15.0, 1.8302e-10
1520290375.5201979, 2.99999, -3.202e-11, 15.0, 1.8922e-10
1520290375.560732, 2.99999, -3.195e-11, 15.0, 1.8096e-10
1520290375.6012108, 2.99999, -3.493e-11, 15.0, 2.0033e-10
1520290375.64197, 2.99999, -2.948e-11, 15.0, 1.8151e-10
1520290375.6825988, 2.99999, -3.254e-11, 15.00001, 1.904e-10
1520290375.7231958, 2.99999, -2.895e-11, 15.0, 1.7496e-10
1520290375.7637382, 2.99999, -2.911e-11, 15.0, 1.7656e-10
1520290375.804217, 2.99999, -3.122e-11, 15.0, 1.8247e-10
1520290375.845015, 2.99999, -3.176e-11, 15.0, 1.7983e-10
1520290375.9118369, 2.99999, -2.952e-11, 15.0, 1.7585e-10
1520290375.952537, 2.99999, -3.155e-11, 15.0, 1.8086e-10
1520290375.993035, 2.99999, -3.269e-11, 15.0, 1.9099e-10
1520290376.036201, 2.99999, -3.262e-11, 15.0, 1.881e-10
1520290376.076961, 2.99999, -3.344e-11, 15.0, 1.8773e-10
1520290376.117431, 2.99999, -3.005e-11, 15.0, 1.8573e-10
1520290376.1579788, 2.99999, -3.247e-11, 15.0, 1.8651e-10
1520290376.19855, 2.99999, -3.257e-11, 15.0, 1.867e-10
1520290376.239111, 2.99999, -3.011e-11, 15.0, 1.7846e-10
1520290376.279559, 2.99999, -3.282e-11, 15.0, 1.8211e-10
1520290376.3200462, 2.99999, -3.338e-11, 15.0, 1.9063e-10
1520290376.360574, 2.99999, -3.176e-11, 15.0, 1.8082e-10
1520290376.409766, 2.99999, -3.08e-11, 15.0, 1.8077e-10
1520290376.454931, 2.99999, -3.264e-11, 15.0, 1.8989e-10
1520290376.495541, 2.99999, -2.931e-11, 15.0, 1.7404e-10
1520290376.5387971, 2.99999, -3.282e-11, 15.0, 1.8142e-10
1520290376.579783, 2.99999, -2.978e-11, 15.0, 1.7265e-10
1520290376.620398, 2.99999, -3.029e-11, 15.0, 1.8291e-10
1520290376.6610491, 2.99999, -3.216e-11, 15.00001, 1.8355e-10
1520290376.701567, 2.99999, -3.119e-11, 15.0, 1.7975e-10
1520290376.742054, 2.99999, -3.275e-11, 15.0, 1.846e-10
1520290376.7827232, 2.99999, -3.159e-11, 15.0, 1.8338e-10
1520290376.823356, 2.99999, -3.166e-11, 15.00001, 1.8305e-10
1520290376.864057, 2.99999, -3.078e-11, 15.0, 1.7645e-10
1520290376.9126909, 2.99999, -2.953e-11, 15.0, 1.7409e-10
1520290376.954426, 2.99999, -3.31e-11, 15.0, 1.8608e-10
1520290376.994866, 2.99999, -3.286e-11, 15.00001, 1.8356e-10
1520290377.0380218, 2.99999, -3.267e-11, 15.00001, 1.8313e-10
1520290377.0785642, 2.99999, -3.422e-11, 15.0, 1.8461e-10
1520290377.189156, 3.02041, -2.943e-11, 15.0, 1.6704e-10
1520290377.307654, 3.04083, -3.145e-11, 15.0, 1.757e-10
1520290377.451097, 3.06122, -3.386e-11, 14.99999, 1.9488e-10
1520290377.5373719, 3.08162, -2.802e-11, 14.99999, 1.7198e-10
1520290377.615654, 3.10203, -2.978e-11, 14.99999, 1.8577e-10
1520290377.726544, 3.12245, -2.795e-11, 15.0, 1.725e-10
1520290377.8022451, 3.14285, -2.58e-11, 15.00001, 1.7823e-10
1520290377.880119, 3.16326, -2.949e-11, 15.0, 1.8851e-10
1520290378.015955, 3.18366, -2.924e-11, 14.99999, 1.8652e-10
1520290378.093633, 3.20408, -2.749e-11, 14.99999, 1.7323e-10
1520290378.16132, 3.22448, -2.769e-11, 14.99999, 1.7721e-10
1520290378.2715352, 3.2449, -2.665e-11, 14.99999, 1.8089e-10
1520290378.390335, 3.26531, -2.856e-11, 15.0, 1.8168e-10
1520290378.534395, 3.28571, -2.553e-11, 15.0, 1.7461e-10
1520290378.612725, 3.30612, -2.68e-11, 15.0, 1.7509e-10
1520290378.723541, 3.32653, -2.563e-11, 15.0, 1.7795e-10
1520290378.842626, 3.34694, -2.626e-11, 15.0, 1.7393e-10
1520290378.9286962, 3.36735, -2.337e-11, 15.0, 1.6705e-10
1520290379.072893, 3.38776, -2.398e-11, 15.0, 1.6743e-10
1520290379.143137, 3.40816, -2.629e-11, 15.0, 1.747e-10
1520290379.22151, 3.42856, -2.217e-11, 15.0, 1.6918e-10
1520290379.289279, 3.44897, -2.29e-11, 15.0, 1.7213e-10
1520290379.367487, 3.46938, -2.353e-11, 15.0, 1.7538e-10
1520290379.4781241, 3.4898, -2.349e-11, 15.0, 1.7401e-10
1520290379.5642319, 3.5102, -2.293e-11, 15.0, 1.7247e-10
1520290379.6755788, 3.53061, -2.539e-11, 15.0, 1.7244e-10
1520290379.751352, 3.55101, -2.252e-11, 15.0, 1.7172e-10
1520290379.829178, 3.57143, -2.35e-11, 15.0, 1.7157e-10
1520290379.9400089, 3.59184, -2.277e-11, 15.00001, 1.7364e-10
1520290380.069976, 3.61223, -2.136e-11, 15.0, 1.6809e-10
1520290380.149635, 3.63265, -1.886e-11, 15.0, 1.6293e-10
1520290380.260397, 3.65305, -2.186e-11, 15.0, 1.6555e-10
1520290380.346445, 3.67347, -2.001e-11, 15.0, 1.6775e-10
1520290380.49214, 3.69388, -1.852e-11, 14.99999, 1.6085e-10
1520290380.578648, 3.71429, -2.072e-11, 14.99999, 1.7211e-10
1520290380.6891599, 3.73468, -1.97e-11, 15.0, 1.6706e-10
1520290380.7977002, 3.75509, -1.886e-11, 14.99999, 1.6264e-10
1520290380.883384, 3.77551, -1.914e-11, 14.99999, 1.6621e-10
1520290380.981827, 3.79592, -2.076e-11, 14.99999, 1.7043e-10
1520290381.067945, 3.81633, -1.917e-11, 14.99999, 1.6633e-10
1520290381.146136, 3.83673, -1.848e-11, 14.99999, 1.5834e-10
1520290381.256593, 3.85714, -2.349e-11, 15.00001, 1.8011e-10
1520290381.375055, 3.87755, -2.075e-11, 15.0, 1.6753e-10
1520290381.523498, 3.89796, -2.341e-11, 15.0, 1.7474e-10
1520290381.644269, 3.91837, -2.13e-11, 14.99999, 1.6991e-10
1520290381.7549171, 3.93877, -1.817e-11, 14.99999, 1.6345e-10
1520290381.87357, 3.95917, -4.698e-11, 15.0, 9.315e-11
1520290382.0169358, 3.97959, -2.19e-11, 14.99999, 1.7322e-10
1520290382.092577, 4.0, -1.793e-11, 14.99999, 1.5399e-10
1520290382.1330922, 4.0, -1.616e-11, 14.99999, 1.5207e-10
1520290382.1736379, 4.0, -2.042e-11, 14.99999, 1.6559e-10
1520290382.214279, 4.0, -2.194e-11, 14.99999, 1.7308e-10
1520290382.254713, 4.0, -1.961e-11, 14.99999, 1.5943e-10
1520290382.294872, 4.0, -2.044e-11, 14.99999, 1.636e-10
1520290382.335039, 4.0, -2.085e-11, 14.99999, 1.6919e-10
1520290382.375259, 4.0, -1.851e-11, 14.99999, 1.5908e-10
1520290382.4158049, 4.0, -2.085e-11, 14.99999, 1.7135e-10
1520290382.481312, 4.0, -2.014e-11, 14.99999, 1.5924e-10
1520290382.521816, 4.0, -2.269e-11, 14.99999, 1.6477e-10
1520290382.5623481, 4.0, -2.202e-11, 14.99999, 1.6526e-10
1520290382.605233, 4.0, -2.289e-11, 14.99999, 1.6843e-10
1520290382.668038, 4.0, -1.921e-11, 14.99999, 1.6121e-10
1520290382.7092302, 4.0, -2.083e-11, 14.99999, 1.6368e-10
1520290382.749762, 4.0, -2.276e-11, 14.99999, 1.7122e-10
1520290382.790328, 4.0, -2.036e-11, 14.99999, 1.5933e-10
1520290382.8305101, 4.0, -2.255e-11, 14.99999, 1.704e-10
1520290382.870892, 4.0, -1.928e-11, 14.99999, 1.4951e-10
1520290382.911329, 4.0, -2.253e-11, 14.99999, 1.6571e-10
1520290382.952141, 4.0, -2.077e-11, 14.99999, 1.6776e-10
1520290383.0014122, 4.0, -2.183e-11, 14.99999, 1.672e-10
1520290383.042631, 4.0, -2.32e-11, 14.99999, 1.5918e-10
1520290383.0830212, 4.0, -2.02e-11, 14.99999, 1.5709e-10
1520290383.1265438, 4.0, -2.283e-11, 14.99999, 1.5636e-10
1520290383.167215, 4.0, -2.245e-11, 14.99999, 1.6957e-10
