 1520290289.00075, -0.500002, -1.3482e-10, -0.64485, -0.0001
1520290289.050758, -0.499991, -1.06728e-09, -0.64568, -0.0001
1520290289.0928571, -0.500003, -1.6899e-10, -0.64603, -0.0001
1520290289.138586, -0.500003, -6.598e-10, -0.64546, -0.0001
1520290289.1805818, -0.499996, -5.1763e-10, -0.64656, -0.0001
1520290289.222778, -0.5, -5.5432e-10, -0.64552, -0.0001
1520290289.2685409, -0.500002, -3.7784e-10, -0.64559, -0.0001
1520290289.31093, -0.499998, -3.643e-10, -0.64505, -0.0001
1520290289.3529642, -0.500008, -7.568e-11, -0.64639, -0.0001
1520290289.398714, -0.5, -3.1532e-10, -0.64627, -0.0001
1520290289.440913, -0.500003, -2.9168e-10, -0.64622, -0.0001
1520290289.482881, -0.499999, -3.6096e-10, -0.64611, -0.0001
1520290289.577696, -0.499999, -4.7937e-10, -0.6462, -0.0001
1520290289.619804, -0.499995, -5.9944e-10, -0.64647, -0.0001
1520290289.664363, -0.500003, -9.749e-10, -0.64768, -0.0001
1520290289.710448, -0.5, -6.7457e-10, -0.64682, -0.0001
1520290289.75249, -0.499999, -3.6288e-10, -0.64683, -0.0001
1520290289.794613, -0.5, -2.9753e-10, -0.64704, -0.0001
1520290289.840343, -0.500001, -2.4658e-10, -0.647, -0.0001
1520290289.8824399, -0.500002, -3.597e-11, -0.64689, -0.0001
1520290289.9245791, -0.500002, -3.24e-10, -0.647, -0.0001
1520290289.970294, -0.499999, -2.585e-11, -0.64737, -0.0001
1520290290.039552, -0.499997, 1.132e-11, -0.64645, -0.0001
1520290290.081544, -0.499999, -3.4e-12, -0.64704, -0.0001
1520290290.129869, -0.500001, -2.149e-11, -0.64629, -0.0001
1520290290.172074, -0.500002, -9e-14, -0.6462, -0.0001
1520290290.214473, -0.499999, 3.229e-11, -0.64572, -0.0001
1520290290.2602, -0.499997, -1.072e-11, -0.64653, -0.0001
1520290290.302402, -0.5, -4.185e-11, -0.64687, -0.0001
1520290290.344567, -0.499998, -1.7e-13, -0.64609, -0.0001
1520290290.390377, -0.499999, -3.34e-12, -0.64639, -0.0001
1520290290.432359, -0.499997, -2.794e-11, -0.64655, -0.0001
1520290290.4743302, -0.499998, -6.6e-13, -0.64685, -0.0001
1520290290.54242, -0.500002, 2.812e-11, -0.64596, -0.0001
1520290290.584477, -0.499997, -2.754e-11, -0.64653, -0.0001
1520290290.626632, -0.5, -2.933e-11, -0.64667, -0.0001
1520290290.674855, -0.500002, -5.22e-11, -0.64633, -0.0001
1520290290.7171268, -0.500001, -9.264e-11, -0.6451, -0.0001
1520290290.759121, -0.499998, 2.881e-11, -0.64468, -0.0001
1520290290.8049421, -0.499997, -1.92e-11, -0.64541, -0.0001
1520290290.8469172, -0.500002, 5.928e-11, -0.64665, -0.0001
1520290290.889018, -0.499998, 9.02e-12, -0.64714, -0.0001
1520290290.935005, -0.500002, 1.655e-11, -0.6464, -0.0001
1520290290.977011, -0.500001, 2.473e-11, -0.64716, -0.0001
1520290291.045214, -0.499998, -5.976e-11, -0.64678, -0.0001
1520290291.090914, -0.500002, 1.011e-11, -0.64642, -0.0001
1520290291.1331, -0.499998, -1.505e-11, -0.64649, -0.0001
1520290291.176872, -0.5, 1.603e-11, -0.64606, -0.0001
1520290291.222843, -0.500002, 1.749e-11, -0.64654, -0.0001
1520290291.26474, -0.5, -1.813e-11, -0.64714, -0.0001
1520290291.307033, -0.500001, 1.143e-11, -0.64742, -0.0001
1520290291.352858, -0.5, -3.134e-11, -0.64714, -0.0001
1520290291.395207, -0.5, -2.403e-11, -0.64724, -0.0001
1520290291.437464, -0.5, 1.981e-11, -0.64698, -0.0001
1520290291.483226, -0.499999, -2.8e-13, -0.64732, -0.0001
1520290291.5480351, -0.499999, 4.191e-11, -0.6477, -0.0001
1520290291.590135, -0.499998, -2.167e-11, -0.64718, -0.0001
1520290291.636127, -0.499998, -3.916e-11, -0.647, -0.0001
1520290291.6797981, -0.500002, -3.616e-11, -0.64697, -0.0001
1520290291.721931, -0.499998, -1.373e-11, -0.64777, -0.0001
1520290291.767621, -0.500003, -8.56e-12, -0.64765, -0.0001
1520290291.809782, -0.499999, -5.432e-11, -0.6477, -0.0001
1520290291.8519192, -0.499999, -1.273e-11, -0.64745, -0.0001
1520290291.897901, -0.500001, 4.258e-11, -0.64722, -0.0001
1520290291.940137, -0.499998, 2.959e-11, -0.64762, -0.0001
1520290291.982147, -0.499999, 3.16e-11, -0.64692, -0.0001
1520290292.05134, -0.499997, -9.26e-12, -0.64728, -0.0001
1520290292.0933702, -0.500001, 1.415e-11, -0.6476, -0.0001
1520290292.135486, -0.499999, 2.09e-12, -0.64728, -0.0001
1520290292.1836941, -0.499999, -2.583e-11, -0.64722, -0.0001
1520290292.2262652, -0.499999, -1.637e-11, -0.64722, -0.0001
1520290292.2682822, -0.499998, -2.031e-11, -0.64696, -0.0001
1520290292.314187, -0.499998, -1.462e-11, -0.64744, -0.0001
1520290292.356364, -0.499999, -1.869e-11, -0.64722, -0.0001
1520290292.3984041, -0.500002, 9.27e-12, -0.64624, -0.0001
1520290292.444295, -0.499998, 5.38e-12, -0.64689, -0.0001
1520290292.486327, -0.499997, -1.062e-11, -0.64632, -0.0001
1520290292.554139, -0.499996, -4.402e-11, -0.64719, -0.0001
1520290292.599852, -0.500001, -2.515e-11, -0.64638, -0.0001
1520290292.644195, -0.499999, 1.179e-11, -0.64689, -0.0001
1520290292.68596, -0.499999, -5.107e-11, -0.64728, -0.0001
1520290292.731661, -0.499996, -2.42e-11, -0.64668, -0.0001
1520290292.7735791, -0.499998, -3.82e-11, -0.64559, -0.0001
1520290292.815702, -0.499996, 3.104e-11, -0.64662, -0.0001
1520290292.861683, -0.499997, -6e-12, -0.6474, -0.0001
1520290292.903708, -0.5, -1.35e-12, -0.64751, -0.0001
1520290292.945826, -0.499998, -2.888e-11, -0.64796, -0.0001
1520290292.991723, -0.499999, 2.21e-12, -0.64792, -0.0001
1520290293.057187, -0.500001, -1.6e-12, -0.64837, -0.0001
1520290293.0993469, -0.500001, -2.01e-11, -0.64827, -0.0001
1520290293.1472828, -0.500003, -4.39e-12, -0.64802, -0.0001
1520290293.1891892, -0.5, 5.368e-11, -0.64738, -0.0001
1520290293.231359, -0.499999, -3.368e-11, -0.64837, -0.0001
1520290293.277287, -0.499998, 2.6e-13, -0.64816, -0.0001
1520290293.319277, -0.499998, -7.35e-12, -0.64714, -0.0001
1520290293.3613088, -0.499996, -4.161e-11, -0.6469, -0.0001
1520290293.406841, -0.499997, -1.322e-11, -0.64741, -0.0001
1520290293.4489431, -0.499998, -3.513e-11, -0.64734, -0.0001
1520290293.490998, -0.499998, -2.8e-13, -0.64772, -0.0001
1520290293.559725, -0.499999, -2.199e-11, -0.64679, -0.0001
1520290293.601726, -0.499997, 9.69e-12, -0.64737, -0.0001
1520290293.643714, -0.500001, -1.608e-11, -0.64707, -0.0001
1520290293.692126, -0.5, 1.355e-11, -0.64752, -0.0001
1520290293.734099, -0.499998, -3.33e-12, -0.64674, -0.0001
1520290293.776406, -0.499998, -1.516e-11, -0.64714, -0.0001
1520290293.822169, -0.500001, 2.241e-11, -0.64674, -0.0001
1520290293.864311, -0.500001, -5.6e-13, -0.64664, -0.0001
1520290293.9065542, -0.499999, -5.2e-11, -0.64689, -0.0001
1520290293.9523048, -0.499999, 5.003e-11, -0.64599, -0.0001
1520290293.994338, -0.500002, 1.802e-11, -0.64604, -0.0001
1520290294.0626838, -0.500001, 4.02e-12, -0.64639, -0.0001
1520290294.108403, -0.500001, -1.83e-11, -0.64623, -0.0001
1520290294.1505501, -0.500003, 9e-12, -0.64719, -0.0001
1520290294.194411, -0.499997, -4.336e-11, -0.64774, -0.0001
1520290294.240438, -0.499998, 4.142e-11, -0.64752, -0.0001
1520290294.282758, -0.499998, -2.587e-11, -0.64703, -0.0001
1520290294.3248901, -0.499997, 4.79e-12, -0.64678, -0.0001
1520290294.37068, -0.499998, 1.643e-11, -0.64652, -0.0001
1520290294.412452, -0.499998, -2.834e-11, -0.64686, -0.0001
1520290294.4541178, -0.5, -3.091e-11, -0.6459, -0.0001
1520290294.4999402, -0.499995, -6.45e-12, -0.6458, -0.0001
1520290294.565748, -0.499992, 8e-14, -0.64666, -0.0001
1520290294.60779, -0.500003, -3.891e-11, -0.64742, -0.0001
1520290294.655968, -0.5, 6.638e-11, -0.64657, -0.0001
1520290294.698026, -0.499999, 8.92e-12, -0.64746, -0.0001
1520290294.740012, -0.499999, -9.9e-13, -0.64704, -0.0001
1520290294.785845, -0.500002, -3.132e-11, -0.64723, -0.0001
1520290294.827831, -0.500004, -3.645e-11, -0.64736, -0.0001
1520290294.8698921, -0.5, -1.777e-11, -0.64704, -0.0001
1520290294.9161012, -0.499997, -5.572e-11, -0.647237, -0.0001
1520290294.958122, -0.499999, 6.2e-12, -0.647272, -0.0001
1520290295.000323, -0.499999, -4.841e-11, -0.647461, -0.0001
1520290295.0685241, -0.499998, -3.585e-11, -0.646878, -0.0001
1520290295.110461, -0.499994, 1.96e-11, -0.646057, -0.0001
1520290295.152677, -0.499991, -9.03e-11, -0.646303, -0.0001
1520290295.200893, -0.5, -1.848e-11, -0.643339, -0.0001
1520290295.243003, -0.499998, 9.85e-12, -0.643538, -0.0001
1520290295.2850401, -0.499995, 2.41e-12, -0.643439, -0.0001
1520290295.330806, -0.500001, -2.467e-11, -0.642869, -0.0001
1520290295.372925, -0.499997, -6.59e-12, -0.644718, -0.0001
1520290295.4151838, -0.500001, -3.775e-11, -0.645142, -0.0001
1520290295.460793, -0.499995, -6.278e-11, -0.644374, -0.0001
1520290295.502791, -0.5, 2.432e-11, -0.643818, -0.0001
1520290295.5715861, -0.500001, -7.784e-11, -0.643651, -0.0001
1520290295.6473851, -0.500002, -2.83e-11, -0.454546, -4.29612e-05
1520290295.691925, -0.500001, -2.442e-11, -0.454547, -4.29739e-05
1520290295.733859, -0.5, -2.494e-11, -0.454545, -4.29269e-05
1520290295.814681, -0.500001, -8.409e-11, -0.151515, -4.16105e-06
1520290295.856253, -0.500001, -8.579e-11, -0.1515163, -4.23716e-06
1520290295.898124, -0.500001, -8.545e-11, -0.1515149, -4.1565e-06
1520290295.97395, -0.500001, -2.3903e-10, 0.151515, 7.25733e-06
1520290296.0157871, -0.500001, -2.3016e-10, 0.1515152, 7.25968e-06
1520290296.086297, -0.500001, -2.6107e-10, 0.1515164, 7.36586e-06
1520290296.1651552, -0.5, -4.2391e-10, 0.362514, 0.0001
1520290296.207097, -0.500002, -4.6645e-10, 0.362314, 0.0001
1520290296.249019, -0.500002, -4.0947e-10, 0.362396, 0.0001
1520290296.294826, -0.5, -5.6068e-10, 0.362214, 0.0001
1520290296.3368802, -0.500001, -5.4205e-10, 0.362487, 0.0001
1520290296.3790112, -0.5, -4.6598e-10, 0.362054, 0.0001
1520290296.424823, -0.500002, -3.6427e-10, 0.362312, 0.0001
1520290296.466812, -0.500002, -3.6462e-10, 0.362123, 0.0001
1520290296.508918, -0.5, -4.2767e-10, 0.362108, 0.0001
1520290296.589005, -0.500002, -1.01562e-09, 0.362078, 0.0001
1520290296.631121, -0.500003, -3.2295e-10, 0.361891, 0.0001
1520290296.6731882, -0.500002, -2.5907e-10, 0.362006, 0.0001
1520290296.718951, -0.5, -2.7606e-10, 0.36198, 0.0001
1520290296.7610822, -0.499998, -7.0475e-10, 0.362046, 0.0001
1520290296.802998, -0.500002, -2.5838e-10, 0.362055, 0.0001
1520290296.848887, -0.5, -2.2942e-10, 0.361991, 0.0001
1520290296.8908758, -0.500002, -2.6087e-10, 0.362232, 0.0001
1520290296.93278, -0.5, -2.4414e-10, 0.361989, 0.0001
1520290296.9787, -0.500002, -2.0942e-10, 0.36163, 0.0001
1520290297.020809, -0.500001, -2.6076e-10, 0.36151, 0.0001
1520290297.079807, -0.500002, -1.7053e-10, 0.36141, 0.0001
1520290297.1254988, -0.500001, -1.4255e-10, 0.36136, 0.0001
1520290297.167649, -0.500001, -1.3862e-10, 0.36143, 0.0001
1520290297.211701, -0.500001, -1.4586e-10, 0.36149, 0.0001
1520290297.2573361, -0.5, -1.683e-10, 0.36141, 0.0001
1520290297.299417, -0.500001, -1.3506e-10, 0.36152, 0.0001
1520290297.3414679, -0.500001, -2.789e-10, 0.36151, 0.0001
1520290297.387327, -0.500001, -1.9702e-10, 0.36153, 0.0001
1520290297.4294112, -0.500001, -1.6182e-10, 0.36128, 0.0001
1520290297.4715211, -0.500001, -1.7285e-10, 0.36112, 0.0001
1520290297.5172749, -0.500001, -1.9134e-10, 0.36118, 0.0001
1520290297.582561, -0.500001, -1.4127e-10, 0.36101, 0.0001
1520290297.624591, -0.500001, -2.8054e-10, 0.36127, 0.0001
1520290297.670519, -0.500001, -1.8019e-10, 0.36109, 0.0001
1520290297.714283, -0.500001, -1.6602e-10, 0.36093, 0.0001
1520290297.756293, -0.500001, -1.3458e-10, 0.36081, 0.0001
1520290297.802125, -0.500001, -1.528e-10, 0.36081, 0.0001
1520290297.84429, -0.500001, -1.712e-10, 0.36104, 0.0001
1520290297.886583, -0.500001, -1.7711e-10, 0.36128, 0.0001
1520290297.93248, -0.500001, -1.4135e-10, 0.36123, 0.0001
1520290297.974452, -0.500001, -1.3117e-10, 0.36121, 0.0001
1520290298.016615, -0.500001, -1.9221e-10, 0.36111, 0.0001
1520290298.085923, -0.500001, -1.8506e-10, 0.36107, 0.0001
1520290298.128008, -0.5, -1.5325e-10, 0.36111, 0.0001
1520290298.1699562, -0.5, -1.6185e-10, 0.36104, 0.0001
1520290298.218352, -0.5, -1.6624e-10, 0.36108, 0.0001
1520290298.260284, -0.500001, -1.7013e-10, 0.36127, 0.0001
1520290298.3021922, -0.5, -1.7696e-10, 0.36131, 0.0001
1520290298.3480918, -0.500002, -1.5099e-10, 0.36141, 0.0001
1520290298.389923, -0.500001, -1.5945e-10, 0.36147, 0.0001
1520290298.431903, -0.500001, -1.6928e-10, 0.36144, 0.0001
1520290298.477568, -0.500002, -1.7905e-10, 0.3613, 0.0001
1520290298.519579, -0.5, -1.8099e-10, 0.36119, 0.0001
1520290298.588505, -0.500001, -1.2193e-10, 0.36079, 0.0001
1520290298.6343591, -0.500001, -1.5358e-10, 0.36092, 0.0001
1520290298.67636, -0.500001, -2.2101e-10, 0.36111, 0.0001
1520290298.7202718, -0.500001, -1.542e-10, 0.36088, 0.0001
1520290298.765901, -0.5, -2.0016e-10, 0.361, 0.0001
1520290298.8077319, -0.500001, -2.0479e-10, 0.36084, 0.0001
1520290298.849761, -0.500001, -3.2734e-10, 0.36112, 0.0001
1520290298.895454, -0.5, -4.0999e-10, 0.36106, 0.0001
1520290298.937692, -0.5, -3.2166e-10, 0.3609, 0.0001
1520290298.9798322, -0.5, -3.1733e-10, 0.36067, 0.0001
1520290299.025791, -0.500002, -2.2463e-10, 0.36055, 0.0001
1520290299.0913239, -0.5, -1.2599e-10, 0.36028, 0.0001
1520290299.133396, -0.5, -1.8285e-10, 0.36076, 0.0001
1520290299.179283, -0.500001, -9.627e-11, 0.36106, 0.0001
1520290299.2230442, -0.500001, -1.2294e-10, 0.36118, 0.0001
1520290299.2651362, -0.500001, -1.0685e-10, 0.36105, 0.0001
1520290299.3109949, -0.5, -1.0641e-10, 0.36097, 0.0001
1520290299.353272, -0.500001, -5.399e-11, 0.36115, 0.0001
1520290299.39523, -0.500001, -7.54e-11, 0.36114, 0.0001
1520290299.441087, -0.500001, -7.104e-11, 0.36107, 0.0001
1520290299.4833212, -0.500002, -6.776e-11, 0.36113, 0.0001
1520290299.525462, -0.5, -7.494e-11, 0.36096, 0.0001
1520290299.594312, -0.500001, -1.0369e-10, 0.36087, 0.0001
1520290299.636395, -0.5, -7.697e-11, 0.36103, 0.0001
1520290299.678366, -0.500001, -9.467e-11, 0.36065, 0.0001
1520290299.7265868, -0.500001, -1.0474e-10, 0.36084, 0.0001
1520290299.768655, -0.5, -1.2466e-10, 0.36107, 0.0001
1520290299.810598, -0.500001, -7.2e-11, 0.36079, 0.0001
1520290299.8565938, -0.500001, -7.57e-11, 0.36067, 0.0001
1520290299.898508, -0.5, -9.273e-11, 0.36059, 0.0001
1520290299.940635, -0.500001, -9.28e-11, 0.36054, 0.0001
1520290299.9861891, -0.500001, -9.931e-11, 0.36053, 0.0001
1520290300.028044, -0.500001, -1.0223e-10, 0.36071, 0.0001
1520290300.097017, -0.500001, -1.049e-10, 0.36065, 0.0001
1520290300.142883, -0.500001, -8.896e-11, 0.36056, 0.0001
1520290300.1851048, -0.500001, -7.373e-11, 0.3606, 0.0001
1520290300.2289212, -0.500001, -8.805e-11, 0.36055, 0.0001
1520290300.274765, -0.500001, -6.841e-11, 0.36045, 0.0001
1520290300.316818, -0.500001, -8.97e-11, 0.36049, 0.0001
1520290300.359086, -0.500002, -6.572e-11, 0.36079, 0.0001
1520290300.404872, -0.5, -6.063e-11, 0.36039, 0.0001
1520290300.446838, -0.500001, -5.818e-11, 0.36035, 0.0001
1520290300.488982, -0.500002, -7.272e-11, 0.36032, 0.0001
1520290300.5346801, -0.500001, -6.938e-11, 0.36014, 0.0001
1520290300.6004071, -0.5, -9.2e-11, 0.36009, 0.0001
1520290300.642376, -0.5, -6.485e-11, 0.36021, 0.0001
1520290300.690658, -0.500001, -5.699e-11, 0.36008, 0.0001
1520290300.732743, -0.5, -4.502e-11, 0.36041, 0.0001
1520290300.7748108, -0.5, -4.197e-11, 0.36023, 0.0001
1520290300.820822, -0.500001, -5.375e-11, 0.35999, 0.0001
1520290300.8629692, -0.5, -5.517e-11, 0.36001, 0.0001
1520290300.904819, -0.500001, -5.688e-11, 0.36006, 0.0001
1520290300.9507542, -0.500001, -5.617e-11, 0.36012, 0.0001
1520290300.992574, -0.5, -4.344e-11, 0.36009, 0.0001
1520290301.0346391, -0.5, -4.847e-11, 0.36, 0.0001
1520290301.103154, -0.500001, -5.42e-11, 0.36021, 0.0001
1520290301.145247, -0.500001, -5.679e-11, 0.36036, 0.0001
1520290301.187238, -0.500002, -4.504e-11, 0.36027, 0.0001
1520290301.235546, -0.500001, -4.855e-11, 0.36007, 0.0001
1520290301.2777019, -0.500001, -3.993e-11, 0.36015, 0.0001
1520290301.3198888, -0.500001, -6.683e-11, 0.36006, 0.0001
1520290301.366003, -0.500001, -7.312e-11, 0.36008, 0.0001
1520290301.407858, -0.500001, -4.229e-11, 0.36028, 0.0001
1520290301.449899, -0.500001, -4.133e-11, 0.36023, 0.0001
1520290301.495873, -0.5, -3.562e-11, 0.36013, 0.0001
1520290301.53779, -0.500002, -3.59e-12, 0.36007, 0.0001
1520290301.6059148, -0.5, -2.918e-11, 0.36013, 0.0001
1520290301.6516669, -0.5, -4.616e-11, 0.3604, 0.0001
1520290301.694019, -0.500002, -1.821e-11, 0.36059, 0.0001
1520290301.737795, -0.500001, -2.687e-11, 0.36054, 0.0001
1520290301.783775, -0.500001, -3.569e-11, 0.3605, 0.0001
1520290301.825653, -0.500001, -2.732e-11, 0.36023, 0.0001
1520290301.8678641, -0.500001, -4.615e-11, 0.36039, 0.0001
1520290301.9132328, -0.5, -7.767e-11, 0.36036, 0.0001
1520290301.954967, -0.5, -8.816e-11, 0.36033, 0.0001
1520290301.9967601, -0.500001, -7.558e-11, 0.36042, 0.0001
1520290302.0423748, -0.500001, -4.885e-11, 0.36052, 0.0001
1520290302.1086988, -0.5, -3.802e-11, 0.36028, 0.0001
1520290302.1505952, -0.500002, -7.301e-11, 0.36036, 0.0001
1520290302.196558, -0.500001, -8.459e-11, 0.36043, 0.0001
1520290302.2403488, -0.500002, -3.933e-11, 0.36066, 0.0001
1520290302.282411, -0.500002, -6.986e-11, 0.36068, 0.0001
1520290302.327894, -0.500002, -8.546e-11, 0.36062, 0.0001
1520290302.369985, -0.499999, -6.843e-11, 0.36055, 0.0001
1520290302.411766, -0.500001, -6.143e-11, 0.36072, 0.0001
1520290302.457769, -0.500001, -7.355e-11, 0.36051, 0.0001
1520290302.499829, -0.500001, -6.272e-11, 0.36005, 0.0001
1520290302.541806, -0.500001, -6.398e-11, 0.36037, 0.0001
1520290302.611712, -0.500001, -7.75e-11, 0.36027, 0.0001
1520290302.6537988, -0.500001, -7.486e-11, 0.36029, 0.0001
1520290302.696019, -0.500001, -5.499e-11, 0.36024, 0.0001
1520290302.744065, -0.5, -4.88e-11, 0.36041, 0.0001
1520290302.78614, -0.5, -2.661e-11, 0.3604, 0.0001
1520290302.828046, -0.5, -4.043e-11, 0.36019, 0.0001
1520290302.8701508, -0.499999, -5.22e-11, 0.36036, 0.0001
1520290302.9121122, -0.500001, -4.283e-11, 0.36034, 0.0001
1520290302.95401, -0.500002, -4.661e-11, 0.36036, 0.0001
1520290302.999983, -0.500001, -4.324e-11, 0.36043, 0.0001
1520290303.042304, -0.5, -5.241e-11, 0.36033, 0.0001
1520290303.084387, -0.500001, -5.638e-11, 0.36032, 0.0001
1520290303.1840389, -0.5, -3.802e-11, 0.36036, 0.0001
1520290303.233967, -0.500001, -4.279e-11, 0.36034, 0.0001
1520290303.275678, -0.500001, -6.45e-11, 0.36013, 0.0001
1520290303.321376, -0.500002, -3.288e-11, 0.36021, 0.0001
1520290303.363195, -0.500001, -4.829e-11, 0.36028, 0.0001
1520290303.405287, -0.500001, -3.496e-11, 0.36016, 0.0001
1520290303.450676, -0.5, -2.48e-11, 0.36022, 0.0001
1520290303.492384, -0.500002, -1.971e-11, 0.36028, 0.0001
1520290303.5342069, -0.500001, -3.487e-11, 0.36038, 0.0001
1520290303.5795279, -0.500001, -2.74e-11, 0.36033, 0.0001
1520290303.66594, -0.5, -2.372e-11, 0.36062, 0.0001
1520290303.708181, -0.500001, -1.737e-11, 0.36063, 0.0001
1520290303.7560918, -0.500001, -2.102e-11, 0.36032, 0.0001
1520290303.7979898, -0.5, -2.601e-11, 0.36041, 0.0001
1520290303.8397079, -0.500001, -2.664e-11, 0.36059, 0.0001
1520290303.885228, -0.500001, -2.435e-11, 0.36043, 0.0001
1520290303.927105, -0.500001, -1.77e-11, 0.35987, 0.0001
1520290303.969066, -0.500002, -2.094e-11, 0.36024, 0.0001
1520290304.0147042, -0.500001, -2.614e-11, 0.36021, 0.0001
1520290304.056629, -0.499999, -2.319e-11, 0.36051, 0.0001
1520290304.098479, -0.500001, -4.416e-11, 0.36019, 0.0001
1520290304.169127, -0.500001, -3.778e-11, 0.36042, 0.0001
1520290304.2110798, -0.500001, -3.453e-11, 0.36006, 0.0001
1520290304.25267, -0.500001, -6.877e-11, 0.3601, 0.0001
1520290304.298187, -0.500001, -4.231e-11, 0.35998, 0.0001
1520290304.34005, -0.500001, -5.99e-11, 0.36022, 0.0001
1520290304.381971, -0.500001, -5.299e-11, 0.36027, 0.0001
1520290304.4274912, -0.500001, -5.436e-11, 0.36006, 0.0001
1520290304.4692879, -0.500002, -5.702e-11, 0.36038, 0.0001
1520290304.511151, -0.500001, -3.653e-11, 0.36031, 0.0001
1520290304.5566761, -0.500001, -4.215e-11, 0.36033, 0.0001
1520290304.598449, -0.500001, -5.37e-11, 0.36008, 0.0001
1520290304.65219, -0.500001, -5.198e-11, 0.35998, 0.0001
1520290304.710575, -0.500001, -6.352e-11, 0.3603, 0.0001
1520290304.752474, -0.500001, -5.245e-11, 0.36023, 0.0001
1520290304.7942321, -0.500001, -3.092e-11, 0.36014, 0.0001
1520290304.839543, -0.500001, -4.438e-11, 0.36006, 0.0001
1520290304.881252, -0.500001, -4.241e-11, 0.36005, 0.0001
1520290304.922981, -0.500001, -6.147e-11, 0.36007, 0.0001
1520290304.968482, -0.500001, -4.8e-11, 0.36017, 0.0001
1520290305.01038, -0.500001, -5.049e-11, 0.3602, 0.0001
1520290305.052211, -0.500001, -3.814e-11, 0.36026, 0.0001
1520290305.097758, -0.500001, -3.967e-11, 0.36022, 0.0001
1520290305.1571999, -0.500001, -4.38e-11, 0.36021, 0.0001
1520290305.198962, -0.500001, -4.056e-11, 0.35994, 0.0001
1520290305.244716, -0.500001, -3.484e-11, 0.36011, 0.0001
1520290305.288126, -0.500001, -3.474e-11, 0.36021, 0.0001
1520290305.330569, -0.500001, -2.937e-11, 0.36005, 0.0001
1520290305.3761249, -0.500001, -3.766e-11, 0.36007, 0.0001
1520290305.4181418, -0.500001, -2.409e-11, 0.36022, 0.0001
1520290305.4599931, -0.500001, -2.832e-11, 0.36027, 0.0001
1520290305.5054169, -0.500001, -4.845e-11, 0.36035, 0.0001
1520290305.547154, -0.500002, -3.764e-11, 0.36041, 0.0001
1520290305.588916, -0.500001, -3.977e-11, 0.36047, 0.0001
1520290305.6600971, -0.500001, -5.547e-11, 0.36017, 0.0001
1520290305.7018318, -0.500001, -4.352e-11, 0.3599, 0.0001
1520290305.743807, -0.500002, -4.548e-11, 0.35998, 0.0001
1520290305.791612, -0.500001, -1.344e-11, 0.35992, 0.0001
1520290305.8339388, -0.500001, -3.415e-11, 0.35993, 0.0001
1520290305.898433, -0.500001, -2.79e-11, 0.35997, 0.0001
1520290305.944226, -0.5, -2.902e-11, 0.35987, 0.0001
1520290305.9864461, -0.500001, -3.508e-11, 0.35992, 0.0001
1520290306.028157, -0.500001, -2.645e-11, 0.35984, 0.0001
1520290306.0736609, -0.5, -3.887e-11, 0.35982, 0.0001
1520290306.115464, -0.5, -4.589e-11, 0.3598, 0.0001
1520290306.1817951, -0.5, -2.662e-11, 0.35986, 0.0001
1520290306.2275221, -0.500001, -2.71e-11, 0.35999, 0.0001
1520290306.269174, -0.500001, -4.001e-11, 0.36011, 0.0001
1520290306.3108149, -0.500001, -2.203e-11, 0.35991, 0.0001
1520290306.356341, -0.500001, -6.17e-12, 0.35994, 0.0001
1520290306.398032, -0.500001, -1.4e-11, 0.36017, 0.0001
1520290306.440005, -0.500001, -1.003e-11, 0.36023, 0.0001
1520290306.485462, -0.500002, 1.4e-13, 0.36033, 0.0001
1520290306.527206, -0.500001, -5.08e-12, 0.36026, 0.0001
1520290306.5689962, -0.500002, -3.62e-12, 0.36033, 0.0001
1520290306.6145658, -0.500001, -8.26e-12, 0.36009, 0.0001
1520290306.665867, -0.5, -8.59e-12, 0.36028, 0.0001
1520290306.720253, -0.5, -1.77e-11, 0.36054, 0.0001
1520290306.7662668, -0.500001, -2.196e-11, 0.36071, 0.0001
1520290306.808005, -0.500001, -4.85e-12, 0.36068, 0.0001
1520290306.849849, -0.500001, -1.627e-11, 0.36069, 0.0001
1520290306.895359, -0.500001, -2.04e-12, 0.36027, 0.0001
1520290306.937187, -0.500001, -1.353e-11, 0.3605, 0.0001
1520290306.978801, -0.500001, -2.08e-11, 0.36047, 0.0001
1520290307.0242639, -0.500001, 4.33e-12, 0.36039, 0.0001
1520290307.066425, -0.500001, -9.77e-12, 0.36026, 0.0001
1520290307.108375, -0.500001, -1.437e-11, 0.36038, 0.0001
1520290307.1709282, -0.499999, -8.95e-12, 0.36021, 0.0001
1520290307.2126532, -0.500001, -3.88e-12, 0.36014, 0.0001
1520290307.254554, -0.500001, -6.81e-12, 0.36006, 0.0001
1520290307.3027258, -0.500002, -6.75e-12, 0.36007, 0.0001
1520290307.34465, -0.5, -1.236e-11, 0.36016, 0.0001
1520290307.386452, -0.5, 8.21e-12, 0.35951, 0.0001
1520290307.431979, -0.5, -2.77e-12, 0.35981, 0.0001
1520290307.473598, -0.500001, -1.33e-11, 0.35985, 0.0001
1520290307.515296, -0.5, -1.178e-11, 0.36009, 0.0001
1520290307.561024, -0.500001, 6.01e-12, 0.35984, 0.0001
1520290307.6027122, -0.500001, -1.011e-11, 0.35963, 0.0001
1520290307.644573, -0.500001, -1.536e-11, 0.36007, 0.0001
1520290307.7429178, -0.500001, -2.384e-11, 0.36039, 0.0001
1520290307.7927182, -0.5, -4.48e-12, 0.36018, 0.0001
1520290307.834592, -0.500001, -8.79e-12, 0.3601, 0.0001
1520290307.880057, -0.5, -1.38e-11, 0.36023, 0.0001
1520290307.921858, -0.500002, -9.46e-12, 0.35997, 0.0001
1520290307.96371, -0.5, -1.758e-11, 0.35992, 0.0001
1520290308.008971, -0.500001, -8.92e-12, 0.36018, 0.0001
1520290308.050615, -0.500001, 8.02e-12, 0.35993, 0.0001
1520290308.0917912, -0.500001, -2.22e-12, 0.35994, 0.0001
1520290308.137321, -0.5, 4.87e-12, 0.36018, 0.0001
1520290308.223501, -0.500001, -7.02e-12, 0.36009, 0.0001
1520290308.265304, -0.500001, -1.091e-11, 0.36009, 0.0001
1520290308.313046, -0.500002, -6.79e-12, 0.35996, 0.0001
1520290308.35462, -0.5, -1.443e-11, 0.36009, 0.0001
1520290308.396242, -0.500001, -2.22e-11, 0.3601, 0.0001
1520290308.441781, -0.500001, -6.89e-12, 0.3599, 0.0001
1520290308.483894, -0.500001, -8.19e-12, 0.35986, 0.0001
1520290308.5256362, -0.500001, -1.558e-11, 0.36009, 0.0001
1520290308.571121, -0.499999, -1.841e-11, 0.35957, 0.0001
1520290308.612753, -0.500001, 4.83e-12, 0.35978, 0.0001
1520290308.6546938, -0.500001, -1.68e-11, 0.35973, 0.0001
1520290308.724344, -0.5, -5.26e-12, 0.35956, 0.0001
1520290308.766092, -0.500002, -1.671e-11, 0.35993, 0.0001
1520290308.807807, -0.500001, -1.609e-11, 0.35983, 0.0001
1520290308.853941, -0.500001, -1.32e-11, 0.360259, 0.0001
1520290308.895493, -0.5, -1.757e-11, 0.360291, 0.0001
1520290308.937234, -0.5, -2.446e-11, 0.360467, 0.0001
1520290308.983158, -0.500001, -5.75e-12, 0.360222, 0.0001
1520290309.024671, -0.500002, -9.56e-12, 0.360287, 0.0001
1520290309.066505, -0.500001, -7.08e-12, 0.360097, 0.0001
1520290309.111698, -0.500001, -3.25e-12, 0.360034, 0.0001
1520290309.1535392, -0.5, -1.296e-11, 0.360009, 0.0001
1520290309.222666, -0.500001, -2.804e-11, 0.360074, 0.0001
1520290309.268259, -0.500001, -2.284e-11, 0.360132, 0.0001
1520290309.3099918, -0.500001, -3.027e-11, 0.360234, 0.0001
1520290309.351802, -0.500002, -3.455e-11, 0.360209, 0.0001
1520290309.397248, -0.500001, -3.469e-11, 0.360216, 0.0001
1520290309.438955, -0.500002, -3.13e-11, 0.360144, 0.0001
1520290309.480711, -0.500001, -4.283e-11, 0.360398, 0.0001
1520290309.525886, -0.500001, -2.978e-11, 0.360033, 0.0001
1520290309.567517, -0.500001, -7.725e-11, 0.36013, 0.0001
1520290309.6090171, -0.500001, -2.948e-11, 0.360098, 0.0001
1520290309.7254882, -0.5, -1.15e-12, 0.1515149, 7.65305e-06
1520290309.7752562, -0.5, -2.41e-12, 0.1515152, 7.55432e-06
1520290309.8168619, -0.5, -2.41e-12, 0.1515152, 7.56077e-06
1520290309.8921988, -0.500001, 2.938e-11, -0.1515152, -4.34332e-06
1520290309.9336069, -0.500001, 3.165e-11, -0.1515149, -4.33939e-06
1520290309.975182, -0.500001, 3.08e-11, -0.1515152, -4.3503e-06
1520290310.053175, -0.499999, 2.0118e-10, -0.454547, -4.44275e-05
1520290310.094961, -0.500001, 7.693e-11, -0.454546, -4.41444e-05
1520290310.136435, -0.500002, 8.74e-11, -0.454545, -4.39458e-05
1520290310.216426, -0.499997, 2.2144e-10, -0.640333, -0.0001
1520290310.258098, -0.500007, 3.4515e-10, -0.639778, -0.0001
1520290310.2998772, -0.500005, 1.23559e-09, -0.640752, -0.0001
1520290310.348004, -0.499998, 6.4375e-10, -0.640573, -0.0001
1520290310.389802, -0.499998, 5.6724e-10, -0.640132, -0.0001
1520290310.4313788, -0.500004, 1.4747e-10, -0.640705, -0.0001
1520290310.47665, -0.5, 6.834e-11, -0.640982, -0.0001
1520290310.518304, -0.5, 7.62e-11, -0.641477, -0.0001
1520290310.5598562, -0.499997, 6.186e-11, -0.642318, -0.0001
1520290310.605522, -0.5, 1.187e-11, -0.641214, -0.0001
1520290310.6470778, -0.500002, 1.5299e-10, -0.640976, -0.0001
1520290310.688828, -0.500001, 1.19e-10, -0.642202, -0.0001
1520290310.762339, -0.499998, 1.0072e-10, -0.642466, -0.0001
1520290310.803969, -0.499996, 9.198e-11, -0.641921, -0.0001
1520290310.845984, -0.499998, 1.2411e-10, -0.642322, -0.0001
1520290310.891637, -0.499998, 6.059e-11, -0.64244, -0.0001
1520290310.933197, -0.499994, 1.1011e-10, -0.64242, -0.0001
1520290310.974945, -0.500007, 4.201e-11, -0.64223, -0.0001
1520290311.0203168, -0.5, 1.0183e-10, -0.64229, -0.0001
1520290311.061707, -0.5, 1.0936e-10, -0.6431, -0.0001
1520290311.1035259, -0.500004, 8.96e-11, -0.64351, -0.0001
1520290311.148488, -0.5, 9.065e-11, -0.64438, -0.0001
1520290311.190235, -0.500002, 1.1596e-10, -0.6444, -0.0001
1520290311.2561438, -0.500003, 1.004e-10, -0.64331, -0.0001
1520290311.3013172, -0.500002, 5.596e-11, -0.64421, -0.0001
1520290311.3431659, -0.499997, 4.196e-11, -0.64392, -0.0001
1520290311.384715, -0.500001, 7.449e-11, -0.6442, -0.0001
1520290311.4301598, -0.499998, 1.249e-10, -0.64417, -0.0001
1520290311.472171, -0.499999, 3.6288e-10, -0.64408, -0.0001
1520290311.514116, -0.500005, 1.668e-10, -0.6439, -0.0001
1520290311.559316, -0.500002, 1.4922e-10, -0.64446, -0.0001
1520290311.6009579, -0.499999, 1.0444e-10, -0.64417, -0.0001
1520290311.642698, -0.500002, -1.514e-11, -0.64258, -0.0001
1520290311.6878111, -0.499999, 3.533e-11, -0.64304, -0.0001
1520290311.7402859, -0.499999, 7.515e-11, -0.64336, -0.0001
1520290311.794624, -0.500001, 1.746e-10, -0.64409, -0.0001
1520290311.839966, -0.500004, 7.941e-11, -0.64356, -0.0001
1520290311.881624, -0.499997, 1.3143e-10, -0.64386, -0.0001
1520290311.9233348, -0.500003, 8.186e-11, -0.64397, -0.0001
1520290311.96858, -0.500002, 5.474e-11, -0.64354, -0.0001
1520290312.01042, -0.499999, 6.334e-11, -0.64378, -0.0001
1520290312.0520399, -0.500003, 9.954e-11, -0.6444, -0.0001
1520290312.0974028, -0.499999, 1.0426e-10, -0.64359, -0.0001
1520290312.1387992, -0.5, 7.006e-11, -0.6447, -0.0001
1520290312.180216, -0.499999, 2.395e-11, -0.64524, -0.0001
1520290312.245368, -0.500006, 3.365e-11, -0.64432, -0.0001
1520290312.287006, -0.500002, 1.1001e-10, -0.64497, -0.0001
1520290312.328703, -0.500001, 8.309e-11, -0.64538, -0.0001
1520290312.376949, -0.5, 1.4931e-10, -0.64582, -0.0001
1520290312.4187388, -0.5, 9.922e-11, -0.64587, -0.0001
1520290312.460577, -0.500001, 8.662e-11, -0.6455, -0.0001
1520290312.5057652, -0.499998, 6.908e-11, -0.64564, -0.0001
1520290312.547411, -0.500002, 1.591e-11, -0.64467, -0.0001
1520290312.588938, -0.5, 6.182e-11, -0.64533, -0.0001
1520290312.634287, -0.500002, 8.194e-11, -0.64537, -0.0001
1520290312.676029, -0.499999, 1.2868e-10, -0.64563, -0.0001
1520290312.717707, -0.500001, 1.0065e-10, -0.64578, -0.0001
1520290312.793172, -0.500005, -3.453e-11, -0.64392, -0.0001
1520290312.834938, -0.499998, 7.27e-12, -0.64475, -0.0001
1520290312.8766878, -0.500001, -6.54e-12, -0.64583, -0.0001
1520290312.922028, -0.500002, 3.793e-11, -0.64651, -0.0001
1520290312.963786, -0.500002, 4.51e-12, -0.64621, -0.0001
1520290313.0053408, -0.500002, 3.6e-11, -0.64578, -0.0001
1520290313.0506, -0.5, 1.221e-11, -0.64593, -0.0001
1520290313.092436, -0.499999, 1.717e-11, -0.64533, -0.0001
1520290313.134271, -0.499999, 4.928e-11, -0.64569, -0.0001
1520290313.179606, -0.500004, 1.702e-11, -0.64564, -0.0001
1520290313.2213938, -0.500004, 5.139e-11, -0.64511, -0.0001
1520290313.293706, -0.5, -2.5e-13, -0.64515, -0.0001
1520290313.339669, -0.500002, 5.991e-11, -0.64506, -0.0001
1520290313.3811378, -0.500001, 2.997e-11, -0.64584, -0.0001
1520290313.423143, -0.5, 8.68e-11, -0.64535, -0.0001
1520290313.4684951, -0.499998, 3.287e-11, -0.64495, -0.0001
1520290313.510106, -0.499999, 9.372e-11, -0.64567, -0.0001
1520290313.551923, -0.499996, 4.059e-11, -0.64595, -0.0001
1520290313.5972638, -0.499997, -2.41e-12, -0.64554, -0.0001
1520290313.638999, -0.5, 8.35e-12, -0.64564, -0.0001
1520290313.68064, -0.500004, 7.355e-11, -0.64556, -0.0001
1520290313.72624, -0.499996, 9.025e-11, -0.64605, -0.0001
1520290313.830216, -0.500002, 6.63e-11, -0.64568, -0.0001
1520290313.882869, -0.499998, 2.063e-11, -0.64614, -0.0001
1520290313.9284961, -0.500002, 2.677e-11, -0.64572, -0.0001
1520290313.970668, -0.500009, 3.049e-11, -0.6455, -0.0001
1520290314.0127501, -0.500002, 3.902e-11, -0.6455, -0.0001
1520290314.058445, -0.5, 5.62e-11, -0.64621, -0.0001
1520290314.1002, -0.499997, 3.194e-11, -0.64603, -0.0001
1520290314.142346, -0.500001, 5.361e-11, -0.64493, -0.0001
1520290314.187896, -0.499999, 3.219e-11, -0.64459, -0.0001
1520290314.2300959, -0.500002, 8.338e-11, -0.64482, -0.0001
1520290314.313552, -0.500003, 3.869e-11, -0.645, -0.0001
1520290314.3600461, -0.500004, 5.459e-11, -0.64557, -0.0001
1520290314.401942, -0.5, -1.506e-11, -0.64568, -0.0001
1520290314.443964, -0.500002, 2.813e-11, -0.64568, -0.0001
1520290314.489642, -0.500002, 2.226e-11, -0.6457, -0.0001
1520290314.5315351, -0.500001, 1.445e-11, -0.64589, -0.0001
1520290314.573864, -0.499997, 4.615e-11, -0.64562, -0.0001
1520290314.619373, -0.500001, 8.171e-11, -0.64578, -0.0001
1520290314.661202, -0.499998, 4.655e-11, -0.64632, -0.0001
1520290314.703074, -0.499999, 9.944e-11, -0.64602, -0.0001
1520290314.786311, -0.5, 7.345e-11, -0.64739, -0.0001
1520290314.828131, -0.5, -1.326e-11, -0.64567, -0.0001
1520290314.8703518, -0.499997, 3.343e-11, -0.64636, -0.0001
1520290314.9159691, -0.5, 3.803e-11, -0.64545, -0.0001
1520290314.958107, -0.500003, 4.595e-11, -0.64517, -0.0001
1520290315.000145, -0.5, 4.084e-11, -0.64527, -0.0001
1520290315.04568, -0.500002, 5.642e-11, -0.64651, -0.0001
1520290315.08757, -0.500002, -2e-12, -0.6459, -0.0001
1520290315.129426, -0.500003, 3.965e-11, -0.64533, -0.0001
1520290315.174849, -0.499999, 4.766e-11, -0.64591, -0.0001
1520290315.216653, -0.500003, 4.98e-11, -0.64651, -0.0001
1520290315.284841, -0.500002, 1.33e-11, -0.64618, -0.0001
1520290315.332942, -0.500002, -1.254e-11, -0.64673, -0.0001
1520290315.377138, -0.500003, 9.384e-11, -0.64624, -0.0001
1520290315.419065, -0.500001, 1.529e-11, -0.64592, -0.0001
1520290315.464824, -0.500001, -6.06e-12, -0.64571, -0.0001
1520290315.506892, -0.499999, 1.87e-12, -0.64563, -0.0001
1520290315.5487921, -0.500004, 4.454e-11, -0.64627, -0.0001
1520290315.5944269, -0.5, 7.055e-11, -0.64574, -0.0001
1520290315.636381, -0.5, -2.1e-13, -0.64624, -0.0001
1520290315.6783218, -0.499999, 3.835e-11, -0.64591, -0.0001
1520290315.723774, -0.500003, 1.412e-11, -0.6456, -0.0001
1520290315.790831, -0.500002, -5.84e-12, -0.64483, -0.0001
1520290315.832639, -0.499999, 3.957e-11, -0.6452, -0.0001
1520290315.8787122, -0.499999, 5.169e-11, -0.64546, -0.0001
1520290315.92078, -0.499999, 9.65e-12, -0.64541, -0.0001
1520290315.9627168, -0.5, 3.403e-11, -0.64575, -0.0001
1520290316.0081952, -0.5, 1.507e-11, -0.6454, -0.0001
1520290316.0500832, -0.500002, 5.31e-12, -0.64554, -0.0001
1520290316.091837, -0.500001, 4.618e-11, -0.6451, -0.0001
1520290316.1372821, -0.499997, 2.076e-11, -0.645, -0.0001
1520290316.179144, -0.499999, 2.339e-11, -0.64534, -0.0001
1520290316.2208672, -0.499999, -2.001e-11, -0.64499, -0.0001
1520290316.275093, -0.500001, -1.294e-11, -0.64407, -0.0001
1520290316.3307252, -0.500004, 7.53e-12, -0.64386, -0.0001
1520290316.372652, -0.500002, 7.866e-11, -0.64525, -0.0001
1520290316.418344, -0.500003, -2.04e-12, -0.64491, -0.0001
1520290316.460541, -0.500003, -3.783e-11, -0.6448, -0.0001
1520290316.502471, -0.500004, -1.648e-11, -0.64416, -0.0001
1520290316.547976, -0.500003, 4.048e-11, -0.64444, -0.0001
1520290316.59007, -0.499999, -1.817e-11, -0.64532, -0.0001
1520290316.6318731, -0.5, 3.854e-11, -0.64559, -0.0001
1520290316.67756, -0.500002, 2.66e-12, -0.64559, -0.0001
1520290316.7193658, -0.499997, -4.23e-12, -0.64581, -0.0001
1520290316.7803059, -0.499999, 9.03e-12, -0.64541, -0.0001
